OTU ID	SLCDTT145	SLCDTT146	SLCDTT147	SLCDTT151	SLCDTT152	SLCDTT153	SLCDTT157	SLCDTT158	SLCDTT159	SLCDTT163	SLCDTT164	SLCDTT165	SLCDTT169	SLCDTT170	SLCDTT171	SLCDTT175	SLCDTT176	SLCDTT177	SLCdtt001	SLCdtt002	SLCdtt003	SLCdtt007	SLCdtt008	SLCdtt009	SLCdtt013	SLCdtt014	SLCdtt015	SLCdtt019	SLCdtt020	SLCdtt021	SLCdtt025	SLCdtt026	SLCdtt027	SLCdtt031	SLCdtt032	SLCdtt033	SLCdtt037	SLCdtt038	SLCdtt039	SLCdtt043	SLCdtt044	SLCdtt045	SLCdtt049	SLCdtt050	SLCdtt051	SLCdtt055	SLCdtt056	SLCdtt057	SLCdtt061	SLCdtt062	SLCdtt063	SLCdtt067	SLCdtt068	SLCdtt069	SLCdtt073	SLCdtt074	SLCdtt075	SLCdtt079	SLCdtt080	SLCdtt081	SLCdtt085	SLCdtt086	SLCdtt087	SLCdtt091	SLCdtt092	SLCdtt093	SLCdtt097	SLCdtt098	SLCdtt099	SLCdtt103	SLCdtt104	SLCdtt105	SLCdtt109	SLCdtt110	SLCdtt111	SLCdtt115	SLCdtt116	SLCdtt117	SLCdtt121	SLCdtt122	SLCdtt123	SLCdtt127	SLCdtt128	SLCdtt129	SLCdtt133	SLCdtt134	SLCdtt135	SLCdtt139	SLCdtt140	SLCdtt141	taxonomy
k__Archaea;p__Halobacterota;c__Halobacteria;o__Halobacterales;f__Haloferacaceae;g__Halorubrum	26	0	0	0	0	0	0	0	0	0	0	0	0	0	0	0	0	0	0	0	0	0	0	0	0	0	0	0	0	0	0	0	0	0	0	0	0	0	0	0	0	0	0	0	0	0	0	0	0	0	0	0	0	0	0	0	0	0	0	0	0	0	0	0	0	0	0	0	0	0	0	0	0	0	0	0	0	0	0	0	0	0	0	0	0	0	0	0	0	0	
k__Archaea;p__Halobacterota;c__Halobacteria;o__Halobacterales;f__Haloferacaceae;g__Halovenus	0	0	0	0	0	0	6	0	0	0	0	0	0	0	0	0	0	0	0	0	0	0	0	0	0	0	0	0	0	0	0	0	0	0	0	0	0	0	0	0	0	0	0	0	0	0	0	0	0	0	0	0	0	0	0	0	0	0	0	0	0	0	0	0	0	0	0	0	0	0	0	0	0	0	0	0	0	0	0	0	0	0	0	0	0	0	0	0	0	0	
k__Bacteria;p__;c__;o__;f__;g__	0	0	0	0	0	0	0	0	0	0	0	0	0	0	0	0	0	0	0	0	0	0	0	0	0	0	0	0	0	0	0	0	0	0	0	0	0	0	0	0	2	0	0	0	0	0	0	0	0	0	0	0	0	0	0	0	0	0	0	0	0	0	0	0	0	0	0	0	0	0	0	0	0	0	0	0	0	0	0	0	0	0	0	0	0	0	0	0	0	0	
k__Bacteria;p__Acidobacteriota;c__Acidobacteriae;o__Paludibaculum;f__;g__	4	0	0	0	0	0	8	0	0	0	0	0	17	0	0	19	0	0	0	0	0	0	0	0	0	0	0	0	0	0	0	0	0	0	0	0	0	0	0	0	0	0	0	0	0	0	0	0	0	0	0	0	0	0	0	0	0	0	0	0	0	0	0	0	0	0	0	0	0	0	0	0	0	0	0	0	0	0	0	0	0	0	0	0	0	0	0	0	0	0	
k__Bacteria;p__Acidobacteriota;c__Blastocatellia;o__;f__;g__	0	0	0	0	0	0	0	0	0	8	0	0	14	0	0	12	0	0	0	0	0	0	0	0	0	0	0	0	0	0	0	0	0	0	0	0	0	0	0	0	0	0	0	0	0	0	0	0	0	0	0	0	0	0	0	0	0	0	0	0	0	0	0	0	0	0	0	0	0	0	0	0	0	0	0	0	0	0	0	0	0	0	0	0	0	0	0	0	0	0	
k__Bacteria;p__Acidobacteriota;c__Blastocatellia;o__Blastocatellales;f__Blastocatellaceae;g__	0	0	0	0	0	0	8	0	0	0	0	0	0	0	0	0	0	0	0	0	0	0	0	0	0	0	0	0	0	0	0	0	0	0	0	0	0	0	0	0	0	0	0	0	0	0	0	0	0	0	0	0	0	0	0	0	0	0	0	0	0	0	0	0	0	0	0	0	0	0	0	0	0	0	0	0	0	0	0	0	0	0	0	0	0	0	0	0	0	0	
k__Bacteria;p__Acidobacteriota;c__Vicinamibacteria;o__Vicinamibacterales;f__;g__	0	0	0	0	0	0	0	0	0	0	0	0	2	0	0	0	0	0	0	0	0	0	0	0	0	0	0	0	0	0	0	0	0	0	0	0	0	0	0	0	0	0	0	0	0	0	0	0	0	0	0	0	0	0	0	0	0	0	0	0	0	0	0	0	0	0	0	0	0	0	0	0	0	0	0	0	0	0	0	0	0	0	0	0	0	0	0	0	0	0	
k__Bacteria;p__Acidobacteriota;c__Vicinamibacteria;o__Vicinamibacterales;f__Vicinamibacteraceae;g__	0	0	0	0	0	0	0	0	0	23	0	0	0	0	0	0	0	0	0	0	0	0	0	0	0	0	0	0	0	0	0	0	0	0	0	0	0	0	0	0	0	0	0	0	0	0	0	0	0	0	0	0	0	0	0	0	0	0	0	0	0	0	0	0	0	0	0	0	0	0	0	0	0	0	0	0	0	0	0	0	0	0	0	0	0	0	0	0	0	0	
k__Bacteria;p__Actinobacteriota;c__Acidimicrobiia;o__Microtrichales;f__Ilumatobacteraceae;g__CL500-29 marine group	3	0	0	0	0	0	0	0	0	0	0	0	0	0	0	0	0	0	0	0	0	0	0	0	0	0	0	0	0	0	0	0	0	0	0	0	0	0	0	0	0	0	0	0	0	0	0	0	0	0	0	0	0	0	0	0	0	0	0	0	0	0	0	0	0	0	0	0	0	0	0	0	0	0	0	0	0	0	0	0	0	0	0	0	0	0	0	0	0	0	
k__Bacteria;p__Actinobacteriota;c__Actinobacteria;o__Actinomycetales;f__Actinomycetaceae;g__Actinomyces	92	0	0	0	0	0	0	0	0	0	0	0	0	0	0	0	0	0	0	0	0	0	0	0	0	0	0	0	0	0	0	0	0	0	0	0	0	0	0	0	0	0	0	0	0	0	0	0	0	0	0	0	0	0	0	0	0	0	0	0	0	0	0	0	0	0	0	0	0	0	0	0	0	0	0	0	0	0	0	0	0	0	0	0	0	0	0	0	0	0	
k__Bacteria;p__Actinobacteriota;c__Actinobacteria;o__Bifidobacteriales;f__Bifidobacteriaceae;g__Bifidobacterium	3937	303	1342	2382	917	866	2874	409	1291	1462	481	882	4635	698	2030	2392	119	146	63	159	211	0	103	83	11	33	305	14	36	39	42	5	43	143	104	0	0	0	0	0	0	11	0	24	0	0	0	0	0	0	0	55	0	27	0	0	0	20	0	0	0	0	0	24	0	0	372	0	0	5	0	0	135	0	0	608	0	158	0	0	0	9	10	26	6	0	0	125	9	17	
k__Bacteria;p__Actinobacteriota;c__Actinobacteria;o__Corynebacteriales;f__Corynebacteriaceae;g__Corynebacterium	99	0	0	0	0	0	9	0	0	171	0	0	16	0	0	0	0	0	0	0	0	0	0	0	0	0	0	0	0	0	0	0	0	0	0	0	0	0	0	0	0	0	0	0	0	0	0	0	0	0	0	0	0	0	0	0	0	0	0	0	0	0	0	0	0	0	0	0	0	0	0	0	0	0	0	0	0	0	0	0	0	0	0	0	0	0	0	0	0	0	
k__Bacteria;p__Actinobacteriota;c__Actinobacteria;o__Corynebacteriales;f__Mycobacteriaceae;g__Mycobacterium	0	0	0	0	0	0	0	0	0	9	0	0	0	0	0	0	0	0	0	0	0	0	0	0	0	0	0	0	0	0	0	0	0	0	0	0	28	0	0	0	0	0	0	0	0	0	0	0	23	0	0	37	0	0	0	0	0	0	0	0	0	0	0	0	0	0	0	0	0	0	0	0	0	0	0	0	0	0	0	0	0	0	0	0	0	0	0	0	0	0	
k__Bacteria;p__Actinobacteriota;c__Actinobacteria;o__Corynebacteriales;f__Nocardiaceae;g__Gordonia	0	0	0	0	0	0	0	0	0	0	0	0	0	0	0	3	0	0	0	0	0	0	0	0	0	0	0	0	0	0	0	0	0	0	0	0	0	0	0	0	0	0	0	0	0	0	0	0	0	0	0	0	0	0	0	0	0	0	0	0	0	0	0	0	0	0	0	0	0	0	0	0	0	0	0	0	0	0	0	0	0	0	0	0	0	0	0	0	0	0	
k__Bacteria;p__Actinobacteriota;c__Actinobacteria;o__Corynebacteriales;f__Nocardiaceae;g__Rhodococcus	42	0	0	0	0	0	0	0	0	16	0	0	87	0	0	30	0	4	0	0	0	0	0	0	0	0	0	0	0	0	0	0	0	0	0	0	0	0	0	0	0	0	0	0	0	0	0	0	0	0	0	0	0	0	0	0	0	0	0	0	0	0	0	0	0	0	0	0	0	0	0	0	0	0	0	0	0	0	0	0	0	0	0	0	0	0	0	3	0	0	
k__Bacteria;p__Actinobacteriota;c__Actinobacteria;o__Frankiales;f__Sporichthyaceae;g__Candidatus Planktophila	10	0	0	0	0	0	0	0	0	0	0	0	0	0	0	0	0	0	0	0	0	0	0	0	0	0	0	0	0	0	0	0	0	0	0	0	0	0	0	0	0	0	0	0	0	0	0	0	0	0	0	0	0	0	0	0	0	0	0	0	0	0	0	0	0	0	0	0	0	0	0	0	0	0	0	0	0	0	0	0	0	0	0	0	0	0	0	0	0	0	
k__Bacteria;p__Actinobacteriota;c__Actinobacteria;o__Frankiales;f__Sporichthyaceae;g__hgcI clade	6	0	0	0	0	0	0	0	0	0	0	0	0	0	0	0	0	0	0	0	0	0	0	0	0	0	0	0	0	0	4	0	0	0	0	0	0	0	0	0	0	0	0	0	0	0	0	0	0	0	0	0	0	0	0	0	0	0	0	0	0	0	0	0	0	0	0	0	0	0	0	0	0	0	0	0	0	0	0	0	0	0	0	0	0	0	0	0	0	0	
k__Bacteria;p__Actinobacteriota;c__Actinobacteria;o__Micrococcales;f__Dermabacteraceae;g__Brachybacterium	0	0	0	0	0	0	6	0	0	0	0	0	0	0	0	0	0	0	0	0	0	0	0	0	0	0	0	0	0	0	0	0	0	0	0	0	0	0	0	0	0	0	0	0	0	0	0	0	0	0	0	0	0	0	0	0	0	0	0	0	0	0	0	0	0	0	0	0	0	0	0	0	0	0	0	0	0	0	0	0	0	0	0	0	0	0	0	0	0	0	
k__Bacteria;p__Actinobacteriota;c__Actinobacteria;o__Micrococcales;f__Intrasporangiaceae;g__Knoellia	0	0	0	0	0	0	13	0	0	0	0	0	0	0	0	0	0	0	0	0	0	0	0	0	0	0	0	0	0	0	0	0	0	0	0	0	0	0	0	0	0	0	0	0	0	0	0	0	0	0	0	0	0	0	0	0	0	0	0	0	0	0	0	0	0	0	0	0	0	0	0	0	0	0	0	0	0	0	0	0	0	0	0	0	0	0	0	0	0	0	
k__Bacteria;p__Actinobacteriota;c__Actinobacteria;o__Micrococcales;f__Microbacteriaceae;g__Curtobacterium	0	0	0	0	0	0	0	0	0	0	0	0	0	0	0	0	0	0	0	0	0	0	0	0	0	0	0	0	0	0	0	0	0	0	0	0	0	0	0	0	0	0	0	0	0	0	0	0	0	0	0	7	0	0	0	0	0	0	0	0	0	0	0	0	0	0	0	0	0	0	0	0	0	0	0	0	0	0	0	0	0	0	0	0	0	0	0	0	0	0	
k__Bacteria;p__Actinobacteriota;c__Actinobacteria;o__Micrococcales;f__Micrococcaceae;g__Kocuria	26	0	0	0	0	0	0	0	0	0	0	0	0	0	0	0	0	0	0	0	0	0	0	0	0	0	0	0	0	0	0	0	0	0	0	0	0	0	0	0	0	0	0	0	0	0	0	0	0	0	0	0	0	0	0	0	0	0	0	0	0	0	0	0	0	0	0	0	0	0	0	0	0	0	0	0	0	0	0	0	0	0	0	0	0	0	0	0	0	0	
k__Bacteria;p__Actinobacteriota;c__Actinobacteria;o__Micrococcales;f__Micrococcaceae;g__Micrococcus	4	0	0	0	0	0	0	0	0	0	0	0	0	0	0	11	0	0	0	0	0	0	0	0	0	0	0	0	0	0	0	0	0	0	0	0	0	0	0	0	0	0	0	0	0	0	0	0	0	0	0	0	0	0	0	0	0	0	0	0	0	0	0	0	0	0	0	0	0	0	0	0	0	0	0	0	0	0	0	0	0	0	0	0	0	0	0	0	0	0	
k__Bacteria;p__Actinobacteriota;c__Actinobacteria;o__Micrococcales;f__Micrococcaceae;g__Rothia	0	0	0	6	0	0	0	0	0	0	0	0	0	0	0	0	0	0	0	0	0	0	0	0	0	0	0	0	0	0	0	0	0	0	0	0	0	0	0	0	0	0	0	0	0	0	0	0	0	0	0	0	0	0	0	0	0	0	0	0	0	0	0	0	0	0	0	0	0	0	0	0	0	0	0	0	0	0	0	0	0	0	0	0	0	0	0	0	0	0	
k__Bacteria;p__Actinobacteriota;c__Coriobacteriia;o__Coriobacteriales;f__Atopobiaceae;g__Coriobacteriaceae UCG-002	4296	671	2221	1484	1494	3058	1603	587	1021	2292	1571	5890	1991	1509	2453	3811	217	265	107	561	835	229	608	1434	406	126	22233	111	349	246	294	294	855	554	595	230	90	5	11	0	158	34	0	91	45	19	0	13	45	832	815	131	26	128	0	13	0	56	15	10	0	0	0	19	0	68	40	14	33	31	0	12	433	336	289	295	38	378	56	41	222	0	242	370	60	14	31	196	47	221	
k__Bacteria;p__Actinobacteriota;c__Coriobacteriia;o__Coriobacteriales;f__Atopobiaceae;g__Olsenella	0	0	0	0	0	0	0	0	0	0	0	0	0	0	0	0	0	0	0	0	0	0	0	0	0	0	0	0	0	0	0	0	0	0	0	0	0	0	0	0	0	0	0	0	0	0	0	0	0	0	0	0	0	0	0	0	0	0	0	0	0	0	0	0	0	6	0	0	0	0	0	0	0	0	0	0	0	0	0	0	0	0	0	0	0	0	0	0	0	0	
k__Bacteria;p__Actinobacteriota;c__Coriobacteriia;o__Coriobacteriales;f__Coriobacteriales Incertae Sedis;g__	31	12	38	50	43	53	61	26	58	14	0	0	0	0	0	23	0	15	0	0	0	0	0	0	0	0	0	0	0	0	10	0	0	0	0	0	0	0	0	0	0	0	0	0	0	0	0	0	0	0	0	0	0	0	0	0	0	0	0	0	0	0	7	0	0	0	6	0	0	0	0	0	0	0	0	0	0	0	0	0	0	0	0	0	0	0	0	0	0	0	
k__Bacteria;p__Actinobacteriota;c__Coriobacteriia;o__Coriobacteriales;f__Eggerthellaceae;g__	201	33	74	87	149	154	103	73	100	183	99	129	39	83	58	449	73	40	0	4	0	0	8	0	0	0	14	0	7	0	0	17	20	0	0	6	0	0	0	0	0	0	0	0	0	0	0	0	0	0	0	0	0	0	0	0	0	0	0	0	0	0	0	0	0	0	0	0	0	0	0	0	11	0	0	0	0	0	0	0	0	0	0	0	0	0	0	0	0	0	
k__Bacteria;p__Actinobacteriota;c__Coriobacteriia;o__Coriobacteriales;f__Eggerthellaceae;g__Enterorhabdus	259	51	173	118	280	272	257	162	326	334	306	433	226	435	260	759	163	110	0	0	0	0	21	10	0	0	240	0	53	8	10	47	54	19	24	10	21	23	39	0	53	14	0	43	25	5	0	5	16	70	32	0	0	0	0	52	0	5	5	9	0	0	46	0	13	9	0	0	12	21	0	14	0	15	7	2	0	0	0	0	7	0	35	0	0	25	0	27	0	0	
k__Bacteria;p__Actinobacteriota;c__Coriobacteriia;o__Coriobacteriales;f__Eggerthellaceae;g__Gordonibacter	0	0	0	0	0	0	0	0	0	0	0	0	0	0	0	0	0	0	0	0	0	0	0	0	0	0	22	0	0	0	0	0	0	0	0	0	0	0	0	0	0	0	0	0	0	0	0	0	0	0	0	0	0	0	0	0	0	0	0	0	0	0	0	0	0	0	0	0	0	0	0	0	0	4	0	0	0	0	0	0	3	0	0	0	0	0	0	0	0	0	
k__Bacteria;p__Actinobacteriota;c__Coriobacteriia;o__Coriobacteriales;f__Eggerthellaceae;g__Parvibacter	0	0	0	0	10	0	0	0	0	0	0	0	0	0	0	0	0	0	0	0	0	0	0	0	0	0	0	0	0	0	0	0	0	0	0	0	0	0	0	0	0	0	0	0	0	0	0	0	0	0	0	0	0	0	0	0	2	0	0	0	0	0	0	0	0	0	0	0	0	0	0	0	0	0	0	0	0	0	0	0	0	0	0	0	0	0	0	0	0	0	
k__Bacteria;p__Aquificota;c__Aquificae;o__Aquificales;f__Aquificaceae;g__Hydrogenobacter	2	0	0	0	0	0	0	0	0	0	0	0	0	0	0	0	0	0	0	0	0	0	0	0	0	0	0	0	0	0	0	0	0	0	0	0	0	0	0	0	0	0	0	0	0	0	0	0	0	0	0	0	0	0	0	0	0	0	0	0	0	0	0	0	0	0	0	0	0	0	0	0	0	0	0	0	0	0	0	0	0	0	0	0	0	0	0	0	0	0	
k__Bacteria;p__Bacteroidota;c__Bacteroidia;o__Bacteroidales;f__;g__	0	0	0	0	0	0	17	0	0	0	0	0	0	0	0	0	0	0	0	0	0	0	0	0	0	0	0	0	0	0	0	0	0	0	0	0	0	0	0	0	0	0	0	0	0	0	0	0	0	0	0	0	0	0	0	0	0	0	0	0	0	0	0	0	0	0	0	0	0	0	0	0	0	0	0	0	0	0	0	0	0	0	0	0	0	0	0	0	0	0	
k__Bacteria;p__Bacteroidota;c__Bacteroidia;o__Bacteroidales;f__Bacteroidaceae;g__Bacteroides	916	360	1873	1726	2435	3631	3383	959	2716	8357	1077	2722	2401	1162	1280	5593	1413	4780	158	201	305	571	506	413	71	50	928	72	121	98	440	399	474	215	483	156	423	179	254	0	318	75	0	159	268	120	58	84	38	1067	397	206	130	270	0	154	46	288	32	26	0	0	43	60	84	167	1722	170	332	693	0	64	182	138	120	104	15	83	193	44	320	22	137	252	483	313	356	93	44	157	
k__Bacteria;p__Bacteroidota;c__Bacteroidia;o__Bacteroidales;f__Barnesiellaceae;g__Barnesiella	0	0	0	0	0	0	0	0	0	0	0	0	0	0	0	0	0	0	0	0	0	0	0	0	0	0	0	40	0	0	0	0	0	0	0	0	0	0	0	0	0	0	0	0	0	0	0	2	0	0	0	0	0	0	0	0	0	0	0	0	0	0	0	4	0	0	67	0	0	0	0	0	0	0	0	0	0	0	0	0	0	0	0	0	0	0	0	0	0	0	
k__Bacteria;p__Bacteroidota;c__Bacteroidia;o__Bacteroidales;f__Barnesiellaceae;g__Coprobacter	0	0	0	0	0	0	0	0	0	0	0	0	0	0	0	0	0	0	0	0	0	0	0	0	0	0	0	0	0	0	0	0	0	0	0	0	0	0	0	0	0	0	0	0	0	0	0	0	0	0	0	10	0	0	0	0	0	0	0	0	0	0	0	0	0	0	8	0	0	0	0	0	0	0	0	0	0	0	0	0	0	0	0	0	0	0	0	0	0	0	
k__Bacteria;p__Bacteroidota;c__Bacteroidia;o__Bacteroidales;f__Marinifilaceae;g__Odoribacter	64	55	250	9	43	42	201	166	300	135	192	295	167	322	294	213	75	183	12	56	48	32	99	80	41	32	367	60	43	28	33	134	236	48	73	37	125	125	179	0	51	21	0	82	49	0	15	45	0	241	91	10	23	55	0	237	80	50	97	109	0	0	64	7	52	75	29	19	19	35	0	42	31	43	44	22	15	71	27	8	28	0	44	34	32	76	88	28	10	38	
k__Bacteria;p__Bacteroidota;c__Bacteroidia;o__Bacteroidales;f__Muribaculaceae;g__	28726	19115	81059	66533	111535	97731	138449	48327	158484	97693	52885	129303	163846	58267	115849	177975	52752	59995	3569	7204	8306	19186	12092	8327	5150	3516	109897	9067	5711	7130	15346	14244	18785	16374	28944	11355	12717	7010	16906	84	27358	5243	0	20300	32115	4128	1105	3200	1056	79549	8700	11446	9600	9992	6	17830	5695	19931	2512	1734	0	23	2245	920	1145	7314	3875	5270	13226	19501	15	1637	13456	6378	3784	6706	686	3915	5028	1772	11206	149	11571	24679	16205	7080	14613	9763	1338	6004	
k__Bacteria;p__Bacteroidota;c__Bacteroidia;o__Bacteroidales;f__Muribaculaceae;g__Muribaculum	1705	1112	4462	2224	3043	3409	6547	2024	6497	3838	1755	5128	5202	1826	4218	3621	721	1232	154	320	285	707	504	321	193	111	2935	271	168	165	528	338	529	487	1061	427	571	199	526	0	1072	263	0	327	700	85	23	61	87	1821	363	398	188	405	0	730	253	618	88	71	0	0	72	36	80	300	260	390	1032	1472	0	98	511	284	191	241	19	179	280	78	359	23	361	588	842	471	712	383	94	375	
k__Bacteria;p__Bacteroidota;c__Bacteroidia;o__Bacteroidales;f__Porphyromonadaceae;g__Porphyromonas	0	0	0	0	0	0	0	0	0	8	0	0	0	0	0	0	0	0	0	0	0	0	0	0	0	0	0	0	0	0	0	0	0	0	0	0	0	0	0	0	0	0	0	0	0	0	0	0	0	0	0	0	0	0	0	0	0	0	0	0	0	0	0	0	0	0	0	0	0	0	0	0	0	0	0	0	0	0	0	0	0	0	0	0	0	0	0	0	0	0	
k__Bacteria;p__Bacteroidota;c__Bacteroidia;o__Bacteroidales;f__Prevotellaceae;g__Paraprevotella	0	0	0	7	0	0	10	0	0	0	0	0	0	0	0	0	0	0	0	0	0	0	0	0	0	0	0	0	0	0	0	0	0	0	0	0	0	0	0	0	0	0	0	0	0	15	8	0	0	0	0	0	0	0	0	0	0	0	2	0	0	0	0	0	0	0	0	0	0	0	0	0	0	0	0	0	0	0	0	0	0	0	0	0	0	0	0	0	0	0	
k__Bacteria;p__Bacteroidota;c__Bacteroidia;o__Bacteroidales;f__Prevotellaceae;g__Prevotella_7	0	0	0	8	0	0	0	0	0	0	0	0	27	0	0	0	0	0	0	0	0	0	0	0	0	0	0	0	0	0	0	0	0	0	0	0	0	0	0	0	0	0	0	0	0	0	0	0	0	0	0	0	0	0	0	0	0	0	0	0	0	0	0	0	0	0	0	0	0	0	0	0	0	0	0	0	0	0	0	0	0	0	0	0	0	0	0	0	0	0	
k__Bacteria;p__Bacteroidota;c__Bacteroidia;o__Bacteroidales;f__Prevotellaceae;g__Prevotella_9	184	0	8	10	26	8	49	13	18	335	15	18	24	14	16	25	0	0	0	0	0	0	0	0	0	0	0	0	0	0	0	0	0	0	0	0	0	0	0	0	0	0	0	0	0	0	0	0	0	0	0	0	0	0	0	0	0	0	0	0	0	0	0	0	0	0	0	0	0	0	0	0	0	0	0	0	0	0	0	0	0	0	0	0	0	0	0	0	0	0	
k__Bacteria;p__Bacteroidota;c__Bacteroidia;o__Bacteroidales;f__Prevotellaceae;g__Prevotellaceae NK3B31 group	0	0	0	0	0	0	0	0	0	61	0	0	0	0	0	0	0	0	0	0	0	0	0	0	0	0	0	0	0	0	0	0	0	0	0	0	0	0	0	0	0	0	0	0	0	0	0	0	0	0	0	0	0	0	0	0	0	0	0	0	0	0	0	0	0	0	0	0	0	0	0	0	0	0	0	0	0	0	0	0	0	0	0	0	0	0	0	0	0	0	
k__Bacteria;p__Bacteroidota;c__Bacteroidia;o__Bacteroidales;f__Prevotellaceae;g__Prevotellaceae UCG-001	0	0	0	0	0	0	0	0	0	161	0	0	0	0	0	0	0	0	0	0	0	0	0	0	0	0	0	0	0	0	0	0	0	0	0	0	0	0	0	0	0	0	0	0	0	0	0	0	0	0	0	0	0	0	0	0	0	0	0	0	0	0	0	0	0	0	0	0	0	0	0	0	0	0	0	0	0	0	0	0	0	0	0	0	0	0	0	0	0	0	
k__Bacteria;p__Bacteroidota;c__Bacteroidia;o__Bacteroidales;f__Rikenellaceae;g__Alistipes	485	407	1038	648	2098	1329	1479	1029	2041	1785	2051	2035	354	942	630	1533	656	1583	142	871	457	434	757	674	220	48	938	10	150	57	34	80	83	31	100	27	96	278	197	0	147	41	0	118	96	77	269	340	7	465	45	47	123	198	0	629	121	78	121	68	0	7	134	64	620	1055	72	121	108	318	0	82	98	242	213	37	48	71	86	32	73	7	214	143	37	64	64	35	28	45	
k__Bacteria;p__Bacteroidota;c__Bacteroidia;o__Bacteroidales;f__Rikenellaceae;g__Rikenella	103	176	490	130	662	466	979	856	1593	277	1083	825	244	1343	484	507	376	284	11	110	50	61	231	96	40	16	183	0	0	0	0	28	30	20	23	12	7	9	12	0	0	0	0	0	0	0	13	39	2	55	12	0	31	56	0	0	0	6	0	0	0	0	0	0	9	60	4	15	0	65	0	32	12	0	31	0	0	0	28	0	25	0	32	0	45	40	30	0	0	0	
k__Bacteria;p__Bacteroidota;c__Bacteroidia;o__Bacteroidales;f__Rikenellaceae;g__Rikenellaceae RC9 gut group	747	447	3282	525	1129	1442	1421	327	1196	2319	477	1619	443	173	285	1539	356	1985	22	61	76	62	43	28	0	0	126	7	19	11	59	45	89	47	68	19	70	51	95	0	110	16	0	26	76	14	0	0	0	102	33	28	0	29	0	15	10	52	0	0	0	0	0	0	0	51	0	18	36	132	0	34	40	7	0	20	0	14	25	0	35	0	10	48	84	72	94	40	18	50	
k__Bacteria;p__Bacteroidota;c__Bacteroidia;o__Bacteroidales;f__Tannerellaceae;g__Parabacteroides	806	533	3653	1418	2157	2654	2104	493	1687	5451	448	991	727	306	282	2601	533	3549	67	176	148	837	505	412	37	73	422	177	252	231	869	938	1031	191	585	192	297	89	226	0	502	141	0	101	346	140	22	0	5	1159	328	166	91	295	0	0	0	74	0	0	0	0	0	27	31	106	204	121	490	510	0	14	230	135	68	0	0	10	127	70	385	0	17	57	81	65	15	88	42	217	
k__Bacteria;p__Bacteroidota;c__Bacteroidia;o__Chitinophagales;f__Chitinophagaceae;g__Thermoflavifilum	49	0	0	5	0	0	6	0	0	0	0	0	23	0	0	28	0	0	0	0	0	0	0	0	0	0	0	0	0	0	0	0	0	0	0	0	0	0	0	0	0	0	0	0	0	0	0	0	0	0	0	0	0	0	0	0	0	0	0	0	0	0	0	0	0	0	0	0	0	0	0	0	0	0	0	0	0	0	0	0	0	0	0	0	0	0	0	0	0	0	
k__Bacteria;p__Bacteroidota;c__Bacteroidia;o__Cytophagales;f__Hymenobacteraceae;g__Hymenobacter	0	0	0	0	0	0	0	0	0	0	0	0	0	0	0	0	0	0	0	0	0	0	0	0	0	0	0	0	0	0	0	0	0	0	0	0	0	0	0	0	0	0	0	0	0	0	0	0	0	0	0	2	0	0	0	0	0	0	0	0	0	0	0	0	0	0	0	0	0	0	0	0	0	0	0	0	0	0	0	0	0	0	0	0	0	0	0	0	0	0	
k__Bacteria;p__Bacteroidota;c__Bacteroidia;o__Flavobacteriales;f__Flavobacteriaceae;g__Imtechella	0	0	0	0	0	0	0	0	0	0	0	0	0	0	0	0	0	0	0	0	0	0	0	0	0	0	0	0	0	0	0	0	0	0	0	0	0	0	0	0	0	0	0	0	0	0	0	0	0	0	0	12	0	0	0	0	0	0	0	0	0	0	0	0	0	0	16	0	0	0	0	0	0	0	0	0	0	0	0	0	0	0	0	0	0	0	0	0	0	0	
k__Bacteria;p__Bacteroidota;c__Bacteroidia;o__Flavobacteriales;f__Weeksellaceae;g__Chryseobacterium	19	0	0	0	0	0	0	0	0	0	0	0	17	0	0	13	0	0	0	0	0	0	0	0	0	0	0	0	0	0	0	0	0	0	0	0	0	0	0	0	0	0	0	0	0	0	0	0	0	0	0	0	0	0	0	0	0	0	0	0	0	0	0	0	0	0	0	0	0	0	0	0	15	0	0	0	0	0	0	0	0	0	0	0	0	0	0	0	0	0	
k__Bacteria;p__Bacteroidota;c__Bacteroidia;o__Sphingobacteriales;f__env.OPS 17;g__	72	0	0	23	0	5	38	0	0	408	4	0	48	0	0	25	0	5	0	0	0	0	0	0	0	0	0	0	0	0	0	0	0	0	0	0	0	0	0	0	0	0	0	0	0	0	0	0	0	0	0	0	0	0	0	0	0	0	0	0	0	0	0	0	0	0	0	0	0	0	0	0	0	0	0	0	0	0	0	0	0	0	0	0	0	0	0	0	0	0	
k__Bacteria;p__Bacteroidota;c__Kapabacteria;o__Kapabacteriales;f__;g__	129	0	0	25	0	0	32	0	0	228	4	0	30	0	0	86	0	0	0	0	0	0	0	0	0	0	0	0	0	0	0	0	0	0	0	0	0	0	0	0	0	0	0	0	0	0	0	0	0	0	0	0	0	0	0	0	0	0	0	0	0	0	0	0	0	0	0	0	0	0	0	0	0	0	0	0	0	0	0	0	0	0	0	0	0	0	0	0	0	0	
k__Bacteria;p__Chloroflexi;c__Chloroflexia;o__Thermomicrobiales;f__JG30-KF-CM45;g__	0	0	0	0	0	0	0	0	0	0	0	0	0	0	0	0	0	0	0	0	0	0	0	0	0	0	0	0	0	0	0	0	0	0	0	0	0	0	0	0	0	0	0	0	0	0	0	0	0	0	0	0	0	0	0	0	0	0	0	0	0	0	0	2	0	0	0	0	0	0	0	0	0	0	0	0	0	0	0	0	0	0	0	0	0	0	0	0	0	0	
k__Bacteria;p__Cyanobacteria;c__Cyanobacteriia;o__Chloroplast;f__;g__	0	0	0	0	0	0	2	0	4	4647	55	0	270	0	0	0	0	0	0	0	0	0	0	0	0	0	0	0	0	0	0	0	0	0	0	0	0	0	0	0	0	0	0	0	0	0	0	0	0	0	0	0	0	0	0	0	0	0	0	0	0	0	0	0	0	0	0	0	0	0	0	0	0	0	0	0	0	0	0	0	0	0	0	0	0	0	0	0	0	0	
k__Bacteria;p__Cyanobacteria;c__Vampirivibrionia;o__Gastranaerophilales;f__;g__	1111	299	333	158	1002	328	307	365	865	493	398	407	272	226	382	524	281	194	27	182	179	260	268	174	52	26	369	0	120	63	80	105	123	12	29	55	74	203	142	2	59	19	0	27	31	19	69	98	7	239	43	9	24	42	0	141	30	0	67	37	0	0	134	9	83	73	17	0	12	21	0	11	50	89	98	23	26	59	16	36	62	0	28	9	4	26	32	10	36	113	
k__Bacteria;p__Cyanobacteria;c__Vampirivibrionia;o__Obscuribacterales;f__Obscuribacteraceae;g__	0	0	0	0	0	0	0	0	0	0	0	0	22	0	0	0	0	0	0	0	0	0	0	0	0	0	0	0	0	0	0	0	0	0	0	0	0	0	0	0	0	0	0	0	0	0	0	0	0	0	0	0	0	0	0	0	0	0	0	0	0	0	0	0	0	0	0	0	0	0	0	0	0	0	0	0	0	0	0	0	0	0	0	0	0	0	0	0	0	0	
k__Bacteria;p__Deferribacterota;c__Deferribacteres;o__Deferribacterales;f__Deferribacteraceae;g__Mucispirillum	104	0	0	0	0	0	0	0	0	173	0	0	0	0	0	0	0	0	0	0	0	0	0	0	0	36	12	21	2	0	5994	0	0	0	0	0	28	0	0	0	0	0	0	0	0	11	8	0	9	0	0	35	0	4	0	6	0	0	0	0	0	0	3	12	14	0	6	0	0	0	0	0	0	0	0	0	0	0	0	0	0	0	0	0	0	0	0	0	0	0	
k__Bacteria;p__Deinococcota;c__Deinococci;o__Thermales;f__Thermaceae;g__Meiothermus	933	0	0	84	0	8	94	0	4	890	11	0	140	5	0	313	0	0	0	0	0	0	0	0	0	0	0	0	0	0	0	0	0	0	0	0	0	0	0	0	0	0	0	0	0	0	0	0	0	0	0	0	0	0	0	0	0	0	0	0	0	0	0	0	0	0	0	0	0	0	0	0	0	0	0	0	0	0	0	0	0	0	0	0	0	0	0	0	0	0	
k__Bacteria;p__Deinococcota;c__Deinococci;o__Thermales;f__Thermaceae;g__Thermus	0	0	0	0	0	0	0	0	0	9	0	0	0	0	0	5	0	0	0	0	0	0	0	0	0	0	0	0	0	0	0	0	0	0	0	0	0	0	0	0	0	0	0	0	0	0	0	0	0	0	0	0	0	0	0	0	0	0	0	0	0	0	0	0	0	0	0	0	0	0	0	0	0	0	0	0	0	0	0	0	0	0	0	0	0	0	0	0	0	0	
k__Bacteria;p__Desulfobacterota;c__Desulfovibrionia;o__Desulfovibrionales;f__Desulfovibrionaceae;g__	0	0	0	0	0	0	0	0	0	0	0	0	0	0	0	0	0	0	0	0	0	0	0	0	0	0	0	0	0	0	0	0	0	0	0	0	0	0	0	0	0	0	0	0	0	0	0	0	0	0	0	0	0	0	0	0	0	0	0	0	0	0	0	7	0	0	0	0	0	0	0	0	0	0	0	0	0	0	0	0	0	0	0	0	0	0	0	0	0	0	
k__Bacteria;p__Desulfobacterota;c__Desulfovibrionia;o__Desulfovibrionales;f__Desulfovibrionaceae;g__Bilophila	83	61	202	8	199	187	236	433	518	234	95	87	62	247	191	238	137	759	6	107	80	36	148	143	61	9	473	0	70	74	45	69	354	23	24	81	191	119	464	2	200	96	0	116	140	4	21	250	15	358	286	18	32	123	0	0	0	16	0	0	0	0	0	23	102	335	37	88	175	28	0	90	23	26	74	14	36	173	11	16	48	0	50	14	19	30	19	0	48	71	
k__Bacteria;p__Desulfobacterota;c__Desulfovibrionia;o__Desulfovibrionales;f__Desulfovibrionaceae;g__Desulfovibrio	4407	1496	3502	1233	9525	4854	3442	12352	8137	4776	6106	4867	1397	6445	3514	8341	7004	1693	39	493	137	236	710	228	1387	137	3227	100	976	943	324	607	2526	201	241	571	1080	700	1279	23	227	65	0	300	410	114	246	6210	96	619	1723	143	557	6567	0	1158	567	130	169	548	0	6	1739	107	283	6319	195	505	1474	332	0	515	548	340	1143	138	302	1342	233	343	621	30	656	138	1249	725	621	513	233	361	
k__Bacteria;p__Firmicutes;c__;o__;f__;g__	0	0	0	0	0	0	0	0	0	0	0	0	0	0	4	0	0	0	0	0	0	0	0	0	0	0	0	0	0	0	0	0	0	0	0	0	0	0	0	0	0	0	0	0	0	0	0	0	0	0	0	0	0	0	0	0	0	0	0	0	0	0	0	0	0	0	0	0	0	0	0	0	0	0	0	0	0	0	0	0	0	0	0	0	0	0	0	0	0	0	
k__Bacteria;p__Firmicutes;c__Bacilli;o__;f__;g__	0	0	0	0	0	0	0	0	0	0	0	0	0	0	0	0	0	0	0	0	0	0	18	0	0	23	0	47	0	0	18	0	0	18	0	0	24	0	0	0	0	0	0	0	0	0	0	0	0	0	0	0	0	0	0	0	0	0	0	0	0	0	0	0	0	0	0	0	0	0	0	0	0	0	0	0	0	0	0	0	0	0	0	0	0	0	0	0	0	0	
k__Bacteria;p__Firmicutes;c__Bacilli;o__Acholeplasmatales;f__Acholeplasmataceae;g__Anaeroplasma	63	124	236	20	48	42	108	189	211	2	6	11	181	213	119	22	0	0	12	108	97	26	107	89	94	34	820	12	35	0	35	153	124	62	74	52	97	201	105	0	31	13	0	65	53	13	125	169	9	348	108	13	93	116	0	231	75	47	158	101	0	0	36	25	130	232	46	27	17	137	0	57	19	46	26	0	0	3	19	43	51	0	20	4	0	0	0	26	160	292	
k__Bacteria;p__Firmicutes;c__Bacilli;o__Alicyclobacillales;f__Alicyclobacillaceae;g__Effusibacillus	104	0	0	0	0	0	4	0	0	67	0	0	0	0	0	23	0	0	0	0	0	0	0	0	0	0	0	0	0	0	0	0	0	0	0	0	0	0	0	0	0	0	0	0	0	0	0	0	0	0	0	0	0	0	0	0	0	0	0	0	0	0	0	0	0	0	0	0	0	0	0	0	0	0	0	0	0	0	0	0	0	0	0	0	0	0	0	0	0	0	
k__Bacteria;p__Firmicutes;c__Bacilli;o__Alicyclobacillales;f__Alicyclobacillaceae;g__Tumebacillus	11	0	0	0	0	0	0	0	0	0	0	0	0	0	0	0	0	0	0	0	0	0	0	0	0	0	0	0	0	0	0	0	0	0	0	0	0	0	0	0	0	0	0	0	0	0	0	0	0	0	0	0	0	0	0	0	0	0	0	0	0	0	0	0	0	0	0	0	0	0	0	0	0	0	0	0	0	0	0	0	0	0	0	0	0	0	0	0	0	0	
k__Bacteria;p__Firmicutes;c__Bacilli;o__Bacillales;f__Bacillaceae;g__	0	0	0	0	0	0	0	0	0	0	0	0	0	0	0	0	0	0	0	0	0	0	0	0	0	0	0	0	0	0	0	0	0	8	0	0	0	0	0	0	0	0	0	0	0	0	0	0	0	0	0	0	0	0	0	0	0	0	0	0	0	0	0	19	0	0	155	0	0	0	0	0	0	0	0	0	0	0	0	0	0	0	0	0	0	0	0	0	0	0	
k__Bacteria;p__Firmicutes;c__Bacilli;o__Bacillales;f__Bacillaceae;g__Anoxybacillus	351	0	0	122	0	0	125	11	0	1066	30	12	157	7	0	560	0	0	0	0	0	0	0	0	0	0	0	0	0	0	0	0	0	0	0	0	0	0	0	0	0	0	0	0	0	0	0	0	0	0	0	0	0	0	0	0	0	0	0	0	0	0	0	0	0	0	0	0	0	0	0	0	0	0	0	0	0	0	0	0	0	0	0	0	0	0	0	0	0	0	
k__Bacteria;p__Firmicutes;c__Bacilli;o__Bacillales;f__Bacillaceae;g__Bacillus	176	22	48	34	52	55	40	52	56	406	56	50	28	43	39	129	40	30	0	0	0	0	0	0	0	0	0	0	0	0	8	0	0	0	0	0	26	0	0	0	0	0	0	0	0	0	0	0	0	0	0	16	0	0	0	0	0	0	0	0	0	0	0	0	0	0	0	0	0	0	0	0	0	0	0	0	0	0	0	0	0	0	0	0	0	0	0	0	0	0	
k__Bacteria;p__Firmicutes;c__Bacilli;o__Bacillales;f__Planococcaceae;g__Planomicrobium	0	0	0	0	0	0	0	0	0	0	0	0	0	0	0	11	0	0	0	0	0	0	0	0	0	0	0	0	0	0	0	0	0	0	0	0	0	0	0	0	0	0	0	0	0	0	0	0	0	0	0	0	0	0	0	0	0	0	0	0	0	0	0	0	0	0	0	0	0	0	0	0	0	0	0	0	0	0	0	0	0	0	0	0	0	0	0	0	0	0	
k__Bacteria;p__Firmicutes;c__Bacilli;o__Erysipelotrichales;f__Erysipelatoclostridiaceae;g__	8	7	26	31	55	38	56	27	30	65	34	71	8	30	13	72	0	11	5	48	41	21	48	61	0	0	36	0	0	5	0	23	26	0	0	0	50	12	17	0	0	0	0	0	0	14	0	25	0	17	8	0	0	8	0	23	0	0	0	0	0	0	0	14	47	75	9	0	0	0	0	0	17	24	27	0	0	0	4	6	27	0	8	13	5	0	0	15	13	43	
k__Bacteria;p__Firmicutes;c__Bacilli;o__Erysipelotrichales;f__Erysipelatoclostridiaceae;g__Erysipelatoclostridium	771	84	457	318	392	926	1552	419	739	262	49	124	104	193	152	1676	56	109	0	20	62	54	223	516	7	24	42	0	34	13	65	36	83	20	27	7	153	28	36	0	54	13	0	13	11	31	0	42	0	145	137	23	0	25	0	0	0	0	0	0	0	0	0	0	31	74	53	27	106	48	0	91	106	46	48	27	3	11	34	37	273	0	21	61	12	8	13	36	20	134	
k__Bacteria;p__Firmicutes;c__Bacilli;o__Erysipelotrichales;f__Erysipelatoclostridiaceae;g__Erysipelotrichaceae UCG-003	0	0	0	7	0	0	24	0	0	191	0	0	14	0	0	0	0	11	0	0	0	0	0	0	0	0	0	0	0	0	0	0	0	0	0	0	0	0	0	0	0	0	0	0	0	0	0	0	0	0	0	0	0	0	0	0	0	0	0	0	0	0	0	0	0	0	4	0	0	0	0	0	0	0	0	0	0	0	0	0	0	0	0	0	0	0	0	0	0	0	
k__Bacteria;p__Firmicutes;c__Bacilli;o__Erysipelotrichales;f__Erysipelotrichaceae;g__	274	93	207	59	321	228	438	220	319	284	423	443	72	263	166	538	62	109	15	122	115	34	191	135	60	4	417	0	15	15	11	23	63	6	8	10	145	65	51	0	18	0	0	0	7	29	20	62	6	32	59	11	3	65	0	274	78	39	106	148	0	0	12	4	52	72	13	6	16	16	0	20	17	37	16	0	8	34	8	22	45	0	11	5	0	6	11	9	0	80	
k__Bacteria;p__Firmicutes;c__Bacilli;o__Erysipelotrichales;f__Erysipelotrichaceae;g__Breznakia	0	0	0	0	0	0	0	0	0	18	0	0	0	0	0	0	0	0	0	0	0	0	0	0	0	0	0	0	0	0	0	0	0	0	0	0	0	0	0	0	0	0	0	0	0	0	0	0	0	0	0	0	0	0	0	0	0	0	0	0	0	0	0	0	0	0	0	0	0	0	0	0	0	0	0	0	0	0	0	0	0	0	0	0	0	0	0	0	0	0	
k__Bacteria;p__Firmicutes;c__Bacilli;o__Erysipelotrichales;f__Erysipelotrichaceae;g__Catenisphaera	0	0	0	0	0	0	0	0	0	0	0	0	0	0	0	0	0	0	0	0	0	0	0	0	0	0	0	0	0	0	0	0	0	0	0	0	0	0	0	0	0	0	0	0	0	0	0	0	0	0	0	0	0	0	0	0	0	0	0	0	0	0	0	0	0	0	0	0	0	0	0	2	0	0	0	0	0	0	0	0	0	0	0	0	0	0	0	0	0	0	
k__Bacteria;p__Firmicutes;c__Bacilli;o__Erysipelotrichales;f__Erysipelotrichaceae;g__Dubosiella	0	0	0	0	0	0	15	0	0	0	0	0	0	0	0	0	0	0	8	12	0	13	18	14	12	0	97	0	0	0	15	13	25	13	17	0	0	17	25	0	20	0	0	15	10	0	0	8	0	59	0	0	6	0	0	23	11	12	0	0	0	0	0	0	4	22	0	8	11	15	0	0	10	10	0	8	0	7	0	0	15	0	13	0	3	0	10	13	0	11	
k__Bacteria;p__Firmicutes;c__Bacilli;o__Erysipelotrichales;f__Erysipelotrichaceae;g__Faecalibaculum	9916	1674	6714	2097	1697	1570	6251	1191	3538	8890	3527	8057	12698	4546	8435	4969	283	327	298	525	861	577	734	1229	310	439	3973	4881	3527	5309	6318	1550	3883	6783	19652	2934	884	134	205	15	163	87	0	145	109	135	79	151	159	3446	525	341	91	603	0	177	64	176	73	82	0	0	165	81	177	307	1056	1351	2688	785	0	146	3552	162	136	1844	45	144	6402	2342	11200	61	359	90	135	72	105	22764	476	2756	
k__Bacteria;p__Firmicutes;c__Bacilli;o__Erysipelotrichales;f__Erysipelotrichaceae;g__Holdemanella	0	0	0	0	0	0	0	0	0	79	0	0	0	0	0	0	0	0	0	0	0	0	0	0	0	0	0	0	0	0	0	0	0	0	0	0	0	0	0	0	0	0	0	0	0	0	0	0	0	0	0	0	0	0	0	0	0	0	0	0	0	0	0	0	0	17	0	0	0	0	0	0	0	0	0	0	0	0	0	0	0	0	0	0	0	0	0	0	0	0	
k__Bacteria;p__Firmicutes;c__Bacilli;o__Erysipelotrichales;f__Erysipelotrichaceae;g__Holdemania	83	0	0	0	0	0	0	0	0	0	0	0	0	0	0	0	0	0	0	0	0	0	0	0	0	0	0	0	0	0	0	0	0	0	0	0	0	0	0	0	0	0	0	0	0	0	0	0	0	0	0	0	0	0	0	0	0	0	0	0	0	0	0	0	0	0	0	0	0	0	0	0	0	0	0	0	0	0	0	0	0	0	0	0	0	0	0	0	0	0	
k__Bacteria;p__Firmicutes;c__Bacilli;o__Erysipelotrichales;f__Erysipelotrichaceae;g__Turicibacter	21884	5408	25679	21749	27007	25781	22439	6243	21381	36858	15683	36724	6687	2381	5212	20912	1269	12506	118	46	255	136	272	80	39	391	101	789	333	294	2291	1393	2325	743	2069	791	1502	28	41	14	5245	1812	0	29	19	307	22	86	393	5811	1235	949	502	701	0	78	24	2177	757	503	0	0	134	184	87	108	503	25	15	34	0	9	9203	1957	1840	2168	306	1364	82	13	25	107	21	13	102	31	39	1694	1079	5390	
k__Bacteria;p__Firmicutes;c__Bacilli;o__Erysipelotrichales;f__Erysipelotrichaceae;g__[Clostridium] innocuum group	12	0	0	0	0	0	0	0	0	0	0	0	6	0	0	9	0	0	0	0	0	0	0	0	0	0	0	0	0	0	0	0	0	0	0	0	0	0	0	0	0	0	0	0	0	0	0	0	0	0	0	0	0	0	0	0	0	0	0	0	0	0	0	0	0	0	0	0	0	0	0	0	0	0	0	0	0	0	0	0	0	0	0	0	0	0	0	0	0	0	
k__Bacteria;p__Firmicutes;c__Bacilli;o__Lactobacillales;f__;g__	0	0	0	0	0	0	0	0	0	0	0	0	0	0	0	0	0	0	0	0	0	0	0	0	0	0	0	14	0	0	0	0	0	5	0	0	0	0	0	0	0	0	0	0	0	0	0	0	0	0	0	26	0	0	0	0	0	0	0	0	0	0	0	0	0	0	0	0	0	0	0	0	0	0	0	0	0	0	0	0	0	0	0	0	0	0	0	0	0	0	
k__Bacteria;p__Firmicutes;c__Bacilli;o__Lactobacillales;f__Aerococcaceae;g__Globicatella	0	0	0	0	0	0	0	0	0	6	0	0	0	0	0	0	0	0	0	0	0	0	0	0	0	0	0	0	0	0	0	0	0	0	0	0	0	0	0	0	0	0	0	0	0	0	0	0	0	0	0	0	0	0	0	0	0	0	0	0	0	0	0	0	0	0	0	0	0	0	0	0	0	0	0	0	0	0	0	0	0	0	0	0	0	0	0	0	0	0	
k__Bacteria;p__Firmicutes;c__Bacilli;o__Lactobacillales;f__Carnobacteriaceae;g__Granulicatella	0	0	0	0	0	0	0	0	0	80	0	0	0	0	0	0	0	0	0	0	0	0	0	0	0	0	0	0	0	0	0	0	0	0	0	0	0	0	0	0	0	0	0	0	0	0	0	0	0	0	0	0	0	0	0	0	0	0	0	0	0	0	0	0	0	0	0	0	0	0	0	0	0	0	0	0	0	0	0	0	0	0	0	0	0	0	0	0	0	0	
k__Bacteria;p__Firmicutes;c__Bacilli;o__Lactobacillales;f__Enterococcaceae;g__Enterococcus	59	0	0	18	7	0	34	0	0	334	0	0	150	11	15	815	11	19	127	341	4300	284	164	38	0	37	31	30	0	0	0	0	14	15	0	0	18	0	7	0	0	0	0	0	0	14719	17	18	5	9	0	33	0	0	0	215	18	189	0	0	0	0	75	40	12	0	19	0	0	0	0	0	0	0	0	0	0	0	0	0	0	0	0	0	37	0	0	0	0	0	
k__Bacteria;p__Firmicutes;c__Bacilli;o__Lactobacillales;f__Lactobacillaceae;g__	0	0	0	0	0	0	0	0	0	124	0	0	0	0	0	0	0	0	0	0	12	0	0	0	0	35	0	0	0	0	19	0	0	10	0	0	0	0	0	0	0	0	0	0	0	0	0	0	0	0	0	0	0	0	0	78	0	414	85	0	0	0	236	0	0	2	0	0	0	0	0	0	0	0	0	0	0	0	0	0	0	0	0	0	0	0	0	0	0	0	
k__Bacteria;p__Firmicutes;c__Bacilli;o__Lactobacillales;f__Lactobacillaceae;g__HT002	913	194	310	2907	2765	2485	880	187	487	8003	2305	5425	517	144	162	2176	109	522	343	585	1424	1435	1020	1632	169	259	2590	377	210	293	1736	231	426	491	827	217	822	60	77	16	65	36	0	372	211	867	229	594	342	1230	400	1827	341	542	0	310	156	1800	378	328	0	24	998	373	1941	2384	2138	949	1718	2080	9	232	1959	483	614	314	43	182	591	44	1037	52	241	512	850	409	1503	2145	58	442	
k__Bacteria;p__Firmicutes;c__Bacilli;o__Lactobacillales;f__Lactobacillaceae;g__Lacticaseibacillus	0	0	0	0	0	0	0	0	0	0	0	0	0	0	0	0	0	0	0	0	0	0	0	0	0	0	0	0	0	0	5	0	0	0	0	0	0	0	0	0	0	0	0	0	0	0	0	0	0	0	0	0	0	0	0	0	0	0	0	0	0	0	0	0	0	0	0	0	0	0	0	0	0	0	0	0	0	0	0	0	0	0	0	0	0	0	0	0	0	0	
k__Bacteria;p__Firmicutes;c__Bacilli;o__Lactobacillales;f__Lactobacillaceae;g__Lactiplantibacillus	0	0	0	0	0	0	0	0	0	186	0	0	8	0	0	28	0	0	0	0	0	0	0	9	0	0	0	0	0	0	0	0	0	0	0	0	0	0	0	0	0	0	0	0	0	0	0	0	0	0	0	0	0	0	0	0	0	0	0	0	0	0	0	0	0	0	0	0	0	0	0	0	0	0	0	0	0	0	0	0	0	0	0	0	0	0	0	0	0	0	
k__Bacteria;p__Firmicutes;c__Bacilli;o__Lactobacillales;f__Lactobacillaceae;g__Lactobacillus	20472	5197	5497	7884	6245	5458	6593	823	1109	12988	5403	9700	851	306	373	6903	297	1440	1379	2896	4768	7107	3813	5866	395	586	6156	872	372	357	1392	282	580	712	1250	350	943	174	288	32	268	121	7	400	237	1112	412	946	517	2203	606	2184	515	799	0	1298	415	12421	2100	1381	10	50	4647	574	2216	2109	1888	1768	2509	364	0	83	9672	2448	2575	1355	140	739	1534	492	4312	50	479	1041	216	131	639	5536	117	486	
k__Bacteria;p__Firmicutes;c__Bacilli;o__Lactobacillales;f__Lactobacillaceae;g__Ligilactobacillus	19098	2510	9752	54685	34789	43899	20107	3759	11180	21600	8641	13009	27924	9437	40091	294341	37604	30450	4749	13033	20784	31709	21641	39822	1376	24678	94015	16176	1270	1793	21833	684	2056	7836	5379	1693	38997	14373	56535	67	2180	874	0	2248	1544	12202	1216	3856	2818	5107	2797	31702	2678	3842	84	31194	14383	15796	1467	994	8	96	8141	6458	20444	14762	42937	57128	66557	134323	178	11840	20964	1860	2927	22646	1804	15509	17233	4953	33046	271	3403	25650	6343	1694	6483	29135	936	7480	
k__Bacteria;p__Firmicutes;c__Bacilli;o__Lactobacillales;f__Listeriaceae;g__Listeria	71	0	0	0	0	0	19	0	0	0	0	0	30	0	0	0	0	0	48	57	68	103	85	42	40	113	194	74	25	18	136	32	56	91	47	25	176	69	61	3	52	32	0	29	33	52	28	40	26	120	42	106	28	58	0	105	21	64	28	25	0	0	60	30	52	48	88	34	33	56	0	0	117	37	38	13	12	23	11	10	22	0	32	22	17	28	19	24	15	22	
k__Bacteria;p__Firmicutes;c__Bacilli;o__Lactobacillales;f__Streptococcaceae;g__Lactococcus	77	0	0	11	0	0	0	0	0	0	0	0	11	0	0	0	0	0	0	0	0	0	0	0	0	0	0	0	0	0	0	0	0	0	0	0	0	0	0	0	0	0	0	0	0	0	0	0	0	0	0	0	0	0	0	0	0	0	0	0	0	0	0	0	0	0	0	0	0	0	0	0	0	0	0	0	0	0	0	0	0	0	0	0	0	0	0	0	0	0	
k__Bacteria;p__Firmicutes;c__Bacilli;o__Lactobacillales;f__Streptococcaceae;g__Streptococcus	189	0	17	38	45	46	236	40	70	435	47	64	72	27	50	175	46	27	26	35	53	26	10	11	10	9	128	0	4	0	20	7	17	10	15	0	16	13	28	0	0	0	0	0	0	0	0	0	0	10	0	0	0	0	0	10	0	0	0	0	0	0	0	0	0	9	107	0	0	11	0	0	11	3	0	10	3	8	8	0	21	0	0	5	6	0	0	0	0	0	
k__Bacteria;p__Firmicutes;c__Bacilli;o__Paenibacillales;f__Paenibacillaceae;g__Ammoniphilus	0	0	0	0	0	0	0	0	0	0	0	0	9	0	0	0	0	0	0	0	0	0	0	0	0	0	0	0	0	0	0	0	0	0	0	0	0	0	0	0	0	0	0	0	0	0	0	0	0	0	0	0	0	0	0	0	0	0	0	0	0	0	0	0	0	0	0	0	0	0	0	0	0	0	0	0	0	0	0	0	0	0	0	0	0	0	0	0	0	0	
k__Bacteria;p__Firmicutes;c__Bacilli;o__Paenibacillales;f__Paenibacillaceae;g__Paenibacillus	0	0	0	0	2	0	7	0	0	0	0	0	0	0	0	0	0	0	0	0	0	0	0	0	0	0	0	0	0	0	0	0	0	0	0	0	0	0	0	0	0	0	0	0	0	0	0	0	0	0	0	0	0	0	0	0	0	0	0	0	0	0	0	0	0	0	0	0	0	0	0	0	0	0	0	0	0	0	0	0	0	0	0	0	0	0	0	0	0	0	
k__Bacteria;p__Firmicutes;c__Bacilli;o__RF39;f__;g__	92	29	117	26	41	51	204	110	214	145	39	48	44	50	40	237	52	157	9	32	37	21	46	32	13	9	51	4	13	0	17	24	31	0	0	0	122	57	76	0	8	0	0	19	3	0	0	0	0	27	8	13	0	0	0	0	0	0	0	0	0	0	0	0	37	25	9	15	12	42	0	33	47	25	9	18	4	12	30	0	19	0	13	0	8	20	11	23	13	59	
k__Bacteria;p__Firmicutes;c__Bacilli;o__Staphylococcales;f__Staphylococcaceae;g__Auricoccus-Abyssicoccus	0	0	0	0	0	0	0	0	0	11	0	0	0	0	0	0	0	0	0	0	0	0	0	0	0	0	0	0	0	0	0	0	0	0	0	0	0	0	0	0	0	0	0	0	0	0	0	0	0	0	0	0	0	0	0	0	0	0	0	0	0	0	0	0	0	0	0	0	0	0	0	0	0	0	0	0	0	0	0	0	0	0	0	0	0	0	0	0	0	0	
k__Bacteria;p__Firmicutes;c__Bacilli;o__Staphylococcales;f__Staphylococcaceae;g__Jeotgalicoccus	0	0	0	0	0	0	0	0	0	0	0	0	0	0	0	0	0	0	0	0	0	0	0	0	0	0	0	0	0	0	0	0	0	0	0	0	0	0	0	0	0	0	0	0	0	0	0	0	0	0	0	0	0	0	0	0	0	10	0	0	0	0	0	0	0	0	0	0	0	0	0	0	0	0	0	0	0	0	0	0	0	0	0	0	0	0	0	0	0	0	
k__Bacteria;p__Firmicutes;c__Bacilli;o__Staphylococcales;f__Staphylococcaceae;g__Staphylococcus	27	0	17	13	14	0	52	14	15	285	24	0	241	17	11	2277	144	161	1794	2678	56715	2097	1251	287	55	100	606	316	88	78	777	62	200	122	161	64	0	0	0	9	0	7	0	0	0	26786	42	132	106	25	142	18	0	17	8	478	90	106	25	0	0	0	132	0	0	0	5064	13	0	0	0	0	0	0	0	0	0	0	30	0	0	0	0	0	121	0	29	145	0	14	
k__Bacteria;p__Firmicutes;c__Clostridia;o__;f__;g__	0	0	0	0	0	0	0	0	0	0	0	0	0	0	0	0	0	0	0	0	0	0	0	0	0	0	0	0	0	0	0	0	0	0	0	0	0	0	0	0	0	0	0	0	0	0	0	0	0	0	0	0	0	0	0	0	0	0	0	0	0	0	0	0	0	0	15	0	0	0	0	0	6	0	0	0	0	0	0	0	0	0	0	0	0	0	0	0	0	0	
k__Bacteria;p__Firmicutes;c__Clostridia;o__Christensenellales;f__Christensenellaceae;g__	32	6	154	17	43	143	137	79	133	0	59	161	51	40	71	43	24	84	5	32	71	18	141	187	15	9	320	0	10	23	18	32	103	8	0	0	17	20	27	0	11	3	0	10	11	0	0	0	3	28	42	0	0	0	0	5	0	0	0	0	0	0	16	0	18	58	10	0	0	0	0	12	18	12	21	17	3	48	15	0	73	0	4	0	15	5	0	8	11	43	
k__Bacteria;p__Firmicutes;c__Clostridia;o__Christensenellales;f__Christensenellaceae;g__Christensenellaceae R-7 group	79	31	147	105	94	249	423	127	287	290	122	360	133	61	162	493	46	159	0	15	31	13	48	87	0	0	97	3	0	6	21	43	38	5	7	4	67	41	46	0	5	0	0	9	14	6	15	78	0	15	10	7	0	11	0	0	0	0	0	0	0	0	0	0	0	7	0	0	0	0	0	0	15	0	11	8	0	16	14	7	30	0	4	8	0	11	5	33	18	42	
k__Bacteria;p__Firmicutes;c__Clostridia;o__Clostridia UCG-014;f__;g__	2393	608	2242	547	597	1231	3387	1490	3351	2231	1207	1696	412	378	435	2816	468	1500	228	424	567	463	875	678	129	95	1055	50	209	125	431	474	572	74	244	98	1301	1349	1846	7	352	154	0	286	459	43	67	245	11	422	161	117	47	182	0	94	10	88	53	32	0	0	61	39	352	787	180	62	83	128	0	22	520	244	295	192	88	310	232	156	533	14	216	129	324	295	364	573	277	769	
k__Bacteria;p__Firmicutes;c__Clostridia;o__Clostridia vadinBB60 group;f__;g__	1917	2603	5239	667	4480	2919	3417	8081	7843	1774	5535	4327	584	1527	921	2853	3200	1379	83	1114	709	612	2515	1407	709	149	3936	65	733	293	275	1842	1371	136	208	155	446	2126	1970	0	634	204	0	443	328	33	655	954	21	1564	305	26	313	377	0	1073	243	118	502	257	0	9	525	137	1223	982	113	195	250	271	0	146	107	972	860	86	234	444	83	485	387	0	298	118	16	306	273	126	554	578	
k__Bacteria;p__Firmicutes;c__Clostridia;o__Clostridiales;f__Clostridiaceae;g__Candidatus Arthromitus	58	0	25	10	45	13	47	43	35	24	43	19	252	43	26	35	19	14	18	19	27	104	118	263	50	26	185	17	0	9	19134	19	165	28	28	0	140	38	799	0	17	0	0	17	17	10	0	361	11	75	241	134	11	425	0	30	10	126	28	10088	0	0	21	83	13	96	54	27	16	17	11	154	136	17	827	19	9	83	34	9	2183	0	17	96	22	42	856	75	0	70	
k__Bacteria;p__Firmicutes;c__Clostridia;o__Clostridiales;f__Clostridiaceae;g__Clostridium sensu stricto 1	56	0	0	0	0	0	13	18	22	80	23	0	17	0	9	19	0	9	0	0	3	0	41	10	0	0	22	56	0	0	0	0	12	60	23	0	0	0	10	7	2419	1035	0	0	0	22	0	46	15	20	0	1066	2753	1810	0	0	0	128	21	6	0	0	0	26	8	52	42	0	0	0	0	0	0	0	0	0	0	0	0	0	0	0	8	0	7	7	0	0	0	0	
k__Bacteria;p__Firmicutes;c__Clostridia;o__Eubacteriales;f__Anaerofustaceae;g__Anaerofustis	37	6	18	5	6	10	14	30	16	0	9	9	11	10	10	24	6	0	0	0	0	0	8	0	5	9	28	0	5	0	0	19	28	0	5	0	19	23	30	0	5	0	0	0	0	0	0	11	0	16	11	0	0	13	0	0	4	0	0	0	0	0	0	0	0	12	6	3	6	0	0	0	0	0	4	0	0	0	0	0	0	0	4	0	0	4	2	0	0	0	
k__Bacteria;p__Firmicutes;c__Clostridia;o__Lachnospirales;f__Defluviitaleaceae;g__Defluviitaleaceae UCG-011	50	43	165	16	59	141	160	72	161	0	3	0	10	0	0	14	0	21	4	32	39	14	88	131	16	6	103	0	5	0	11	32	76	0	0	0	27	0	9	0	7	0	0	0	7	8	6	113	0	7	18	25	0	31	0	7	9	27	7	28	0	0	0	0	6	13	7	0	7	0	0	2	10	8	7	0	0	39	6	13	54	0	0	0	23	0	15	19	14	29	
k__Bacteria;p__Firmicutes;c__Clostridia;o__Lachnospirales;f__Lachnospiraceae;g__	18455	21781	22143	4953	65508	11343	19637	57796	33837	17708	56140	23403	6622	55667	20532	25363	32319	15254	395	9687	3662	5028	14329	6818	23476	2212	43916	775	8917	4219	4766	16773	14466	2633	5798	5128	12183	10436	12807	144	4911	1354	0	18420	16408	802	13137	10505	684	56112	10573	1959	3995	10406	0	27072	4514	1386	7080	20922	0	134	51186	727	7219	10053	4937	5772	3900	4707	22	2102	3422	16639	12492	1452	4500	7888	1856	2234	1701	41	11113	1681	6500	9083	3969	526	2405	1884	
k__Bacteria;p__Firmicutes;c__Clostridia;o__Lachnospirales;f__Lachnospiraceae;g__A2	1387	1283	1661	129	1734	282	902	2245	1800	52	326	167	107	1035	583	272	471	121	49	1882	535	334	592	143	1305	115	2087	23	165	115	36	307	385	26	43	52	81	163	159	0	147	38	0	347	230	20	857	498	7	211	65	133	562	660	0	317	32	54	291	289	0	0	113	21	49	104	111	51	34	90	0	137	148	358	270	259	931	1186	40	83	20	0	375	86	93	160	66	14	99	68	
k__Bacteria;p__Firmicutes;c__Clostridia;o__Lachnospirales;f__Lachnospiraceae;g__ASF356	647	1379	1385	131	2735	310	329	1305	932	170	964	318	118	1441	800	270	1724	197	46	576	100	312	422	172	1666	151	2175	59	549	274	119	1665	2276	59	56	12	220	302	542	0	1094	400	0	780	330	24	432	501	83	9615	1370	121	201	381	0	9161	1883	132	1319	1857	0	0	775	132	1163	1164	126	966	284	39	0	28	117	848	616	70	366	763	42	1218	211	0	931	192	104	1184	335	63	1075	328	
k__Bacteria;p__Firmicutes;c__Clostridia;o__Lachnospirales;f__Lachnospiraceae;g__Acetatifactor	227	109	315	73	363	226	432	1010	991	221	680	566	200	1547	932	1061	1474	374	9	113	67	42	100	32	484	34	1065	27	71	32	16	69	60	22	68	85	84	102	87	0	150	38	0	358	534	23	504	148	0	382	42	24	51	73	0	838	145	12	62	28	0	0	47	11	49	176	141	91	29	180	0	91	63	78	39	36	59	55	38	22	60	0	640	81	7	366	125	0	93	62	
k__Bacteria;p__Firmicutes;c__Clostridia;o__Lachnospirales;f__Lachnospiraceae;g__Agathobacter	92	0	44	0	76	16	61	60	69	225	53	61	40	64	45	69	42	76	15	0	0	0	10	0	0	0	0	0	0	0	24	0	0	0	0	0	0	0	0	0	0	0	0	0	0	0	0	0	8	21	0	0	0	0	0	0	0	0	0	0	0	0	0	0	0	0	137	0	0	0	0	0	14	0	0	0	0	0	0	0	0	24	0	0	0	0	0	0	0	0	
k__Bacteria;p__Firmicutes;c__Clostridia;o__Lachnospirales;f__Lachnospiraceae;g__Anaerostipes	723	239	1450	8	13	10	128	15	16	6	32	25	16	0	18	109	14	47	28	83	37	115	214	101	85	19	248	10	121	71	34	232	117	14	15	13	12	0	0	0	0	0	0	0	0	2	7	10	0	0	0	17	51	108	0	0	0	0	0	0	0	0	0	0	0	0	25	0	0	0	0	0	149	81	38	59	52	86	23	57	104	0	40	17	0	0	0	9	0	9	
k__Bacteria;p__Firmicutes;c__Clostridia;o__Lachnospirales;f__Lachnospiraceae;g__Blautia	350	101	240	149	295	189	392	236	282	963	166	83	73	117	56	213	87	157	9	20	48	0	32	16	0	15	36	0	0	0	51	19	0	0	0	0	25	0	0	0	11	0	0	12	0	0	0	0	8	62	9	59	0	0	0	8	0	66	0	0	0	0	20	20	15	24	1307	0	9	4	0	7	9	0	0	0	0	0	0	0	9	0	0	0	29	0	0	7	0	0	
k__Bacteria;p__Firmicutes;c__Clostridia;o__Lachnospirales;f__Lachnospiraceae;g__Coprococcus	28	0	0	0	0	0	4	0	0	99	9	0	0	0	9	19	11	25	0	0	0	0	0	0	0	0	0	0	0	0	0	0	0	0	0	0	0	0	0	0	0	0	0	0	0	0	0	0	0	0	0	0	0	0	0	0	0	0	0	0	0	0	0	0	0	0	62	0	0	0	0	0	0	0	0	0	0	0	0	0	0	0	0	0	0	0	0	0	0	0	
k__Bacteria;p__Firmicutes;c__Clostridia;o__Lachnospirales;f__Lachnospiraceae;g__Dorea	263	284	1131	119	548	703	440	910	1438	157	0	0	296	1249	502	216	128	115	0	0	0	0	0	0	0	0	0	0	0	0	0	0	0	0	0	0	15	0	0	0	0	0	0	0	0	0	0	0	0	0	0	0	0	220	0	0	0	0	0	0	0	0	0	0	0	0	24	0	0	0	0	0	0	0	0	0	0	0	0	0	0	0	0	0	0	0	0	0	0	0	
k__Bacteria;p__Firmicutes;c__Clostridia;o__Lachnospirales;f__Lachnospiraceae;g__Fusicatenibacter	85	0	19	0	40	0	44	46	23	15	35	25	0	29	29	25	21	59	0	0	8	0	0	0	0	0	0	0	0	0	0	0	0	0	0	0	0	0	0	0	0	0	0	0	0	0	0	0	0	0	0	0	0	0	0	0	9	0	0	0	0	0	0	0	0	0	277	0	0	0	0	0	0	0	0	0	0	0	0	0	0	0	0	0	0	0	0	0	0	0	
k__Bacteria;p__Firmicutes;c__Clostridia;o__Lachnospirales;f__Lachnospiraceae;g__GCA-900066575	896	370	1369	139	740	858	1348	1862	2839	732	652	657	170	862	472	1079	528	1997	0	216	216	256	513	389	602	8	1862	23	135	84	78	189	167	88	92	64	188	147	122	0	158	41	0	246	289	41	128	156	10	457	570	87	399	699	0	270	21	29	61	23	0	0	58	12	129	544	130	113	108	294	0	54	183	162	83	40	35	63	147	38	65	0	461	117	222	395	290	46	118	194	
k__Bacteria;p__Firmicutes;c__Clostridia;o__Lachnospirales;f__Lachnospiraceae;g__Lachnoclostridium	3970	1531	4711	492	2083	1533	4814	7535	8221	3168	3795	2859	1079	4449	2354	8001	6575	5430	144	2829	1288	951	3252	1679	4867	379	18780	220	2074	969	1428	5444	7269	633	1446	1450	3594	3789	3678	0	1432	330	0	3531	1832	149	1606	4375	132	6985	9612	566	1126	3761	0	8456	1269	433	2102	1046	0	54	6431	247	4148	13395	1487	1716	1893	1683	0	2207	1117	1774	2594	358	657	1427	955	1608	2345	0	2493	631	2119	2055	1318	285	509	439	
k__Bacteria;p__Firmicutes;c__Clostridia;o__Lachnospirales;f__Lachnospiraceae;g__Lachnospira	0	0	0	0	0	0	0	0	0	0	0	0	0	0	0	23	0	0	0	3	0	0	0	0	0	0	0	0	0	0	14	0	0	8	0	0	19	0	0	0	0	0	0	0	0	0	0	0	0	0	9	52	0	4	0	0	0	13	0	0	0	0	0	0	0	0	95	0	0	0	0	0	0	0	0	0	0	0	0	0	0	8	0	0	0	0	0	0	0	0	
k__Bacteria;p__Firmicutes;c__Clostridia;o__Lachnospirales;f__Lachnospiraceae;g__Lachnospiraceae AC2044 group	0	0	21	11	38	16	38	0	0	815	2288	1623	356	1519	844	2053	696	509	0	0	0	0	16	0	0	0	0	0	0	0	0	0	0	0	0	0	0	0	0	0	0	0	0	0	0	0	0	0	0	0	0	0	0	18	0	0	0	50	199	93	0	0	14	16	209	727	205	267	188	116	0	17	30	7	0	24	23	46	54	21	31	0	0	0	9	15	6	0	0	0	
k__Bacteria;p__Firmicutes;c__Clostridia;o__Lachnospirales;f__Lachnospiraceae;g__Lachnospiraceae FCS020 group	1314	605	2316	358	1684	1584	257	342	224	1222	1539	1444	56	260	74	380	138	472	19	150	102	911	1174	1374	1708	141	6036	11	89	32	187	1287	811	27	39	37	528	749	552	0	698	214	0	333	400	26	232	228	22	1692	251	89	360	371	0	574	95	176	1081	255	0	18	289	11	17	101	89	69	38	174	0	45	235	151	64	183	69	76	306	813	1026	0	120	18	341	620	381	7	87	53	
k__Bacteria;p__Firmicutes;c__Clostridia;o__Lachnospirales;f__Lachnospiraceae;g__Lachnospiraceae ND3007 group	0	0	0	0	0	0	0	15	0	78	0	0	0	0	0	7	0	0	0	0	0	0	0	0	0	10	0	0	0	0	0	0	0	0	0	0	0	0	0	0	0	0	0	0	0	0	0	0	0	0	0	0	0	0	0	0	0	0	0	0	0	0	0	0	0	0	0	0	0	0	0	0	0	0	0	0	0	0	0	0	0	0	0	0	0	0	0	0	0	0	
k__Bacteria;p__Firmicutes;c__Clostridia;o__Lachnospirales;f__Lachnospiraceae;g__Lachnospiraceae NK4A136 group	9791	10836	9360	4260	38010	5345	10068	55721	13340	9845	46588	9883	4122	44692	14880	13541	19322	5745	357	4722	1304	3388	11900	1993	10554	875	11219	185	2755	790	1172	5591	2853	1159	2559	1177	2697	8034	2809	21	3948	811	0	3264	2052	295	8206	1159	207	13036	3642	800	3678	2879	0	10120	945	666	2620	895	0	8	894	365	3974	3324	1795	3194	1015	3700	0	1026	867	3793	736	421	1416	508	1095	1225	607	26	6472	624	1050	10821	4581	532	5644	2148	
k__Bacteria;p__Firmicutes;c__Clostridia;o__Lachnospirales;f__Lachnospiraceae;g__Lachnospiraceae NK4B4 group	0	0	0	0	0	0	0	0	0	0	0	0	12	0	0	0	0	0	0	0	0	0	0	0	0	0	0	0	0	0	0	0	0	0	0	0	0	0	0	0	0	0	0	0	0	0	0	0	0	0	0	0	0	0	0	0	0	0	0	0	0	0	0	0	0	0	0	0	0	0	0	0	0	0	0	0	0	0	0	0	0	0	0	0	0	0	0	0	0	0	
k__Bacteria;p__Firmicutes;c__Clostridia;o__Lachnospirales;f__Lachnospiraceae;g__Lachnospiraceae UCG-001	971	956	422	58	391	86	384	555	213	3345	8533	2337	386	2575	1342	1725	7602	812	107	638	326	1269	2996	1128	113	716	374	188	1210	1981	557	6124	12616	803	1787	1692	555	483	381	0	1371	262	0	1887	521	35	307	381	89	16272	4803	414	930	1892	0	3454	1594	381	1533	3249	0	34	3600	637	9701	4591	1120	8189	1037	706	10	653	554	3847	4903	402	3885	8044	193	11	12	5	1602	119	79	3266	806	172	2477	716	
k__Bacteria;p__Firmicutes;c__Clostridia;o__Lachnospirales;f__Lachnospiraceae;g__Lachnospiraceae UCG-004	167	51	204	8	0	22	197	297	174	431	483	314	79	368	75	564	498	127	0	35	16	0	20	0	44	0	104	14	41	0	48	95	61	0	26	0	236	307	426	0	53	0	0	35	39	0	43	46	0	126	71	14	75	118	0	288	0	8	37	7	0	0	23	0	46	109	33	21	20	31	0	0	78	68	70	0	12	0	57	70	92	0	127	29	111	98	64	23	63	52	
k__Bacteria;p__Firmicutes;c__Clostridia;o__Lachnospirales;f__Lachnospiraceae;g__Lachnospiraceae UCG-006	7182	1811	7530	1849	7196	9012	11516	16128	22786	5699	2956	3274	1567	2733	1235	4115	1456	7992	277	8077	3701	2404	7448	3802	8726	648	30888	288	1439	666	1181	2447	3842	493	688	521	9505	11263	28524	46	9129	1854	0	6957	3402	615	3125	16877	167	4165	3768	1338	2187	5832	0	3929	1204	623	1705	2416	0	0	1041	237	2390	4763	1316	674	546	1927	15	2082	689	1331	2182	238	182	904	1237	1744	1444	66	8196	2047	3703	3824	4379	803	2600	4177	
k__Bacteria;p__Firmicutes;c__Clostridia;o__Lachnospirales;f__Lachnospiraceae;g__Lachnospiraceae UCG-008	0	0	13	0	0	14	35	0	12	0	0	15	8	7	14	0	0	0	0	0	0	0	0	10	0	0	25	0	0	0	0	0	0	0	0	0	0	0	0	0	0	0	0	0	0	0	0	0	0	0	0	0	0	5	0	0	0	0	0	0	0	0	0	0	0	0	0	0	0	0	0	0	0	0	0	0	0	0	0	0	0	0	0	0	0	0	0	0	0	0	
k__Bacteria;p__Firmicutes;c__Clostridia;o__Lachnospirales;f__Lachnospiraceae;g__Lachnospiraceae UCG-010	76	14	34	0	32	10	16	44	63	0	0	0	6	29	15	43	33	10	3	7	0	0	5	0	7	0	12	0	5	0	0	13	34	0	0	0	11	24	40	0	7	0	0	0	0	0	0	0	0	14	0	0	0	8	0	0	0	0	0	0	0	0	11	0	0	20	0	0	0	0	0	0	0	0	0	0	0	0	0	0	0	0	6	0	0	0	0	0	10	7	
k__Bacteria;p__Firmicutes;c__Clostridia;o__Lachnospirales;f__Lachnospiraceae;g__Lactonifactor	0	0	0	8	0	0	0	0	0	0	0	0	0	0	0	0	0	0	0	0	0	0	0	0	0	0	0	0	0	0	0	0	0	0	0	0	0	0	0	0	0	0	0	0	0	0	0	0	0	0	0	0	0	0	0	0	0	0	0	0	0	0	0	0	0	0	0	0	0	0	0	0	0	0	0	0	0	0	0	0	0	0	0	0	0	0	0	0	0	0	
k__Bacteria;p__Firmicutes;c__Clostridia;o__Lachnospirales;f__Lachnospiraceae;g__Marvinbryantia	556	307	1465	585	1294	1859	4391	1981	3731	965	3087	4757	2035	3063	2657	1684	423	396	97	1359	1187	837	2372	2086	1845	286	7790	99	617	575	263	2231	2735	556	834	533	1890	1351	1391	0	525	151	0	545	416	0	0	36	35	1922	974	51	14	130	0	70	0	419	1318	753	0	0	395	49	497	1717	294	276	438	1409	0	339	782	1021	1184	243	276	938	265	158	540	8	1088	674	927	565	567	142	210	410	
k__Bacteria;p__Firmicutes;c__Clostridia;o__Lachnospirales;f__Lachnospiraceae;g__Roseburia	1008	1027	1433	208	2867	546	1144	4514	2266	401	1164	490	257	2782	868	1387	2478	554	62	4091	1185	241	1036	360	1155	183	2797	58	645	291	296	1604	2758	257	528	452	1155	1849	1984	10	1751	509	0	1798	798	117	5940	15409	49	4247	2186	316	371	1920	0	9981	3228	435	5205	3609	0	47	7557	239	2465	2966	586	1045	564	871	9	1029	258	1046	911	105	707	1202	244	116	73	0	557	100	120	369	122	8	56	53	
k__Bacteria;p__Firmicutes;c__Clostridia;o__Lachnospirales;f__Lachnospiraceae;g__Sellimonas	0	0	0	0	0	0	0	0	0	0	0	0	0	0	0	0	0	0	0	0	0	0	0	0	0	0	0	0	0	0	0	0	0	0	0	0	0	0	0	0	0	0	0	0	0	0	0	0	0	0	0	0	0	0	0	0	0	0	0	0	0	0	0	0	0	0	51	0	0	0	0	0	0	0	0	0	0	0	0	0	0	0	0	0	0	0	0	0	0	0	
k__Bacteria;p__Firmicutes;c__Clostridia;o__Lachnospirales;f__Lachnospiraceae;g__Tuzzerella	0	28	81	8	60	31	28	81	94	0	12	20	0	79	28	21	24	91	0	20	0	0	24	0	61	21	94	0	42	16	17	179	207	9	18	25	93	186	303	0	54	6	0	82	18	4	17	37	0	141	52	0	20	60	0	29	0	9	16	13	0	0	18	0	15	65	0	21	0	11	0	26	0	12	0	0	0	14	14	14	0	0	13	0	0	27	7	0	0	7	
k__Bacteria;p__Firmicutes;c__Clostridia;o__Lachnospirales;f__Lachnospiraceae;g__UC5-1-2E3	0	0	0	0	0	0	0	0	0	0	0	0	0	0	0	0	0	0	0	0	0	0	0	0	0	6	0	0	0	0	0	0	0	0	0	0	0	0	0	0	0	0	0	0	0	0	22	26	0	0	0	0	0	0	0	0	0	0	0	0	0	0	0	0	0	0	0	0	0	0	0	0	0	0	0	0	0	0	0	0	0	0	11	0	0	0	0	0	0	0	
k__Bacteria;p__Firmicutes;c__Clostridia;o__Lachnospirales;f__Lachnospiraceae;g__[Eubacterium] eligens group	0	0	0	0	0	0	10	0	0	0	0	0	10	0	0	0	0	0	0	0	0	0	0	0	0	0	0	0	0	0	0	0	0	0	0	0	0	0	0	0	0	0	0	0	0	6	0	0	0	0	0	0	0	0	0	0	0	0	0	0	0	0	0	0	0	0	5	0	0	0	0	0	0	0	0	0	0	0	0	0	0	0	0	0	0	0	0	0	0	0	
k__Bacteria;p__Firmicutes;c__Clostridia;o__Lachnospirales;f__Lachnospiraceae;g__[Eubacterium] fissicatena group	0	0	0	0	0	0	0	0	0	0	0	0	0	0	0	0	0	0	0	0	0	0	0	0	0	0	0	0	0	0	0	0	0	0	0	0	0	0	0	0	0	0	0	7	0	0	0	0	0	0	0	0	0	0	0	0	0	0	0	0	0	0	0	0	0	0	0	0	0	0	0	0	0	0	0	0	0	0	0	0	0	0	0	0	0	0	0	0	0	0	
k__Bacteria;p__Firmicutes;c__Clostridia;o__Lachnospirales;f__Lachnospiraceae;g__[Eubacterium] hallii group	114	0	0	0	0	0	0	14	0	100	0	0	19	8	0	18	0	29	0	0	0	0	0	0	0	0	0	0	0	0	0	0	0	0	0	0	0	0	0	0	0	0	0	0	0	0	0	0	0	0	0	0	0	0	0	0	0	0	0	0	0	0	0	0	0	0	70	0	0	0	0	0	0	0	0	0	0	0	0	0	0	6	0	0	0	0	0	0	0	0	
k__Bacteria;p__Firmicutes;c__Clostridia;o__Lachnospirales;f__Lachnospiraceae;g__[Eubacterium] ruminantium group	0	0	0	0	0	0	0	0	0	0	0	0	0	0	0	0	0	0	0	0	0	0	0	0	0	0	0	0	0	0	0	0	0	0	0	0	0	0	0	0	0	0	0	0	0	0	0	0	0	0	0	0	0	0	0	0	0	0	0	0	0	0	0	0	0	0	11	0	0	0	0	0	0	0	0	0	0	0	0	0	0	0	0	0	0	0	0	0	0	0	
k__Bacteria;p__Firmicutes;c__Clostridia;o__Lachnospirales;f__Lachnospiraceae;g__[Eubacterium] ventriosum group	0	0	0	18	0	0	7	0	0	13	0	0	0	0	0	0	0	0	0	0	0	0	0	0	0	0	0	0	0	0	0	0	0	0	0	0	0	0	0	0	0	0	0	0	0	0	0	0	0	0	0	0	0	0	0	0	0	0	0	0	0	0	0	0	0	0	34	0	0	0	0	0	0	0	0	0	0	0	0	0	0	0	0	0	0	0	0	0	0	0	
k__Bacteria;p__Firmicutes;c__Clostridia;o__Lachnospirales;f__Lachnospiraceae;g__[Eubacterium] xylanophilum group	192	108	412	90	449	189	251	344	179	124	498	208	46	177	49	87	188	26	12	240	36	176	442	49	75	13	87	0	98	24	0	146	29	41	47	0	0	0	0	0	0	0	0	0	0	0	35	0	7	60	0	27	120	44	0	370	41	51	67	35	0	0	29	0	31	88	36	80	31	93	0	29	50	42	8	29	30	18	51	21	0	0	38	0	5	0	0	0	24	8	
k__Bacteria;p__Firmicutes;c__Clostridia;o__Lachnospirales;f__Lachnospiraceae;g__[Ruminococcus] gauvreauii group	0	0	0	10	16	0	0	0	0	103	0	0	24	0	0	0	0	0	0	0	0	0	0	0	0	0	0	0	0	0	0	0	0	0	0	0	0	0	0	0	0	0	0	0	0	0	0	0	0	0	0	0	0	0	0	0	0	0	0	0	0	0	0	0	0	0	0	0	0	0	0	0	0	0	0	0	0	0	0	0	0	0	0	0	0	0	0	0	0	0	
k__Bacteria;p__Firmicutes;c__Clostridia;o__Lachnospirales;f__Lachnospiraceae;g__[Ruminococcus] gnavus group	58	0	0	8	0	0	0	0	0	0	0	0	0	0	0	17	0	12	0	0	0	0	0	0	0	0	0	0	0	0	13	0	0	0	0	0	0	0	0	0	0	0	0	0	0	0	0	0	0	0	0	0	0	0	0	0	0	12	0	0	0	0	0	0	0	0	11	0	0	0	0	0	0	0	0	0	0	0	0	0	0	0	0	0	0	0	0	0	0	0	
k__Bacteria;p__Firmicutes;c__Clostridia;o__Lachnospirales;f__Lachnospiraceae;g__[Ruminococcus] torques group	0	0	0	0	19	0	0	20	0	146	0	18	0	17	0	0	0	0	0	0	0	0	0	0	0	0	0	0	0	0	0	0	0	0	0	0	0	0	0	0	0	0	0	0	0	0	0	0	0	0	0	0	0	0	0	0	0	14	0	0	0	0	0	8	0	0	48	0	0	0	0	0	0	0	0	0	0	0	0	0	0	0	0	0	0	0	0	0	0	0	
k__Bacteria;p__Firmicutes;c__Clostridia;o__Lachnospirales;f__Lachnospiraceae;g__possible genus Sk018	0	0	0	0	0	0	28	0	0	0	0	0	0	0	0	0	0	0	0	0	0	0	0	0	0	0	0	0	0	0	0	0	0	0	0	0	0	0	0	0	0	0	0	0	0	0	0	0	0	0	0	0	0	0	0	0	0	0	0	0	0	0	0	0	0	0	0	0	0	0	0	0	0	0	0	0	0	0	0	0	0	0	0	0	0	0	0	0	0	0	
k__Bacteria;p__Firmicutes;c__Clostridia;o__Monoglobales;f__Monoglobaceae;g__Monoglobus	126	17	41	0	0	0	172	44	117	107	220	169	0	0	0	199	103	11	0	11	11	15	40	20	9	0	10	0	0	0	15	12	0	5	0	0	7	7	0	0	0	0	0	0	0	0	0	0	0	0	0	0	0	0	0	0	0	12	5	0	0	0	0	0	19	66	29	9	16	14	0	8	28	4	4	7	0	12	10	0	11	5	27	4	0	0	0	32	10	12	
k__Bacteria;p__Firmicutes;c__Clostridia;o__Oscillospirales;f__Butyricicoccaceae;g__	62	0	0	0	0	0	0	0	0	0	0	0	0	0	0	0	0	0	0	0	0	0	0	0	0	0	0	0	0	0	0	0	0	0	0	0	0	0	0	0	0	0	0	0	0	0	0	0	0	0	0	0	0	0	0	0	0	0	0	0	0	0	0	0	0	0	0	0	0	0	0	0	0	0	0	0	0	0	0	0	0	0	0	0	0	0	0	0	0	0	
k__Bacteria;p__Firmicutes;c__Clostridia;o__Oscillospirales;f__Butyricicoccaceae;g__Butyricicoccus	211	530	1549	142	951	662	1118	2153	2610	532	1548	1218	472	4225	1582	544	1725	842	40	582	297	161	476	161	1236	100	2253	26	265	146	111	164	162	210	303	281	895	1446	1558	0	351	60	0	512	471	45	180	298	48	1650	961	42	122	290	0	805	213	45	151	216	0	0	791	4	42	453	74	127	70	161	0	131	52	144	195	32	68	103	51	48	40	0	265	54	51	546	290	34	134	74	
k__Bacteria;p__Firmicutes;c__Clostridia;o__Oscillospirales;f__Butyricicoccaceae;g__UCG-009	0	12	33	11	57	20	44	113	146	0	58	31	20	164	48	59	41	7	6	186	87	88	250	43	154	14	249	0	147	61	0	49	49	30	66	61	9	0	0	0	8	0	0	9	26	0	68	142	0	9	0	0	37	101	0	133	34	15	156	76	0	0	40	0	9	38	14	20	17	47	0	62	56	88	104	15	35	115	9	16	15	0	81	8	0	102	30	0	24	12	
k__Bacteria;p__Firmicutes;c__Clostridia;o__Oscillospirales;f__Oscillospiraceae;g__	774	363	1319	193	954	475	1092	1770	2267	522	2303	965	402	5339	1759	944	2106	804	31	575	391	379	1264	325	972	89	2305	701	261	80	175	334	439	824	559	252	1773	1836	1627	15	6708	41728	0	600	500	64	1670	1508	42	780	413	589	441	1553	0	542	72	695	300	152	0	16	408	138	710	959	201	613	212	287	0	204	69	239	351	37	65	141	101	150	209	0	773	142	71	668	342	11	86	89	
k__Bacteria;p__Firmicutes;c__Clostridia;o__Oscillospirales;f__Oscillospiraceae;g__Colidextribacter	920	376	1537	195	1185	564	1228	2221	2637	1086	803	1069	506	3999	1639	1578	986	1245	58	669	340	240	1003	408	1348	94	6516	125	363	209	234	443	1321	267	333	400	1445	2052	2625	4	866	269	0	1126	570	137	577	3506	56	1064	2373	256	625	3550	0	2512	753	185	512	572	0	16	2207	37	568	1765	234	519	513	580	0	968	160	486	965	73	116	610	120	143	183	0	883	139	119	683	476	51	138	158	
k__Bacteria;p__Firmicutes;c__Clostridia;o__Oscillospirales;f__Oscillospiraceae;g__Flavonifractor	4	0	0	0	17	0	0	0	0	0	13	0	5	14	0	0	0	0	0	0	0	0	0	0	24	0	20	0	0	0	0	0	0	0	0	0	12	0	0	0	0	0	0	0	0	0	0	0	0	5	0	0	0	0	0	19	0	0	0	0	0	0	0	0	0	8	0	0	0	0	0	0	0	0	0	0	0	0	0	0	0	0	10	0	0	0	0	0	0	0	
k__Bacteria;p__Firmicutes;c__Clostridia;o__Oscillospirales;f__Oscillospiraceae;g__Intestinimonas	621	342	1423	102	484	379	921	1846	2054	344	662	790	483	2641	1246	819	711	833	19	318	141	144	911	330	598	70	2788	42	260	159	99	404	785	146	184	131	585	775	660	0	293	190	0	482	335	14	246	1027	17	703	1378	60	160	1459	0	1043	317	69	224	177	0	0	434	56	361	950	140	299	256	323	0	447	74	161	399	59	98	440	78	107	102	0	298	48	195	313	175	88	259	319	
k__Bacteria;p__Firmicutes;c__Clostridia;o__Oscillospirales;f__Oscillospiraceae;g__NK4A214 group	118	48	171	34	70	95	43	77	100	52	48	47	49	49	47	91	35	90	0	6	4	0	24	21	34	8	69	0	23	0	5	23	23	0	14	13	3	9	0	0	19	0	0	15	8	0	5	0	0	36	8	0	0	19	0	22	5	0	0	12	0	0	8	0	8	0	6	0	0	24	0	0	11	10	6	0	0	0	0	0	0	0	21	0	0	16	9	0	5	17	
k__Bacteria;p__Firmicutes;c__Clostridia;o__Oscillospirales;f__Oscillospiraceae;g__Oscillibacter	1526	311	1596	203	926	615	1128	2048	2664	1018	2318	1600	242	1970	737	1872	1725	861	38	902	338	477	1417	384	1004	111	2076	51	228	119	111	164	242	219	234	273	982	2095	2361	0	518	188	0	2023	1159	36	960	2003	46	1150	1433	144	438	4238	0	599	154	119	275	189	0	0	295	66	449	1822	264	293	182	308	0	331	66	227	353	100	185	467	121	121	195	0	624	117	85	605	313	36	123	106	
k__Bacteria;p__Firmicutes;c__Clostridia;o__Oscillospirales;f__Oscillospiraceae;g__Oscillospira	0	16	64	18	225	120	48	282	227	62	103	34	51	863	259	176	441	108	0	14	0	0	39	0	74	15	45	0	0	0	13	180	163	0	18	14	170	360	268	0	0	0	0	36	31	0	0	0	0	145	0	0	0	0	0	24	0	0	0	0	0	0	110	0	0	0	0	62	35	0	0	0	0	50	105	0	0	0	0	0	0	0	92	0	0	58	0	0	0	0	
k__Bacteria;p__Firmicutes;c__Clostridia;o__Oscillospirales;f__Oscillospiraceae;g__Pseudoflavonifractor	0	0	0	0	0	0	0	0	0	0	0	0	0	0	0	0	0	0	0	0	0	0	0	0	0	0	0	0	0	0	0	0	0	0	0	0	0	0	0	0	0	57	0	0	0	0	0	73	0	0	0	0	0	0	0	0	0	0	0	0	0	0	0	0	0	0	0	0	0	0	0	0	0	0	0	0	0	0	0	0	0	0	0	0	0	0	0	0	0	0	
k__Bacteria;p__Firmicutes;c__Clostridia;o__Oscillospirales;f__Oscillospiraceae;g__UCG-002	72	0	0	0	0	0	0	0	0	0	0	0	0	0	0	0	0	0	0	0	0	0	0	0	0	0	0	0	0	0	0	0	0	0	0	0	0	0	0	0	0	0	0	0	0	0	0	0	0	0	0	0	0	0	0	0	0	0	0	0	0	0	0	5	0	13	220	0	0	0	0	0	0	0	0	0	0	0	0	0	0	0	0	0	0	0	0	0	0	0	
k__Bacteria;p__Firmicutes;c__Clostridia;o__Oscillospirales;f__Oscillospiraceae;g__UCG-003	139	0	102	26	47	87	20	39	33	164	75	106	161	857	741	99	0	39	0	0	0	0	0	0	0	0	101	0	0	0	0	0	0	24	0	66	0	0	0	0	0	0	0	31	0	0	0	0	0	0	0	0	0	38	0	0	0	0	0	0	0	0	0	0	0	0	36	0	0	0	0	0	0	0	0	0	0	0	0	0	0	0	0	0	0	0	0	0	0	0	
k__Bacteria;p__Firmicutes;c__Clostridia;o__Oscillospirales;f__Oscillospiraceae;g__UCG-005	68	35	133	32	104	94	114	44	144	204	53	80	7	11	22	96	24	8	0	0	4	38	21	9	9	5	32	0	16	0	63	39	33	0	20	0	33	0	0	0	13	0	0	33	44	7	0	0	0	112	7	6	0	15	0	9	0	0	0	0	0	0	0	0	0	11	36	20	14	0	0	0	45	20	8	0	0	4	0	0	14	0	0	0	0	0	0	6	6	9	
k__Bacteria;p__Firmicutes;c__Clostridia;o__Oscillospirales;f__Ruminococcaceae;g__	462	210	622	118	415	454	764	1247	1534	161	858	649	265	1466	859	886	797	697	0	260	151	99	416	110	389	44	1008	18	160	69	48	387	326	43	57	48	226	295	213	4	138	43	0	364	306	11	145	125	22	658	307	39	41	157	0	504	79	47	302	371	0	5	488	18	238	458	74	92	85	66	0	26	41	107	209	42	81	222	16	96	100	0	232	21	58	244	171	15	31	25	
k__Bacteria;p__Firmicutes;c__Clostridia;o__Oscillospirales;f__Ruminococcaceae;g__Anaerotruncus	296	320	456	254	5858	556	228	978	325	154	611	196	0	97	47	232	113	22	0	81	0	141	387	128	93	12	181	0	12	0	9	15	26	0	0	0	0	17	14	0	0	0	0	25	22	0	111	195	0	38	0	21	14	45	0	578	268	0	86	150	0	0	96	0	0	0	0	0	5	8	0	0	26	83	118	0	31	47	0	15	9	0	15	0	0	0	6	0	6	11	
k__Bacteria;p__Firmicutes;c__Clostridia;o__Oscillospirales;f__Ruminococcaceae;g__CAG-352	0	0	0	0	0	0	0	0	0	0	0	0	12	0	0	0	0	0	0	0	0	0	0	0	0	0	0	0	0	0	0	0	0	0	0	0	0	0	0	0	0	0	0	0	0	0	0	0	0	0	0	0	0	0	0	0	0	0	0	0	0	0	0	0	0	11	0	0	0	0	0	0	0	0	0	0	0	0	0	0	0	0	0	0	0	0	0	0	0	0	
k__Bacteria;p__Firmicutes;c__Clostridia;o__Oscillospirales;f__Ruminococcaceae;g__Faecalibacterium	65	0	0	18	0	27	37	0	0	0	0	0	0	0	29	49	30	0	9	0	0	0	0	0	0	0	0	0	0	0	0	0	0	0	0	0	0	0	0	0	0	0	0	0	0	0	0	0	0	0	0	12	0	11	0	0	0	25	0	0	0	0	0	0	0	0	150	0	0	0	0	0	8	0	0	0	0	0	0	0	0	0	0	0	0	0	0	0	0	0	
k__Bacteria;p__Firmicutes;c__Clostridia;o__Oscillospirales;f__Ruminococcaceae;g__Harryflintia	12	23	35	0	25	12	56	108	85	0	0	0	11	57	30	15	33	44	0	25	0	0	30	0	38	0	69	0	17	14	19	51	20	0	7	0	20	21	36	0	9	0	0	21	26	0	21	51	0	14	16	0	0	0	0	0	0	5	0	0	0	0	0	0	8	65	0	0	0	5	0	6	7	0	0	0	0	0	0	0	0	0	0	0	0	0	0	0	0	0	
k__Bacteria;p__Firmicutes;c__Clostridia;o__Oscillospirales;f__Ruminococcaceae;g__Incertae Sedis	706	290	780	312	1073	802	831	1298	1746	390	844	753	144	935	938	802	860	577	0	640	304	53	444	564	805	57	2354	15	185	141	130	391	1185	71	133	155	506	261	464	0	100	88	0	707	719	29	315	402	39	796	319	39	53	215	0	234	149	42	89	183	0	0	431	23	101	301	199	61	53	92	0	88	154	104	266	55	54	189	33	19	142	7	422	107	210	262	166	25	75	165	
k__Bacteria;p__Firmicutes;c__Clostridia;o__Oscillospirales;f__Ruminococcaceae;g__Negativibacillus	0	0	0	0	0	0	0	0	0	76	14	16	0	0	0	0	0	0	0	0	0	0	0	0	0	0	0	0	0	0	0	0	0	0	0	0	0	0	0	0	0	0	0	0	0	0	0	0	0	0	0	0	0	0	0	0	0	0	0	0	0	0	0	0	0	0	0	0	0	0	0	0	0	0	0	0	0	0	0	0	0	0	0	0	0	0	0	0	0	0	
k__Bacteria;p__Firmicutes;c__Clostridia;o__Oscillospirales;f__Ruminococcaceae;g__Paludicola	0	0	0	0	0	0	0	0	0	87	0	0	0	0	0	0	0	0	0	0	0	0	0	0	0	0	0	0	0	0	0	0	0	0	0	0	0	0	0	0	0	0	0	0	0	0	0	0	0	0	0	0	0	0	0	0	0	0	0	0	0	0	0	0	0	0	0	0	0	0	0	0	0	0	0	0	0	0	0	0	0	0	0	0	0	0	0	0	0	0	
k__Bacteria;p__Firmicutes;c__Clostridia;o__Oscillospirales;f__Ruminococcaceae;g__Ruminococcus	71	46	500	296	390	690	14	44	8	849	100	243	89	43	121	305	71	196	23	40	25	86	33	32	0	4	148	7	36	5	42	50	55	20	27	0	50	0	0	0	0	0	0	0	0	0	0	0	0	0	0	120	8	28	0	11	0	127	0	0	0	0	0	69	33	126	1670	19	10	13	0	0	45	18	0	32	8	25	9	12	50	0	0	0	0	0	0	103	15	47	
k__Bacteria;p__Firmicutes;c__Clostridia;o__Oscillospirales;f__Ruminococcaceae;g__Subdoligranulum	87	0	0	0	0	0	19	14	7	58	12	10	7	0	0	6	0	20	0	0	0	0	0	0	0	0	0	0	0	0	21	0	0	7	0	0	10	0	0	0	0	0	0	0	0	0	0	0	0	0	0	0	0	0	0	0	0	18	0	0	0	0	0	0	0	0	200	0	0	0	0	0	0	0	0	0	0	0	0	0	0	0	0	0	0	0	0	0	0	0	
k__Bacteria;p__Firmicutes;c__Clostridia;o__Oscillospirales;f__Ruminococcaceae;g__UBA1819	0	0	0	0	0	0	0	0	0	0	0	0	0	0	0	0	0	0	3	21	0	5	12	0	12	0	44	0	0	0	0	0	0	0	3	0	0	6	0	0	0	6	0	8	6	0	0	0	0	86	27	0	0	0	0	0	0	0	0	0	0	0	0	0	0	0	0	0	0	0	0	0	0	0	0	0	0	0	0	0	0	0	10	0	0	8	0	0	0	0	
k__Bacteria;p__Firmicutes;c__Clostridia;o__Oscillospirales;f__Ruminococcaceae;g__[Eubacterium] siraeum group	0	0	0	6	11	11	21	24	16	560	208	205	61	258	128	596	146	610	0	8	0	0	0	0	0	0	0	0	0	0	0	0	0	22	37	12	29	23	27	0	29	0	0	48	50	10	11	0	0	45	10	0	4	18	0	0	0	61	108	34	0	0	15	12	61	126	46	0	0	52	0	19	0	0	0	0	0	8	25	0	0	0	53	7	16	38	0	0	0	8	
k__Bacteria;p__Firmicutes;c__Clostridia;o__Oscillospirales;f__UCG-010;g__	0	2	23	6	14	16	52	5	24	0	36	176	21	47	122	72	10	18	0	0	0	5	0	0	0	0	24	8	0	0	5	0	3	6	7	7	15	11	23	0	0	0	0	14	22	0	0	0	7	13	19	0	0	6	0	0	0	0	0	0	0	0	0	0	5	50	13	3	0	5	0	17	8	0	0	3	0	0	5	0	0	0	0	0	15	0	0	0	0	2	
k__Bacteria;p__Firmicutes;c__Clostridia;o__Oscillospirales;f__[Eubacterium] coprostanoligenes group;g__	385	111	380	92	230	694	810	288	571	360	195	473	285	295	612	879	170	420	25	132	239	114	375	760	65	29	922	11	104	99	116	210	562	86	125	77	190	150	255	0	78	55	0	62	74	23	69	159	23	229	150	66	44	125	0	7	0	12	0	0	0	0	0	6	98	660	225	34	137	197	0	126	131	106	179	9	0	0	97	46	567	0	85	37	4	0	0	86	64	189	
k__Bacteria;p__Firmicutes;c__Clostridia;o__Peptococcales;f__Peptococcaceae;g__	407	199	814	119	533	496	749	1822	1122	355	604	521	326	1028	707	656	422	582	12	191	137	99	424	195	379	38	1857	21	103	73	64	137	310	71	112	141	221	451	426	3	360	97	0	319	174	25	181	959	14	390	405	52	210	191	0	344	89	59	247	99	0	8	400	28	139	427	57	88	90	150	0	297	50	83	179	16	0	14	95	62	61	0	159	32	34	178	112	15	67	57	
k__Bacteria;p__Firmicutes;c__Clostridia;o__Peptococcales;f__Peptococcaceae;g__Peptococcus	179	45	172	24	139	55	133	602	536	163	111	60	24	265	119	208	89	39	0	47	20	16	40	7	35	12	188	17	24	26	0	43	203	0	20	21	33	101	70	0	68	20	0	52	17	3	17	102	0	64	83	11	8	48	0	65	22	15	19	33	0	0	67	7	42	97	9	49	54	13	0	51	7	32	142	5	12	84	0	15	25	0	42	0	0	18	0	0	32	25	
k__Bacteria;p__Firmicutes;c__Clostridia;o__Peptostreptococcales-Tissierellales;f__Anaerovoracaceae;g__Anaerovorax	44	0	8	0	0	0	0	14	10	0	0	0	0	0	0	0	0	12	0	0	0	0	0	0	0	0	21	0	0	0	0	0	0	0	0	0	0	0	0	0	0	0	0	0	0	0	0	0	0	0	3	0	0	0	0	0	0	0	0	0	0	0	0	0	0	0	0	0	0	0	0	0	0	0	0	0	0	0	0	0	0	0	0	0	0	0	0	0	0	0	
k__Bacteria;p__Firmicutes;c__Clostridia;o__Peptostreptococcales-Tissierellales;f__Anaerovoracaceae;g__Family XIII AD3011 group	37	7	48	20	7	31	89	24	58	94	15	24	0	10	37	62	10	39	0	0	11	0	17	29	6	0	94	0	0	0	0	0	0	0	0	0	14	0	0	0	0	0	0	0	0	0	0	0	0	0	7	0	0	0	0	7	0	8	0	0	0	0	0	0	0	0	10	0	0	0	0	0	16	0	0	9	0	0	0	0	12	0	0	0	0	0	0	0	0	0	
k__Bacteria;p__Firmicutes;c__Clostridia;o__Peptostreptococcales-Tissierellales;f__Anaerovoracaceae;g__Family XIII UCG-001	265	70	188	38	187	141	87	288	219	209	246	170	8	213	109	163	117	82	0	106	13	15	61	32	54	17	137	0	34	18	14	62	44	16	21	17	156	99	166	0	30	11	0	58	28	0	26	40	0	85	39	9	26	36	0	86	16	0	23	19	0	0	39	9	30	87	19	23	14	35	0	29	22	24	25	8	0	38	15	12	14	5	39	0	37	31	16	0	6	15	
k__Bacteria;p__Firmicutes;c__Clostridia;o__Peptostreptococcales-Tissierellales;f__Anaerovoracaceae;g__[Eubacterium] brachy group	45	9	47	0	24	7	18	37	61	0	10	6	5	47	13	24	23	30	0	8	0	4	7	4	19	0	38	0	17	0	16	10	16	4	0	0	16	18	10	0	0	0	0	0	0	0	0	30	0	50	91	7	0	36	0	7	0	0	0	0	0	0	0	0	0	21	0	0	0	0	0	0	0	8	9	0	0	11	0	11	7	0	0	0	0	0	0	0	0	0	
k__Bacteria;p__Firmicutes;c__Clostridia;o__Peptostreptococcales-Tissierellales;f__Anaerovoracaceae;g__[Eubacterium] nodatum group	70	12	62	21	94	143	146	51	84	169	57	120	41	13	47	72	19	76	0	25	27	7	18	34	0	0	153	0	10	0	0	0	14	6	11	0	0	0	0	0	0	0	0	0	0	0	0	0	0	15	10	0	0	0	0	0	0	0	0	0	0	0	0	0	0	0	0	7	0	0	0	0	10	4	0	0	0	0	11	0	0	0	0	0	7	4	9	0	0	0	
k__Bacteria;p__Firmicutes;c__Clostridia;o__Peptostreptococcales-Tissierellales;f__Peptostreptococcaceae;g__	0	0	0	0	0	0	0	0	0	0	0	0	0	0	0	0	0	0	0	0	0	0	0	0	0	0	0	20	0	0	0	0	0	0	0	0	63	0	0	0	0	0	0	0	0	0	0	0	0	0	0	0	0	0	0	0	0	18	0	0	0	0	0	0	0	0	0	0	0	0	0	0	0	0	0	0	0	0	0	0	0	0	0	0	0	0	0	0	0	0	
k__Bacteria;p__Firmicutes;c__Clostridia;o__Peptostreptococcales-Tissierellales;f__Peptostreptococcaceae;g__Intestinibacter	0	0	0	0	0	0	14	0	0	0	0	0	0	0	0	0	0	0	0	0	0	0	0	0	0	0	0	0	0	0	0	0	0	0	0	0	0	0	0	0	0	0	0	0	0	0	0	0	0	0	0	0	0	0	0	0	0	0	0	0	0	0	0	0	0	0	62	0	0	0	0	0	0	0	0	0	0	0	0	0	0	0	0	0	0	0	0	0	0	0	
k__Bacteria;p__Firmicutes;c__Clostridia;o__Peptostreptococcales-Tissierellales;f__Peptostreptococcaceae;g__Paraclostridium	0	0	0	0	0	0	0	0	0	48	0	0	0	0	0	0	0	0	0	0	0	0	0	0	0	0	0	0	0	0	0	0	0	0	0	0	0	0	0	0	0	0	0	0	0	0	0	0	0	0	0	0	0	0	0	0	0	0	0	0	0	0	0	0	0	0	0	0	0	0	0	0	0	0	0	0	0	0	0	0	0	0	0	0	0	0	0	0	0	0	
k__Bacteria;p__Firmicutes;c__Clostridia;o__Peptostreptococcales-Tissierellales;f__Peptostreptococcaceae;g__Peptoclostridium	0	0	0	0	4	7	0	0	8	0	0	0	0	0	4	0	0	0	0	0	0	0	0	0	0	0	0	0	0	0	0	0	0	0	0	0	0	0	0	0	0	0	0	0	0	0	0	0	0	0	0	0	0	0	0	0	0	0	0	0	0	0	0	0	0	0	0	0	0	0	0	0	0	0	0	0	0	0	0	0	0	0	0	0	0	0	0	0	0	0	
k__Bacteria;p__Firmicutes;c__Clostridia;o__Peptostreptococcales-Tissierellales;f__Peptostreptococcaceae;g__Romboutsia	357	0	0	23	10	0	82	14	0	416	19	10	31	16	8	134	10	190	67	35	291	142	185	85	21	397	44	373	0	6	313	0	19	192	42	0	257	11	18	0	0	0	0	6	0	232	14	14	66	10	71	390	19	50	0	119	6	203	17	0	0	0	30	83	92	22	477	7	0	0	0	0	0	0	0	0	0	0	0	0	0	0	0	0	0	0	0	0	0	0	
k__Bacteria;p__Firmicutes;c__Clostridia;o__Peptostreptococcales-Tissierellales;f__Peptostreptococcaceae;g__Terrisporobacter	0	0	0	0	0	0	0	0	0	0	0	0	0	0	0	0	0	0	0	0	0	0	0	0	0	0	0	0	0	0	0	0	0	0	0	0	0	0	0	0	0	0	0	0	0	0	0	0	0	0	0	68	0	0	0	0	0	0	0	0	0	0	0	0	0	0	115	0	0	0	0	0	0	0	0	0	0	0	0	0	0	0	0	0	0	0	0	0	0	0	
k__Bacteria;p__Firmicutes;c__Negativicutes;o__Acidaminococcales;f__Acidaminococcaceae;g__Acidaminococcus	77	0	0	0	0	0	0	0	0	0	0	0	0	0	0	24	0	0	0	0	0	0	0	0	0	0	0	0	0	0	0	0	0	0	0	0	0	0	0	0	0	0	0	0	0	0	0	0	0	0	0	0	0	0	0	0	0	0	0	0	0	0	0	0	0	0	82	0	0	0	0	0	0	0	0	0	0	0	0	0	0	0	0	0	0	0	0	0	0	0	
k__Bacteria;p__Firmicutes;c__Negativicutes;o__Acidaminococcales;f__Acidaminococcaceae;g__Phascolarctobacterium	187	0	0	4	5	0	18	0	0	0	0	0	0	0	0	0	5	0	0	0	5	0	0	0	0	0	0	0	0	0	0	0	0	0	0	0	0	0	0	0	0	0	0	0	0	6	0	10	0	7	0	0	0	0	0	0	0	0	0	0	0	0	0	0	0	0	0	0	0	0	0	0	0	0	0	0	0	0	0	0	0	0	0	0	0	0	0	0	0	0	
k__Bacteria;p__Firmicutes;c__Negativicutes;o__Veillonellales-Selenomonadales;f__Selenomonadaceae;g__Centipeda	0	0	0	0	0	0	0	0	0	0	0	0	4	0	0	0	0	0	0	0	0	0	0	0	0	0	0	0	0	0	0	0	0	0	0	0	0	0	0	0	0	0	0	0	0	0	0	0	0	0	0	0	0	0	0	0	0	0	0	0	0	0	0	0	0	0	0	0	0	0	0	0	0	0	0	0	0	0	0	0	0	0	0	0	0	0	0	0	0	0	
k__Bacteria;p__Firmicutes;c__Negativicutes;o__Veillonellales-Selenomonadales;f__Selenomonadaceae;g__Megamonas	0	0	0	0	6	0	0	5	0	0	0	0	0	0	0	9	4	0	0	0	0	0	0	0	0	0	0	0	0	0	0	0	0	0	0	0	0	0	0	0	0	0	0	0	0	0	0	0	0	0	0	0	0	0	0	0	0	0	0	0	0	0	0	0	0	0	0	0	0	0	0	0	0	0	0	0	0	0	0	0	0	0	0	0	0	0	0	0	0	0	
k__Bacteria;p__Firmicutes;c__Negativicutes;o__Veillonellales-Selenomonadales;f__Veillonellaceae;g__Dialister	0	0	0	9	0	0	0	0	0	148	0	0	0	0	0	0	0	6	0	0	0	0	0	0	0	0	0	0	0	0	0	0	0	0	0	0	0	0	0	0	0	0	0	0	0	0	0	0	0	0	0	0	0	0	0	0	0	0	0	0	0	0	0	0	0	0	39	0	0	0	0	0	0	0	0	0	0	0	0	0	0	0	0	0	0	0	0	0	0	0	
k__Bacteria;p__Firmicutes;c__Negativicutes;o__Veillonellales-Selenomonadales;f__Veillonellaceae;g__Megasphaera	0	0	0	3	0	0	13	0	0	0	0	0	0	0	0	0	0	0	0	0	0	0	0	0	0	0	0	0	0	0	0	0	0	0	0	0	0	0	0	0	0	0	0	0	0	0	0	0	0	0	0	0	0	0	0	0	0	0	0	0	0	0	0	0	0	0	0	0	0	0	0	0	0	0	0	0	0	0	0	0	0	0	0	0	0	0	0	0	0	0	
k__Bacteria;p__Firmicutes;c__Negativicutes;o__Veillonellales-Selenomonadales;f__Veillonellaceae;g__Veillonella	0	0	0	5	0	0	0	3	0	0	0	0	25	3	0	0	0	0	0	0	0	0	0	0	0	0	0	0	0	0	0	0	0	0	0	0	0	0	0	0	0	0	0	0	0	0	0	0	0	0	0	0	0	0	0	0	0	0	0	0	0	0	0	0	0	0	0	0	0	0	0	0	0	0	0	0	0	0	0	0	0	0	0	0	0	0	0	0	0	0	
k__Bacteria;p__Firmicutes;c__Symbiobacteriia;o__Symbiobacteriales;f__Caldinitratiruptor;g__	3	0	0	7	4	0	0	0	0	4	0	0	0	0	0	0	0	0	0	0	0	0	0	0	0	0	0	0	0	0	0	0	0	0	0	0	0	0	0	0	0	0	0	0	0	0	0	0	0	0	0	0	0	0	0	0	0	0	0	0	0	0	0	0	0	0	0	0	0	0	0	0	0	0	0	0	0	0	0	0	0	0	0	0	0	0	0	0	0	0	
k__Bacteria;p__Fusobacteriota;c__Fusobacteriia;o__Fusobacteriales;f__Fusobacteriaceae;g__Fusobacterium	0	0	0	0	0	0	0	0	0	0	0	0	0	0	0	0	0	0	0	0	0	0	0	0	0	0	0	0	0	0	0	0	0	0	0	0	0	0	0	0	0	0	0	0	0	0	0	0	0	0	0	0	0	0	0	0	0	0	0	0	0	0	0	0	12	0	0	0	0	0	0	0	0	0	0	0	0	0	0	0	0	0	0	0	0	0	0	0	0	3	
k__Bacteria;p__Fusobacteriota;c__Fusobacteriia;o__Fusobacteriales;f__Leptotrichiaceae;g__Leptotrichia	0	0	0	7	0	0	0	0	0	0	0	0	0	0	0	0	0	0	0	0	0	0	0	0	0	0	0	0	0	0	0	0	0	0	0	0	0	0	0	0	0	0	0	0	0	0	0	0	0	0	0	0	0	0	0	0	0	0	0	0	0	0	0	0	0	0	0	0	0	0	0	0	0	0	0	0	0	0	0	0	0	0	0	0	0	0	0	0	0	0	
k__Bacteria;p__Patescibacteria;c__Saccharimonadia;o__Saccharimonadales;f__Saccharimonadaceae;g__Candidatus Saccharimonas	0	0	0	0	0	0	6	0	0	0	0	0	0	4	0	9	0	3	0	0	0	0	0	0	0	0	0	0	0	0	0	0	0	0	0	0	0	0	0	0	0	0	0	0	0	0	0	0	0	0	0	0	0	0	0	0	0	0	0	0	0	0	0	0	0	0	0	0	0	0	0	0	0	0	0	0	0	0	0	0	0	0	0	0	0	0	0	0	0	0	
k__Bacteria;p__Proteobacteria;c__Alphaproteobacteria;o__Acetobacterales;f__Acetobacteraceae;g__Roseomonas	0	0	0	0	0	0	0	0	0	0	0	0	0	0	0	0	0	0	0	0	0	0	0	0	0	0	0	0	0	0	0	0	0	0	0	0	0	0	0	0	0	0	0	0	0	0	0	0	0	0	0	33	0	0	0	0	0	0	0	0	0	0	0	0	0	0	0	0	0	0	0	0	0	0	0	0	0	0	0	0	0	0	0	0	0	0	0	0	0	0	
k__Bacteria;p__Proteobacteria;c__Alphaproteobacteria;o__Azospirillales;f__Azospirillaceae;g__Azospirillum	16	0	0	0	0	0	4	0	0	0	0	0	15	0	0	3	0	0	0	0	0	0	0	0	0	4	0	0	0	0	0	0	0	0	0	0	0	0	0	0	0	0	0	0	0	0	0	0	3	0	0	0	0	0	0	0	0	0	0	0	0	0	0	0	0	0	0	0	0	0	0	0	0	0	0	0	0	0	0	0	0	0	0	0	0	0	0	0	0	0	
k__Bacteria;p__Proteobacteria;c__Alphaproteobacteria;o__Caulobacterales;f__Caulobacteraceae;g__Brevundimonas	0	0	0	0	0	0	0	0	0	0	0	0	2	0	0	0	0	0	0	0	0	0	0	0	0	11	0	0	0	0	0	0	0	0	0	0	0	0	0	0	0	0	0	0	0	0	0	0	0	0	0	0	0	0	0	0	0	0	0	0	0	0	0	0	0	0	2	0	0	0	0	0	0	0	0	0	0	0	0	0	0	0	0	0	0	0	0	0	0	0	
k__Bacteria;p__Proteobacteria;c__Alphaproteobacteria;o__Rhizobiales;f__Beijerinckiaceae;g__Methylobacterium-Methylorubrum	53	0	0	4	0	0	34	0	0	189	0	0	27	0	0	5	0	0	0	0	0	0	0	0	0	0	0	3	0	0	0	0	0	0	0	0	0	0	0	0	0	0	0	0	0	0	0	0	0	0	0	119	0	0	0	0	0	0	0	0	0	0	0	2	0	0	0	0	0	0	0	0	0	0	0	0	0	0	0	0	0	0	0	0	0	0	0	0	0	0	
k__Bacteria;p__Proteobacteria;c__Alphaproteobacteria;o__Rhizobiales;f__Beijerinckiaceae;g__Methylocella	0	0	0	0	0	0	0	0	0	0	0	0	0	0	0	5	0	0	0	0	0	0	0	0	0	0	0	0	0	0	0	0	0	0	0	0	0	0	0	0	0	0	0	0	0	0	0	0	0	0	0	0	0	0	0	0	0	0	0	0	0	0	0	0	0	0	0	0	0	0	0	0	0	0	0	0	0	0	0	0	0	0	0	0	0	0	0	0	0	0	
k__Bacteria;p__Proteobacteria;c__Alphaproteobacteria;o__Rhizobiales;f__Xanthobacteraceae;g__Bradyrhizobium	52	0	0	9	0	0	16	0	0	162	2	0	46	4	0	59	0	2	0	0	0	2	0	0	0	0	0	0	0	0	0	0	0	0	0	0	7	0	0	0	0	0	0	0	0	0	0	0	0	0	0	0	0	0	0	0	0	9	0	0	0	0	3	0	0	0	0	0	0	0	0	0	0	0	0	0	0	0	0	0	0	0	0	0	0	0	0	0	0	0	
k__Bacteria;p__Proteobacteria;c__Alphaproteobacteria;o__Rhizobiales;f__Xanthobacteraceae;g__Xanthobacter	0	0	0	0	0	0	0	0	0	0	0	0	0	0	0	0	0	0	0	0	0	0	0	0	0	0	0	0	0	0	0	0	0	0	0	0	0	0	0	0	0	0	0	0	0	0	0	0	0	0	0	7	0	0	0	0	0	0	0	0	0	0	0	0	0	0	0	0	0	0	0	0	0	0	0	0	0	0	0	0	0	0	0	0	0	0	0	0	0	0	
k__Bacteria;p__Proteobacteria;c__Alphaproteobacteria;o__Rhodobacterales;f__Rhodobacteraceae;g__Paracoccus	0	0	0	0	0	0	0	0	0	22	0	0	0	0	0	0	0	0	0	0	0	0	0	0	0	0	0	0	0	0	0	0	0	0	0	0	0	0	0	0	0	0	0	0	0	0	0	0	0	0	0	0	0	0	0	0	0	0	0	0	0	0	0	0	0	0	0	0	0	0	0	0	0	0	0	0	0	0	0	0	0	0	0	0	0	0	0	0	0	0	
k__Bacteria;p__Proteobacteria;c__Alphaproteobacteria;o__Rhodobacterales;f__Rhodobacteraceae;g__Rubellimicrobium	0	0	0	0	0	0	0	0	0	45	0	0	0	0	0	0	0	0	0	0	0	0	0	0	0	0	0	0	0	0	0	0	0	0	0	0	0	0	0	0	0	0	0	0	0	0	0	0	0	0	0	0	0	0	0	0	0	0	0	0	0	0	0	0	0	0	0	0	0	0	0	0	0	0	0	0	0	0	0	0	0	0	0	0	0	0	0	0	0	0	
k__Bacteria;p__Proteobacteria;c__Alphaproteobacteria;o__Rhodospirillales;f__;g__	58	34	93	87	184	234	137	28	91	746	124	228	69	25	34	322	52	75	0	0	31	42	20	17	6	0	121	10	5	6	23	14	26	12	33	16	0	0	12	0	11	0	0	0	0	0	7	6	9	56	8	9	0	11	0	2	0	0	0	0	0	0	0	4	0	0	0	9	17	13	0	0	9	0	12	9	0	15	10	5	31	0	7	16	0	0	0	0	2	0	
k__Bacteria;p__Proteobacteria;c__Alphaproteobacteria;o__Rickettsiales;f__Mitochondria;g__	24	0	0	15	0	0	59	0	0	145	12	0	86	0	0	68	0	0	0	0	69	0	0	0	0	73	26	60	0	0	0	0	0	0	0	0	0	0	0	0	0	0	0	0	0	0	0	0	0	0	0	0	0	0	0	0	0	0	0	0	0	0	0	0	0	0	0	0	0	0	0	0	0	0	0	0	0	0	0	0	0	0	0	0	0	0	0	0	0	0	
k__Bacteria;p__Proteobacteria;c__Alphaproteobacteria;o__Sphingomonadales;f__Sphingomonadaceae;g__Sphingobium	97	0	0	4	0	0	50	0	0	95	0	0	21	0	0	0	0	0	216	154	174	122	164	117	114	47	613	30	67	41	123	137	198	67	86	67	148	150	197	0	135	88	0	135	83	73	79	169	11	352	138	72	66	150	0	225	74	68	70	80	0	0	142	16	94	214	94	128	107	122	0	34	76	74	93	40	32	89	44	44	90	0	100	64	70	97	63	79	35	62	
k__Bacteria;p__Proteobacteria;c__Alphaproteobacteria;o__Sphingomonadales;f__Sphingomonadaceae;g__Sphingomonas	6	0	0	0	0	0	0	0	0	64	0	0	11	0	0	0	0	0	0	0	0	0	0	0	0	0	0	0	0	0	0	0	0	0	0	0	0	0	0	0	0	0	0	0	0	0	0	0	0	0	0	47	0	0	0	0	0	0	0	0	0	0	0	0	0	0	0	0	0	0	0	0	0	0	0	0	0	0	0	0	0	0	0	0	0	0	0	0	0	0	
k__Bacteria;p__Proteobacteria;c__Alphaproteobacteria;o__Sphingomonadales;f__Sphingomonadaceae;g__Sphingopyxis	0	0	0	0	0	0	0	0	0	14	0	0	0	0	0	0	0	0	0	0	0	0	0	0	0	0	0	0	0	0	0	0	0	0	0	0	0	0	0	0	0	0	0	0	0	0	0	0	0	0	0	0	0	0	0	0	0	0	0	0	0	0	0	0	0	0	0	0	0	0	0	0	0	0	0	0	0	0	0	0	0	0	0	0	0	0	0	0	0	0	
k__Bacteria;p__Proteobacteria;c__Gammaproteobacteria;o__Burkholderiales;f__Alcaligenaceae;g__Bordetella	0	0	0	0	0	0	0	0	0	0	0	0	0	0	0	0	0	0	0	0	0	0	0	0	0	0	0	0	0	0	0	0	0	0	0	0	4	0	0	0	0	0	0	0	0	0	0	0	0	0	0	0	0	0	0	0	0	0	0	0	0	0	0	0	0	0	0	0	0	0	0	0	0	0	0	0	0	0	0	0	0	0	0	0	0	0	0	0	0	0	
k__Bacteria;p__Proteobacteria;c__Gammaproteobacteria;o__Burkholderiales;f__Burkholderiaceae;g__Burkholderia-Caballeronia-Paraburkholderia	0	0	0	0	0	0	0	0	0	0	0	0	0	0	0	0	0	0	0	0	0	0	0	0	0	0	0	16	0	0	0	0	0	0	0	0	0	0	0	0	0	0	0	0	0	0	0	0	0	0	0	0	0	0	0	0	0	0	0	0	0	0	0	0	0	0	0	0	0	0	0	0	0	0	0	0	0	0	0	0	0	0	0	0	0	0	0	0	0	0	
k__Bacteria;p__Proteobacteria;c__Gammaproteobacteria;o__Burkholderiales;f__Burkholderiaceae;g__Ralstonia	239	0	0	5	0	0	57	0	0	115	0	0	71	0	0	34	0	0	0	0	0	0	0	0	0	0	0	0	0	0	0	0	0	0	0	0	0	0	0	0	0	0	0	0	0	0	0	0	0	0	0	0	0	0	0	0	0	0	0	0	0	0	0	0	0	0	0	0	0	0	0	0	0	0	0	0	0	0	0	0	0	0	0	0	0	0	0	0	0	0	
k__Bacteria;p__Proteobacteria;c__Gammaproteobacteria;o__Burkholderiales;f__Comamonadaceae;g__Alicycliphilus	0	0	0	0	0	0	0	0	0	69	0	0	0	0	0	0	0	0	0	0	0	0	0	0	0	0	0	0	0	0	0	0	0	0	0	0	0	0	0	0	0	0	0	0	0	0	0	0	0	0	0	0	0	0	0	0	0	0	0	0	0	0	0	0	0	0	0	0	0	0	0	0	0	0	0	0	0	0	0	0	0	0	0	0	0	0	0	0	0	0	
k__Bacteria;p__Proteobacteria;c__Gammaproteobacteria;o__Burkholderiales;f__Comamonadaceae;g__Aquabacterium	0	0	0	0	3	0	0	0	0	0	0	0	19	0	0	0	0	0	0	0	0	0	0	0	0	0	0	0	0	0	0	0	0	0	0	0	0	0	0	0	0	0	0	0	0	0	0	0	0	0	0	0	0	0	0	0	0	0	0	0	0	0	0	0	0	0	0	0	0	0	0	0	0	0	0	0	0	0	0	0	0	0	0	0	0	0	0	0	0	0	
k__Bacteria;p__Proteobacteria;c__Gammaproteobacteria;o__Burkholderiales;f__Comamonadaceae;g__Curvibacter	0	0	0	0	0	0	0	0	0	13	0	0	0	0	0	0	0	0	0	0	0	0	0	0	0	0	0	0	0	0	0	0	0	0	0	0	0	0	0	0	0	0	0	0	0	0	0	0	0	0	0	0	0	0	0	0	0	0	0	0	0	0	0	0	0	0	0	0	0	0	0	0	0	0	0	0	0	0	0	0	0	0	0	0	0	0	0	0	0	0	
k__Bacteria;p__Proteobacteria;c__Gammaproteobacteria;o__Burkholderiales;f__Comamonadaceae;g__Delftia	6	0	0	0	0	0	0	0	0	0	0	0	0	0	0	51	0	0	284	13	9	6	9	6	8	0	31	0	0	0	0	0	9	5	9	0	4	4	0	0	7	0	0	5	0	0	0	0	0	13	4	0	0	0	0	7	0	0	2	0	0	0	0	0	0	0	0	0	0	0	0	0	0	0	0	0	0	0	0	0	4	0	0	0	0	3	0	0	0	0	
k__Bacteria;p__Proteobacteria;c__Gammaproteobacteria;o__Burkholderiales;f__Comamonadaceae;g__Ottowia	0	0	0	0	0	0	0	0	0	0	0	0	0	0	0	24	0	0	0	0	0	0	0	0	0	0	0	0	0	0	0	0	0	0	0	0	0	0	0	0	0	0	0	0	0	0	0	0	0	0	0	0	0	0	0	0	0	0	0	0	0	0	0	0	0	0	0	0	0	0	0	0	0	0	0	0	0	0	0	0	0	0	0	0	0	0	0	0	0	0	
k__Bacteria;p__Proteobacteria;c__Gammaproteobacteria;o__Burkholderiales;f__Comamonadaceae;g__Tepidimonas	0	0	0	3	0	0	0	0	0	58	0	0	0	0	0	0	0	0	0	0	0	0	0	0	0	0	0	0	0	0	0	0	0	0	0	0	0	0	0	0	0	0	0	0	0	0	0	0	0	0	0	0	0	0	0	0	0	0	0	0	0	0	0	0	0	0	0	0	0	0	0	0	0	0	0	0	0	0	0	0	0	0	0	0	0	0	0	0	0	0	
k__Bacteria;p__Proteobacteria;c__Gammaproteobacteria;o__Burkholderiales;f__Hydrogenophilaceae;g__Hydrogenophilus	169	0	0	64	0	8	81	8	0	400	15	0	85	4	3	251	3	0	0	0	0	0	0	0	0	0	0	0	0	0	0	0	0	0	0	0	0	0	0	0	0	0	0	0	0	0	0	0	0	0	0	0	0	0	0	0	0	0	0	0	0	0	0	0	0	0	0	0	0	0	0	0	0	0	0	0	0	0	0	0	0	0	0	0	0	0	0	0	0	0	
k__Bacteria;p__Proteobacteria;c__Gammaproteobacteria;o__Burkholderiales;f__Neisseriaceae;g__	0	0	0	0	0	0	0	0	0	0	0	0	9	0	0	0	0	0	0	0	0	0	0	0	0	0	0	0	0	0	0	0	0	0	0	0	0	0	0	0	0	0	0	0	0	0	0	0	0	0	0	0	0	0	0	0	0	0	0	0	0	0	0	0	0	0	0	0	0	0	0	0	0	0	0	0	0	0	0	0	0	0	0	0	0	0	0	0	0	0	
k__Bacteria;p__Proteobacteria;c__Gammaproteobacteria;o__Burkholderiales;f__Neisseriaceae;g__Eikenella	0	0	0	0	0	0	13	0	0	0	0	0	0	0	0	0	0	0	0	0	0	0	0	0	0	0	0	0	0	0	0	0	0	0	0	0	0	0	0	0	0	0	0	0	0	0	0	0	0	0	0	0	0	0	0	0	0	0	0	0	0	0	0	0	0	0	0	0	0	0	0	0	0	0	0	0	0	0	0	0	0	0	0	0	0	0	0	0	0	0	
k__Bacteria;p__Proteobacteria;c__Gammaproteobacteria;o__Burkholderiales;f__Neisseriaceae;g__Kingella	81	0	0	0	0	0	0	0	0	0	0	0	0	0	0	0	0	0	0	0	0	0	0	0	0	0	0	0	0	0	0	0	0	0	0	0	0	0	0	0	0	0	0	0	0	0	0	0	0	0	0	0	0	0	0	0	0	0	0	0	0	0	0	0	0	0	0	0	0	0	0	0	0	0	0	0	0	0	0	0	0	0	0	0	0	0	0	0	0	0	
k__Bacteria;p__Proteobacteria;c__Gammaproteobacteria;o__Burkholderiales;f__Neisseriaceae;g__Neisseria	0	0	0	12	0	0	0	0	0	12	0	0	0	0	0	0	0	0	0	0	0	0	0	0	0	0	0	0	0	0	0	0	0	0	0	0	0	0	11	0	0	0	0	0	0	0	0	0	0	0	0	0	0	0	0	0	0	0	0	0	0	0	0	0	0	0	0	0	0	0	0	0	0	0	0	0	0	0	0	0	0	0	0	0	0	0	0	0	0	0	
k__Bacteria;p__Proteobacteria;c__Gammaproteobacteria;o__Burkholderiales;f__Oxalobacteraceae;g__Janthinobacterium	0	0	0	0	0	0	0	0	0	7	0	0	0	0	0	0	0	0	0	0	0	0	0	0	0	0	0	0	0	0	0	0	0	7	0	0	0	0	0	0	0	0	0	0	0	0	0	0	0	0	0	0	0	0	0	0	0	0	0	0	0	0	0	0	0	0	0	0	0	0	0	0	0	0	0	0	0	0	0	0	0	0	0	0	0	0	0	0	0	0	
k__Bacteria;p__Proteobacteria;c__Gammaproteobacteria;o__Burkholderiales;f__Oxalobacteraceae;g__Massilia	20	0	0	0	0	0	3	0	0	27	0	0	11	0	0	0	0	0	0	0	0	0	0	0	0	0	0	0	0	0	0	0	0	0	0	0	0	0	0	0	0	0	0	0	0	4	0	0	0	0	0	95	0	0	0	0	0	13	0	0	0	0	0	0	0	0	0	0	0	0	0	0	0	0	0	0	0	0	0	0	0	0	0	0	0	0	0	0	0	0	
k__Bacteria;p__Proteobacteria;c__Gammaproteobacteria;o__Burkholderiales;f__Sutterellaceae;g__Parasutterella	1383	487	1944	1933	2905	4015	4115	945	2422	3171	1362	3352	5904	2117	4530	5124	782	842	148	557	561	375	409	467	179	103	2936	216	213	162	235	239	380	346	726	202	372	187	215	2	240	59	0	121	117	40	46	50	84	695	272	134	114	212	0	99	42	189	38	36	0	2	20	56	127	247	205	263	539	480	0	104	402	297	238	263	59	217	277	178	960	8	323	461	314	238	263	282	147	367	
k__Bacteria;p__Proteobacteria;c__Gammaproteobacteria;o__Burkholderiales;f__Sutterellaceae;g__Sutterella	0	0	0	0	0	0	0	0	0	0	0	0	0	0	0	0	0	0	0	0	0	0	0	0	0	0	0	0	0	0	0	0	0	0	0	0	0	0	0	0	0	0	0	0	0	0	0	0	0	0	0	0	0	0	0	4	0	0	0	0	0	0	0	0	0	0	0	0	0	0	0	0	0	0	0	0	0	0	0	0	0	0	0	0	0	0	0	0	0	0	
k__Bacteria;p__Proteobacteria;c__Gammaproteobacteria;o__Cardiobacteriales;f__Cardiobacteriaceae;g__Cardiobacterium	0	0	0	0	0	0	0	0	0	100	2	0	0	0	0	0	0	0	0	0	0	0	0	0	0	0	0	0	0	0	0	0	0	0	0	0	0	0	0	0	0	0	0	0	0	0	0	0	0	0	0	0	0	0	0	0	0	0	0	0	0	0	0	0	0	0	0	0	0	0	0	0	0	0	0	0	0	0	0	0	0	0	0	0	0	0	0	0	0	0	
k__Bacteria;p__Proteobacteria;c__Gammaproteobacteria;o__Diplorickettsiales;f__Diplorickettsiaceae;g__Rickettsiella	0	0	0	0	0	0	0	0	0	0	0	0	0	0	0	11	0	0	0	0	0	0	0	0	0	0	0	0	0	0	0	0	0	0	0	0	0	0	0	0	0	0	0	0	0	0	0	0	0	0	0	0	0	0	0	0	0	0	0	0	0	0	0	0	0	0	0	0	0	0	0	0	0	0	0	0	0	0	0	0	0	0	0	0	0	0	0	0	0	0	
k__Bacteria;p__Proteobacteria;c__Gammaproteobacteria;o__Enterobacterales;f__Enterobacteriaceae;g__Citrobacter	0	0	14	0	11	0	0	17	0	0	9	0	0	0	0	0	0	0	0	0	0	0	0	0	0	0	0	0	0	0	0	0	0	0	0	0	0	0	0	0	0	0	0	0	0	0	0	0	0	0	0	0	0	0	0	0	0	0	0	0	0	0	0	0	0	0	0	0	0	0	0	0	0	0	0	0	0	0	0	0	0	0	0	0	0	0	0	0	0	0	
k__Bacteria;p__Proteobacteria;c__Gammaproteobacteria;o__Enterobacterales;f__Enterobacteriaceae;g__Escherichia-Shigella	147	31	63	35	100	45	90	96	82	311	78	58	252	271	50	130	66	47	69	45	72	107	53	161	11	12	117	0	0	0	17	0	20	29	0	0	9	6	0	0	0	0	0	0	0	0	0	0	18	0	0	71	0	0	0	51	5	14	4	0	0	0	0	0	0	0	0	0	0	11	0	0	11	0	0	0	0	0	0	0	0	12	0	0	46	0	0	0	0	0	
k__Bacteria;p__Proteobacteria;c__Gammaproteobacteria;o__Enterobacterales;f__Enterobacteriaceae;g__Klebsiella	230	0	0	0	0	0	0	0	0	0	0	0	45	0	9	53	0	0	0	0	0	0	0	0	0	0	0	0	0	0	0	0	0	0	0	0	0	0	0	0	0	0	0	0	0	0	0	0	0	3	0	15	0	0	0	0	0	0	0	0	0	0	0	0	0	0	7	0	0	0	0	0	0	0	0	3	0	0	0	0	0	0	0	0	0	0	0	0	0	0	
k__Bacteria;p__Proteobacteria;c__Gammaproteobacteria;o__Enterobacterales;f__Morganellaceae;g__Proteus	0	0	0	0	0	0	0	0	0	21	0	0	6	0	0	0	0	0	0	0	0	0	0	0	0	0	0	0	0	0	0	0	0	0	0	0	0	0	0	0	0	0	0	0	0	0	0	0	0	0	0	0	0	0	0	0	0	0	0	0	0	0	0	0	0	0	0	0	0	0	0	0	0	0	0	0	0	0	0	0	0	0	0	0	0	0	0	0	0	0	
k__Bacteria;p__Proteobacteria;c__Gammaproteobacteria;o__Enterobacterales;f__Pasteurellaceae;g__Aggregatibacter	199	0	0	0	0	0	0	0	0	0	0	0	0	0	0	0	0	0	0	0	0	0	0	0	0	0	0	0	0	0	0	0	0	0	0	0	0	0	0	0	0	0	0	0	0	0	0	0	0	0	0	0	0	0	0	0	0	0	0	0	0	0	0	0	0	0	0	0	0	0	0	0	0	0	0	0	0	0	0	0	0	0	0	0	0	0	0	0	0	0	
k__Bacteria;p__Proteobacteria;c__Gammaproteobacteria;o__Enterobacterales;f__Pasteurellaceae;g__Haemophilus	48	0	0	0	0	0	4	0	0	206	0	0	0	0	0	0	0	0	0	0	0	0	0	0	0	0	0	0	0	0	0	0	0	0	0	0	0	0	0	0	0	0	0	0	0	0	0	0	0	0	0	0	0	0	0	0	0	0	0	0	0	0	0	0	0	0	0	0	0	0	0	0	0	0	0	0	0	0	0	0	0	0	0	0	0	0	0	0	0	0	
k__Bacteria;p__Proteobacteria;c__Gammaproteobacteria;o__Enterobacterales;f__Pasteurellaceae;g__Rodentibacter	0	0	0	0	0	0	0	0	0	0	0	0	0	0	0	0	0	0	0	0	0	0	0	0	0	0	0	0	0	0	0	0	0	0	0	0	0	0	0	0	0	0	0	0	0	0	0	0	0	0	0	0	0	0	0	6	3	0	6	0	0	0	0	0	0	0	0	0	0	0	0	0	0	0	0	0	0	0	0	0	0	0	0	0	0	0	0	0	0	0	
k__Bacteria;p__Proteobacteria;c__Gammaproteobacteria;o__Pseudomonadales;f__Moraxellaceae;g__Acinetobacter	155	0	0	125	10	6	317	0	0	1643	0	7	68	0	0	249	0	3	70	0	4	0	0	0	0	0	12	3	0	0	0	0	6	0	0	0	0	0	0	0	0	0	0	4	0	0	0	0	0	0	0	7	0	0	0	0	0	0	0	0	0	0	0	4	0	0	0	0	0	0	0	0	0	0	0	0	0	0	0	0	0	0	0	0	0	0	0	0	0	0	
k__Bacteria;p__Proteobacteria;c__Gammaproteobacteria;o__Pseudomonadales;f__Pseudomonadaceae;g__Pseudomonas	388	0	11	38	0	4	74	9	14	156	5	8	401	35	28	947	0	26	196882	12173	1896	331	470	336	398	150	1905	165	182	179	370	355	492	263	348	202	433	446	637	23	424	255	0	371	346	211	295	427	40	1201	328	270	196	444	0	642	200	233	193	272	23	0	410	182	279	517	296	300	322	363	3	106	259	208	275	176	107	221	137	101	255	15	299	181	172	259	197	222	154	196	
k__Bacteria;p__Proteobacteria;c__Gammaproteobacteria;o__Thiohalorhabdales;f__Thiohalorhabdaceae;g__Thiohalorhabdus	0	0	0	0	0	0	0	0	2	0	0	0	0	0	0	0	0	0	0	0	0	0	0	0	0	0	0	0	0	0	0	0	0	0	0	0	0	0	0	0	0	0	0	0	0	0	0	0	0	0	0	0	0	0	0	0	0	0	0	0	0	0	0	0	0	0	0	0	0	0	0	0	0	0	0	0	0	0	0	0	0	0	0	0	0	0	0	0	0	0	
k__Bacteria;p__Proteobacteria;c__Gammaproteobacteria;o__Xanthomonadales;f__Xanthomonadaceae;g__Stenotrophomonas	268	0	0	0	0	0	10	0	0	0	0	0	105	0	13	246	0	12	0	0	0	0	0	0	0	0	0	0	0	0	0	0	0	0	0	0	0	0	0	0	0	0	0	0	0	0	0	0	0	0	0	0	0	0	0	0	0	0	0	0	0	0	0	0	0	0	0	0	0	0	0	0	0	0	0	0	0	0	0	0	0	0	0	0	0	0	0	0	0	0	
k__Bacteria;p__Synergistota;c__Synergistia;o__Synergistales;f__Synergistaceae;g__Cloacibacillus	0	0	0	0	0	0	0	0	0	0	0	0	0	0	0	0	0	0	0	0	0	0	0	0	0	0	0	0	0	0	0	0	0	0	0	0	0	0	0	0	0	0	0	0	0	0	0	0	0	0	0	0	0	0	0	0	0	0	0	0	0	0	0	0	0	0	0	0	0	3	0	0	0	0	0	0	0	0	0	0	0	0	0	0	0	0	0	0	0	0	
k__Bacteria;p__Verrucomicrobiota;c__Verrucomicrobiae;o__Verrucomicrobiales;f__Akkermansiaceae;g__Akkermansia	12438	1119	5082	3683	1552	2568	7894	894	2645	6734	367	647	390	85	46	6392	380	4488	15	19	38	118	50	48	14	69	315	36	34	31	56	23	46	60	46	36	59	9	16	12	106	25	0	57	89	67	21	50	61	90	36	914	174	297	0	18	7	72	0	11	0	0	13	14	9	29	66	46	55	7	0	6	132	25	30	98	0	10	282	71	361	9	17	21	28	11	0	625	48	225	
