metadata	feature	value	coef	stderr	N	N.not.0	pval	qval
Site	k__Bacteria.p__Proteobacteria.c__Gammaproteobacteria.o__Burkholderiales.f__Sutterellaceae.g__Parasutterella	Ileum	-0.801198652581127	0.127929735884385	90	0	5.00596303346547e-08	2.45292188639808e-05
Site	k__Bacteria.p__Bacteroidota.c__Bacteroidia.o__Bacteroidales.f__Muribaculaceae.g__	Ileum	-0.549143222839792	0.0903214704649405	90	0	1.00602442279877e-07	2.46475983585699e-05
Site	k__Bacteria.p__Firmicutes.c__Bacilli.o__Lactobacillales.f__Lactobacillaceae.g__Ligilactobacillus	Ileum	0.244608435310893	0.0429503595634373	90	0	4.31115787114644e-07	5.28116839215439e-05
Site	k__Bacteria.p__Bacteroidota.c__Bacteroidia.o__Bacteroidales.f__Muribaculaceae.g__Muribaculum	Ileum	-0.511186754033817	0.0894624403913222	90	0	4.01654314456335e-07	5.28116839215439e-05
Site	k__Bacteria.p__Proteobacteria.c__Gammaproteobacteria.o__Burkholderiales.f__Sutterellaceae.g__Parasutterella	Jejunum	-0.705077641024405	0.127929735884385	90	0	8.57188247497871e-07	8.40044482547914e-05
Site	k__Bacteria.p__Firmicutes.c__Bacilli.o__Erysipelotrichales.f__Erysipelotrichaceae.g__Turicibacter	Ileum	0.629596668167085	0.118895315016479	90	0	1.90920550612277e-06	0.000133644385428594
Site	k__Bacteria.p__Firmicutes.c__Clostridia.o__Clostridiales.f__Clostridiaceae.g__Candidatus.Arthromitus	Ileum	0.931156994373714	0.174795464672055	90	0	1.69828176929752e-06	0.000133644385428594
Site	k__Bacteria.p__Firmicutes.c__Bacilli.o__Bacillales.f__Bacillaceae.g__Bacillus	Ileum	0.124051791367567	0.0265325057674813	90	0	1.79502562101706e-05	0.00109945319287295
Site	k__Bacteria.p__Firmicutes.c__Clostridia.o__Lachnospirales.f__Lachnospiraceae.g__Lachnospiraceae.UCG.006	Ileum	-0.345978856398398	0.0771666411648045	90	0	3.51873705812039e-05	0.00191575684275444
Site	k__Bacteria.p__Firmicutes.c__Bacilli.o__Lactobacillales.f__Lactobacillaceae.g__Ligilactobacillus	Jejunum	0.173251412799615	0.0429503595634373	90	0	0.000162485212921907	0.00796177543317346
Site	k__Bacteria.p__Desulfobacterota.c__Desulfovibrionia.o__Desulfovibrionales.f__Desulfovibrionaceae.g__Desulfovibrio	Ileum	-0.297845668958471	0.0757857333107157	90	0	0.000228757067442085	0.0101900875496929
Sex	k__Bacteria.p__Firmicutes.c__Clostridia.o__Lachnospirales.f__Lachnospiraceae.g__Dorea	Female	-0.668510201713754	0.169122479982188	90	0	0.000528657406779112	0.0215868441101471
Site	k__Bacteria.p__Bacteroidota.c__Bacteroidia.o__Bacteroidales.f__Muribaculaceae.g__Muribaculum	Jejunum	-0.323991790644039	0.0894624403913222	90	0	0.000616893432254247	0.0232521370618909
Site	k__Bacteria.p__Proteobacteria.c__Alphaproteobacteria.o__Rhizobiales.f__Rhizobiaceae.g__Mesorhizobium	Ileum	-0.328547292349467	0.0919964996060464	90	0	0.000722176389441384	0.0252761736304485
Sex	k__Bacteria.p__Firmicutes.c__Bacilli.o__Staphylococcales.f__Staphylococcaceae.g__Jeotgalicoccus	Female	-0.320833094198551	0.0847355069176254	90	0	0.000814271011597013	0.0265995197121691
Site	k__Bacteria.p__Desulfobacterota.c__Desulfovibrionia.o__Desulfovibrionales.f__Desulfovibrionaceae.g__Bilophila	Ileum	-0.41501798270933	0.121943053692967	90	0	0.0012125061720355	0.0371330015185872
Site	k__Bacteria.p__Firmicutes.c__Bacilli.o__Lactobacillales.f__Lactobacillaceae.g__HT002	Ileum	-0.174966423109171	0.0519243452921216	90	0	0.0013433301814501	0.0387195169947382
Sex	k__Bacteria.p__Firmicutes.c__Clostridia.o__Lachnospirales.f__Lachnospiraceae.g__Anaerostipes	Female	-0.565400115354398	0.160051629036171	90	0	0.00156120821040085	0.0402627380577063
Genotype	k__Bacteria.p__Firmicutes.c__Clostridia.o__Lachnospirales.f__Lachnospiraceae.g__Dorea	HET	-0.682336564286478	0.192904959350136	90	0	0.00154320947715094	0.0402627380577063
Site	k__Bacteria.p__Firmicutes.c__Clostridia.o__Oscillospirales.f__UCG.010.g__	Ileum	-0.240455277209254	0.0730723032565687	90	0	0.00170382994772111	0.0417438337191671
Site	k__Bacteria.p__Firmicutes.c__Bacilli.o__Lactobacillales.f__Lactobacillaceae.g__	Ileum	-0.179961681081756	0.0565237337333362	90	0	0.00233809005719689	0.0535988420763175
Site	k__Bacteria.p__Firmicutes.c__Bacilli.o__Lactobacillales.f__Lactobacillaceae.g__Limosilactobacillus	Ileum	-0.174623140811941	0.0550168635944714	90	0	0.00240647862383466	0.0535988420763175
Site	k__Bacteria.p__Firmicutes.c__Bacilli.o__Erysipelotrichales.f__Erysipelotrichaceae.g__	Ileum	-0.445901601809582	0.14431539178064	90	0	0.00307416467134714	0.0654930734330478
Site	k__Bacteria.p__Firmicutes.c__Clostridia.o__Lachnospirales.f__Lachnospiraceae.g__Marvinbryantia	Ileum	-0.403004469264105	0.133248626426912	90	0	0.00370735674527608	0.07569186688272
Sex	k__Bacteria.p__Actinobacteriota.c__Coriobacteriia.o__Coriobacteriales.f__Atopobiaceae.g__Coriobacteriaceae.UCG.002	Female	-0.623651505748028	0.200195612684246	90	0	0.00444155279573442	0.0806059581448099
Sex	k__Bacteria.p__Desulfobacterota.c__Desulfovibrionia.o__Desulfovibrionales.f__Desulfovibrionaceae.g__Bilophila	Female	-0.558455760335569	0.178695147734037	90	0	0.00433390186933722	0.0806059581448099
Site	k__Bacteria.p__Firmicutes.c__Clostridia.o__Oscillospirales.f__Ruminococcaceae.g__Incertae.Sedis	Ileum	-0.472211555283235	0.159033232521573	90	0	0.00433514139369222	0.0806059581448099
Site	k__Bacteria.p__Firmicutes.c__Clostridia.o__Clostridia.UCG.014.f__.g__	Ileum	-0.405837078969537	0.140335218483168	90	0	0.00538244900166902	0.0941928575292078
Genotype	k__Bacteria.p__Firmicutes.c__Bacilli.o__Erysipelotrichales.f__Erysipelotrichaceae.g__Turicibacter	HET	-0.726156599500372	0.241689352186152	90	0	0.00582143428313174	0.0943721049158632
Site	k__Bacteria.p__Firmicutes.c__Clostridia.o__Lachnospirales.f__Lachnospiraceae.g__Lachnoclostridium	Ileum	-0.283675525066456	0.0986848154166131	90	0	0.00564752760177381	0.0943721049158632
Site	k__Bacteria.p__Firmicutes.c__Clostridia.o__Lachnospirales.f__Lachnospiraceae.g__Lachnospiraceae.FCS020.group	Ileum	-0.374400576537652	0.131165529591811	90	0	0.00597048010692196	0.0943721049158632
Sex	k__Bacteria.p__Actinobacteriota.c__Actinobacteria.o__Bifidobacteriales.f__Bifidobacteriaceae.g__Bifidobacterium	Female	-0.788626692598508	0.265055997951991	90	0	0.00624832966404063	0.0956775479806221
Genotype	k__Bacteria.p__Firmicutes.c__Clostridia.o__Lachnospirales.f__Lachnospiraceae.g__ASF356	HET	0.422778858974985	0.146490301358142	90	0	0.00774679007338344	0.115028095029027
Site	k__Bacteria.p__Firmicutes.c__Clostridia.o__Lachnospirales.f__Lachnospiraceae.g__Lachnospiraceae.UCG.001	Ileum	-0.231949737913436	0.0863827221162497	90	0	0.00943765304425535	0.121696052412766
Genotype	k__Bacteria.p__Actinobacteriota.c__Coriobacteriia.o__Coriobacteriales.f__Atopobiaceae.g__Coriobacteriaceae.UCG.002	HET	-0.643175583306345	0.228347683471751	90	0	0.0091409636398863	0.121696052412766
Site	k__Bacteria.p__Bacteroidota.c__Bacteroidia.o__Bacteroidales.f__Tannerellaceae.g__Parabacteroides	Ileum	-0.434771492676655	0.161682248235269	90	0	0.0093401787062873	0.121696052412766
Site	k__Bacteria.p__Firmicutes.c__Bacilli.o__Lactobacillales.f__Enterococcaceae.g__Enterococcus	Ileum	0.272922894189795	0.100913233866705	90	0	0.00896308798955665	0.121696052412766
Site	k__Bacteria.p__Firmicutes.c__Clostridia.o__Lachnospirales.f__Lachnospiraceae.g__Fusicatenibacter	Jejunum	0.185685899440102	0.0693691851115275	90	0	0.00893706920465278	0.121696052412766
Site	k__Bacteria.p__Actinobacteriota.c__Coriobacteriia.o__Coriobacteriales.f__Coriobacteriales.Incertae.Sedis.g__	Ileum	-0.183107836342401	0.069947301121356	90	0	0.0112699389045912	0.141596668288453
Site	k__Bacteria.p__Bacteroidota.c__Bacteroidia.o__Bacteroidales.f__Marinifilaceae.g__Odoribacter	Ileum	-0.432154945497585	0.165957310982762	90	0	0.0116828035363143	0.142013707312998
Site	k__Bacteria.p__Firmicutes.c__Clostridia.o__Clostridia.UCG.014.f__.g__	Jejunum	-0.36452000063085	0.140335218483168	90	0	0.0118827795914957	0.142013707312998
Site	k__Bacteria.p__Bacteroidota.c__Bacteroidia.o__Bacteroidales.f__Muribaculaceae.g__	Jejunum	-0.228962315194554	0.0903214704649405	90	0	0.0139652679806938	0.159139100245115
Genotype	k__Bacteria.p__Firmicutes.c__Clostridia.o__Lachnospirales.f__Lachnospiraceae.g__Lachnospiraceae.UCG.001	HET	0.57988141347626	0.219718851050789	90	0	0.0138574930664382	0.159139100245115
Sex	k__Bacteria.p__Firmicutes.c__Bacilli.o__Lactobacillales.f__Lactobacillaceae.g__HT002	Female	0.270952173712868	0.103795715528575	90	0	0.0148091053112542	0.164919581875331
Genotype	k__Bacteria.p__Firmicutes.c__Bacilli.o__Lactobacillales.f__Lactobacillaceae.g__Lactobacillus	HET	0.42029028578916	0.167214130775344	90	0	0.0184840189697582	0.195933136076725
Site	k__Bacteria.p__Firmicutes.c__Clostridia.o__Lachnospirales.f__Lachnospiraceae.g__	Ileum	-0.236740131930749	0.0979297518574491	90	0	0.018793586521645	0.195933136076725
Site	k__Bacteria.p__Bacteroidota.c__Bacteroidia.o__Bacteroidales.f__Rikenellaceae.g__Rikenellaceae.RC9.gut.group	Ileum	-0.262921917983687	0.108001543042386	90	0	0.0180140729236698	0.195933136076725
Genotype	k__Bacteria.p__Firmicutes.c__Bacilli.o__Erysipelotrichales.f__Erysipelotrichaceae.g__Faecalibaculum	HET	-0.695443901981603	0.279064611161052	90	0	0.0194030612882646	0.198072917317701
Site	k__Bacteria.p__Firmicutes.c__Clostridia.o__Peptostreptococcales.Tissierellales.f__Anaerovoracaceae.g__.Eubacterium..brachy.group	Ileum	-0.279789561146389	0.117227546574472	90	0	0.0202815488632497	0.202815488632497
Site	k__Bacteria.p__Proteobacteria.c__Alphaproteobacteria.o__Rhizobiales.f__Rhizobiaceae.g__Mesorhizobium	Jejunum	-0.213434099937099	0.0919964996060464	90	0	0.0238795833756295	0.234019917081169
Site	k__Bacteria.p__Actinobacteriota.c__Coriobacteriia.o__Coriobacteriales.f__Eggerthellaceae.g__Enterorhabdus	Ileum	-0.152906118479973	0.0662388521891865	90	0	0.0245614665537701	0.235982717869555
Genotype	k__Bacteria.p__Firmicutes.c__Clostridia.o__Eubacteriales.f__Anaerofustaceae.g__Anaerofustis	HET	-0.397847510376624	0.167999689759998	90	0	0.0255956294911475	0.241189585589659
Genotype	k__Bacteria.p__Firmicutes.c__Bacilli.o__Lactobacillales.f__Lactobacillaceae.g__	HET	1.33407909252583	0.570335351558688	90	0	0.0272871070911907	0.247605231012656
Genotype	k__Bacteria.p__Actinobacteriota.c__Coriobacteriia.o__Coriobacteriales.f__Atopobiaceae.g__Coriobacteriaceae.UCG.002	MUT	-0.64513216720895	0.275059964103077	90	0	0.0269109852827129	0.247605231012656
Sex	k__Bacteria.p__Firmicutes.c__Clostridia.o__Clostridia.UCG.014.f__.g__	Female	-0.443241453703027	0.190836801469697	90	0	0.0282929374864827	0.2520643521523
Genotype	k__Bacteria.p__Firmicutes.c__Clostridia.o__Oscillospirales.f__Ruminococcaceae.g__UBA1819	MUT	-0.252138193835607	0.109459009032581	90	0	0.029501603608695	0.258139031576081
Genotype	k__Bacteria.p__Actinobacteriota.c__Coriobacteriia.o__Coriobacteriales.f__Coriobacteriales.Incertae.Sedis.g__	HET	-0.31723783095649	0.138551852385748	90	0	0.0304043590828046	0.261370806150425
Site	k__Bacteria.p__Desulfobacterota.c__Desulfovibrionia.o__Desulfovibrionales.f__Desulfovibrionaceae.g__Bilophila	Jejunum	-0.266502018087165	0.121943053692967	90	0	0.0329067338312046	0.273293213174411
Site	k__Bacteria.p__Firmicutes.c__Clostridia.o__Monoglobales.f__Monoglobaceae.g__Monoglobus	Ileum	-0.214137343647296	0.0979120613057714	90	0	0.0327857616364108	0.273293213174411
Site	k__Bacteria.p__Firmicutes.c__Clostridia.o__Lachnospirales.f__Lachnospiraceae.g__Lachnospiraceae.UCG.006	Jejunum	-0.162531522267441	0.0771666411648045	90	0	0.0395214786787605	0.294929701651598
Sex	k__Bacteria.p__Firmicutes.c__Bacilli.o__Erysipelotrichales.f__Erysipelotrichaceae.g__Faecalibaculum	Female	-0.527838275348238	0.244659853607796	90	0	0.0403911196210115	0.294929701651598
Site	k__Bacteria.p__Firmicutes.c__Bacilli.o__Staphylococcales.f__Staphylococcaceae.g__Staphylococcus	Ileum	0.20891828215748	0.100064620428842	90	0	0.0412148506178291	0.294929701651598
Sex	k__Bacteria.p__Proteobacteria.c__Gammaproteobacteria.o__Enterobacterales.f__Enterobacteriaceae.g__Citrobacter	Female	-0.165261530096873	0.0752995355814767	90	0	0.0373121732384876	0.294929701651598
Genotype	k__Bacteria.p__Firmicutes.c__Clostridia.o__Lachnospirales.f__Lachnospiraceae.g__Marvinbryantia	MUT	-0.633240029278351	0.29157453804445	90	0	0.0391794435717336	0.294929701651598
Sex	k__Bacteria.p__Cyanobacteria.c__Vampirivibrionia.o__Gastranaerophilales.f__.g__	Female	-0.418954660023023	0.19403848099547	90	0	0.0402463696911101	0.294929701651598
Site	k__Bacteria.p__Firmicutes.c__Bacilli.o__RF39.f__.g__	Ileum	-0.289161618303682	0.139245322842417	90	0	0.042275705895787	0.294929701651598
Site	k__Bacteria.p__Proteobacteria.c__Gammaproteobacteria.o__Burkholderiales.f__Burkholderiaceae.g__Ralstonia	Ileum	-0.28906059995347	0.137060158550555	90	0	0.039272454935271	0.294929701651598
Genotype	k__Bacteria.p__Proteobacteria.c__Gammaproteobacteria.o__Burkholderiales.f__Burkholderiaceae.g__Ralstonia	HET	0.769728363321579	0.352576986100982	90	0	0.0382443899336002	0.294929701651598
Site	k__Bacteria.p__Firmicutes.c__Clostridia.o__Christensenellales.f__Christensenellaceae.g__	Ileum	-0.188065514931189	0.0907711619315463	90	0	0.0427347118719662	0.294929701651598
Sex	k__Bacteria.p__Firmicutes.c__Clostridia.o__Eubacteriales.f__Anaerofustaceae.g__Anaerofustis	Female	-0.315716619929004	0.147287681271472	90	0	0.0415960988430345	0.294929701651598
Genotype	k__Bacteria.p__Firmicutes.c__Bacilli.o__Staphylococcales.f__Staphylococcaceae.g__Jeotgalicoccus	HET	-0.208186181898585	0.0966512525075274	90	0	0.0406866833766921	0.294929701651598
Genotype	k__Bacteria.p__Firmicutes.c__Clostridia.o__Clostridia.UCG.014.f__.g__	HET	-0.462351083177707	0.217672809870687	90	0	0.0433383236226378	0.294941369098507
Site	k__Bacteria.p__Bacteroidota.c__Bacteroidia.o__Bacteroidales.f__Rikenellaceae.g__Alistipes	Ileum	-0.367211138657461	0.178690525570916	90	0	0.0443910852172723	0.296193193445828
Sex	k__Bacteria.p__Cyanobacteria.c__Cyanobacteriia.o__Chloroplast.f__.g__	Female	-0.550078799469894	0.260825280976575	90	0	0.04473121696937	0.296193193445828
Sex	k__Bacteria.p__Firmicutes.c__Clostridia.o__Lachnospirales.f__Lachnospiraceae.g__Lachnospiraceae.UCG.006	Female	-0.388114926017454	0.185008429849972	90	0	0.0457892539082917	0.299156458867506
Genotype	k__Bacteria.p__Firmicutes.c__Bacilli.o__Lactobacillales.f__Lactobacillaceae.g__Lactobacillus	MUT	0.420980569830653	0.201420536040968	90	0	0.0465378285987442	0.300046526491903
Site	k__Bacteria.p__Cyanobacteria.c__Cyanobacteriia.o__Chloroplast.f__.g__	Ileum	-0.37742454061023	0.186394350133675	90	0	0.047492355491098	0.302224080397896
Genotype	k__Bacteria.p__Firmicutes.c__Bacilli.o__Lactobacillales.f__Lactobacillaceae.g__Limosilactobacillus	HET	0.614243188301395	0.29617844676676	90	0	0.0481309437507322	0.302361056895625
Genotype	k__Bacteria.p__Firmicutes.c__Clostridia.o__Lachnospirales.f__Lachnospiraceae.g__ASF356	MUT	0.364377981060493	0.176457305896008	90	0	0.0490319861594775	0.304122445799291
Site	k__Bacteria.p__Actinobacteriota.c__Coriobacteriia.o__Coriobacteriales.f__Eggerthellaceae.g__Parvibacter	Jejunum	0.119591297206078	0.059766981168764	90	0	0.0500840046631706	0.30676452856192
Genotype	k__Bacteria.p__Proteobacteria.c__Alphaproteobacteria.o__Rhizobiales.f__Rhizobiaceae.g__Mesorhizobium	HET	0.254698749321447	0.12493115163197	90	0	0.051767531310014	0.313161609159344
Genotype	k__Bacteria.p__Firmicutes.c__Clostridia.o__Oscillospirales.f__Ruminococcaceae.g__Incertae.Sedis	HET	-0.470424558509456	0.231665260558248	90	0	0.0526374924523528	0.314541113434791
Site	k__Bacteria.p__Firmicutes.c__Bacilli.o__Lactobacillales.f__Lactobacillaceae.g__Limosilactobacillus	Jejunum	-0.107533002762828	0.0550168635944714	90	0	0.0554628009240863	0.320642555883458
Genotype	k__Bacteria.p__Actinobacteriota.c__Coriobacteriia.o__Coriobacteriales.f__Coriobacteriales.Incertae.Sedis.g__	MUT	-0.333458280101284	0.166894916402133	90	0	0.0562760404203621	0.320642555883458
Sex	k__Bacteria.p__Firmicutes.c__Bacilli.o__Erysipelotrichales.f__Erysipelatoclostridiaceae.g__	Female	-0.202347041256924	0.100421140022547	90	0	0.0543555791325429	0.320642555883458
Sex	k__Bacteria.p__Firmicutes.c__Clostridia.o__Oscillospirales.f__UCG.010.g__	Female	0.15617164891719	0.0779782310648437	90	0	0.0557330267751765	0.320642555883458
Site	k__Bacteria.p__Firmicutes.c__Clostridia.o__Oscillospirales.f__Butyricicoccaceae.g__Butyricicoccus	Ileum	-0.289484043886945	0.149210035025415	90	0	0.0572333365501893	0.322348677121756
Genotype	k__Bacteria.p__Firmicutes.c__Bacilli.o__Lactobacillales.f__Lactobacillaceae.g__Ligilactobacillus	MUT	-0.377156570927003	0.193208927745296	90	0	0.0617783938953012	0.340128236052782
Site	k__Bacteria.p__Firmicutes.c__Bacilli.o__Erysipelotrichales.f__Erysipelatoclostridiaceae.g__Erysipelatoclostridium	Ileum	-0.210868372464163	0.110547174889047	90	0	0.0614119061663529	0.340128236052782
Genotype	k__Bacteria.p__Firmicutes.c__Clostridia.o__Clostridiales.f__Clostridiaceae.g__Candidatus.Arthromitus	MUT	0.610492680518386	0.316143547346042	90	0	0.0644469951871158	0.348584464144589
Sex	k__Bacteria.p__Firmicutes.c__Clostridia.o__Lachnospirales.f__Lachnospiraceae.g__Lachnospiraceae.UCG.004	Female	-0.197672523520298	0.102773802752575	90	0	0.0654485116353106	0.348584464144589
Site	k__Bacteria.p__Firmicutes.c__Clostridia.o__Oscillospirales.f__UCG.010.g__	Jejunum	-0.13737950139783	0.0730723032565687	90	0	0.0651267319201771	0.348584464144589
Site	k__Bacteria.p__Verrucomicrobiota.c__Verrucomicrobiae.o__Verrucomicrobiales.f__Akkermansiaceae.g__Akkermansia	Ileum	-0.167148291170929	0.0895010223819797	90	0	0.0668793227071964	0.35237492609168
Site	k__Bacteria.p__Firmicutes.c__Clostridia.o__Lachnospirales.f__Lachnospiraceae.g__Agathobacter	Ileum	0.118431481686473	0.0644002464785509	90	0	0.0694499860710079	0.362026523136105
Genotype	k__Bacteria.p__Verrucomicrobiota.c__Verrucomicrobiae.o__Verrucomicrobiales.f__Akkermansiaceae.g__Akkermansia	MUT	0.403017338204554	0.214200376172211	90	0	0.0711463499396092	0.366965383899037
Genotype	k__Bacteria.p__Firmicutes.c__Clostridia.o__Lachnospirales.f__Lachnospiraceae.g__Fusicatenibacter	MUT	0.154442976804325	0.0847650463506283	90	0	0.0720121172708378	0.367561848569901
Genotype	k__Bacteria.p__Firmicutes.c__Clostridia.o__Oscillospirales.f__Butyricicoccaceae.g__Butyricicoccus	MUT	-0.493451085930072	0.265150419798336	90	0	0.0740853516788767	0.370426758394384
Site	k__Bacteria.p__Proteobacteria.c__Alphaproteobacteria.o__Rhodospirillales.f__.g__	Ileum	-0.213367450006777	0.117173982602717	90	0	0.0737745474371329	0.370426758394384
Site	k__Bacteria.p__Bacteroidota.c__Bacteroidia.o__Bacteroidales.f__Rikenellaceae.g__Rikenella	Ileum	-0.30374523495165	0.171250887240891	90	0	0.0813648066404486	0.402714699533533
Site	k__Bacteria.p__Firmicutes.c__Bacilli.o__Lactobacillales.f__Lactobacillaceae.g__HT002	Jejunum	-0.0904704593121272	0.0519243452921216	90	0	0.0867474671569102	0.414677329114042
Sex	k__Bacteria.p__Firmicutes.c__Clostridia.o__Lachnospirales.f__Lachnospiraceae.g__Lachnospiraceae.UCG.001	Female	-0.343849669697807	0.192630594432254	90	0	0.0859309202940014	0.414677329114042
Genotype	k__Bacteria.p__Firmicutes.c__Bacilli.o__Lactobacillales.f__Lactobacillaceae.g__	MUT	1.22356920213153	0.68700684386779	90	0	0.0865980178999452	0.414677329114042
Site	k__Bacteria.p__Proteobacteria.c__Alphaproteobacteria.o__Rhodospirillales.f__.g__	Jejunum	-0.203322469951866	0.117173982602717	90	0	0.0880131474037966	0.414677329114042
Genotype	k__Bacteria.p__Firmicutes.c__Negativicutes.o__Acidaminococcales.f__Acidaminococcaceae.g__Phascolarctobacterium	MUT	0.233624704650755	0.13156046673174	90	0	0.0874733655446328	0.414677329114042
Sex	k__Bacteria.p__Proteobacteria.c__Alphaproteobacteria.o__Rickettsiales.f__Mitochondria.g__	Female	-0.492792603097287	0.279227790980364	90	0	0.0893361739483972	0.41690214509252
Sex	k__Bacteria.p__Firmicutes.c__Clostridia.o__Lachnospirales.f__Lachnospiraceae.g__GCA.900066575	Female	-0.277888982408138	0.159483900989064	90	0	0.0932525523567446	0.431073119384951
Site	k__Bacteria.p__Firmicutes.c__Bacilli.o__Bacillales.f__Bacillaceae.g__Bacillus	Jejunum	0.0447299707655802	0.0265325057674813	90	0	0.0971967505919729	0.431232850352737
Genotype	k__Bacteria.p__Firmicutes.c__Clostridia.o__Lachnospirales.f__Lachnospiraceae.g__	HET	-0.32779143122587	0.188768695388098	90	0	0.094317282556946	0.431232850352737
Genotype	k__Bacteria.p__Firmicutes.c__Clostridia.o__Lachnospirales.f__Lachnospiraceae.g__	MUT	-0.390644189197044	0.227384441951908	90	0	0.0976874416105179	0.431232850352737
Genotype	k__Bacteria.p__Firmicutes.c__Bacilli.o__Lactobacillales.f__Lactobacillaceae.g__Limosilactobacillus	MUT	0.617197088277099	0.356766627526784	90	0	0.0954906406857927	0.431232850352737
Genotype	k__Bacteria.p__Actinobacteriota.c__Coriobacteriia.o__Coriobacteriales.f__Eggerthellaceae.g__	HET	-0.249976757544599	0.144782278735932	90	0	0.0961103460267567	0.431232850352737
Genotype	k__Bacteria.p__Proteobacteria.c__Gammaproteobacteria.o__Enterobacterales.f__Enterobacteriaceae.g__Escherichia.Shigella	HET	0.237331308161334	0.140016520456298	90	0	0.102016826054239	0.434680389274583
Site	k__Bacteria.p__Firmicutes.c__Bacilli.o__Lactobacillales.f__Lactobacillaceae.g__	Jejunum	-0.0940133452343995	0.0565237337333362	90	0	0.101656539956103	0.434680389274583
Site	k__Bacteria.p__Firmicutes.c__Clostridia.o__Clostridia.vadinBB60.group.f__.g__	Jejunum	-0.278440455876913	0.16724215727641	90	0	0.10132747362077	0.434680389274583
Genotype	k__Bacteria.p__Firmicutes.c__Clostridia.o__Oscillospirales.f__Ruminococcaceae.g__UBA1819	HET	-0.154144091800949	0.0908700443890727	90	0	0.101769435412451	0.434680389274583
Sex	k__Bacteria.p__Firmicutes.c__Bacilli.o__Lactobacillales.f__Lactobacillaceae.g__Lactobacillus	Female	0.244911041858763	0.146598970705893	90	0	0.106793300288164	0.435579218712576
Genotype	k__Bacteria.p__Bacteroidota.c__Bacteroidia.o__Bacteroidales.f__Muribaculaceae.g__	HET	-0.258258211959198	0.155258955897586	90	0	0.108241083764437	0.435579218712576
Genotype	k__Bacteria.p__Firmicutes.c__Bacilli.o__Lactobacillales.f__Lactobacillaceae.g__HT002	MUT	0.237173017923727	0.142610746582009	90	0	0.108306358684677	0.435579218712576
Sex	k__Bacteria.p__Firmicutes.c__Clostridia.o__Lachnospirales.f__Lachnospiraceae.g__Lachnoclostridium	Female	-0.329741437845039	0.198356615733007	90	0	0.108450336087621	0.435579218712576
Genotype	k__Bacteria.p__Firmicutes.c__Clostridia.o__Lachnospirales.f__Lachnospiraceae.g__Marvinbryantia	HET	-0.403729742593438	0.24205765655101	90	0	0.107335452007739	0.435579218712576
Site	k__Bacteria.p__Proteobacteria.c__Alphaproteobacteria.o__Rickettsiales.f__Mitochondria.g__	Ileum	-0.297794127816506	0.18123702603422	90	0	0.105769124276483	0.435579218712576
Site	k__Bacteria.p__Firmicutes.c__Bacilli.o__RF39.f__.g__	Jejunum	-0.2277717717351	0.139245322842417	90	0	0.107306002736169	0.435579218712576
Site	k__Bacteria.p__Actinobacteriota.c__Coriobacteriia.o__Coriobacteriales.f__Eggerthellaceae.g__Parvibacter	Ileum	0.0971234333403501	0.059766981168764	90	0	0.109577495269463	0.436528233187293
Genotype	k__Bacteria.p__Bacteroidota.c__Bacteroidia.o__Bacteroidales.f__Muribaculaceae.g__Muribaculum	HET	-0.312098411986046	0.192936536356131	90	0	0.117813606892567	0.445648672229787
Genotype	k__Bacteria.p__Firmicutes.c__Bacilli.o__Lactobacillales.f__Streptococcaceae.g__Streptococcus	HET	0.33143432248908	0.204235223614065	90	0	0.116695332763196	0.445648672229787
Site	k__Bacteria.p__Bacteroidota.c__Bacteroidia.o__Bacteroidales.f__Tannerellaceae.g__Parabacteroides	Jejunum	-0.256387850428646	0.161682248235269	90	0	0.118233321203821	0.445648672229787
Genotype	k__Bacteria.p__Firmicutes.c__Bacilli.o__Lactobacillales.f__Enterococcaceae.g__Enterococcus	HET	0.446136385214865	0.274925793198233	90	0	0.116707115603757	0.445648672229787
Genotype	k__Bacteria.p__Firmicutes.c__Clostridia.o__Lachnospirales.f__Lachnospiraceae.g__Agathobacter	HET	-0.104026287869742	0.0653291441524699	90	0	0.115064436731548	0.445648672229787
Sex	k__Bacteria.p__Proteobacteria.c__Gammaproteobacteria.o__Burkholderiales.f__Burkholderiaceae.g__Ralstonia	Female	0.507168820649375	0.309109182443637	90	0	0.112894558112882	0.445648672229787
Site	k__Bacteria.p__Firmicutes.c__Clostridia.o__Oscillospirales.f__Ruminococcaceae.g__Faecalibacterium	Ileum	0.184943567122922	0.116313772223074	90	0	0.115582588756279	0.445648672229787
Genotype	k__Bacteria.p__Firmicutes.c__Clostridia.o__Peptostreptococcales.Tissierellales.f__Anaerovoracaceae.g__.Eubacterium..brachy.group	HET	-0.381302177257586	0.236753013811372	90	0	0.119353662224445	0.446437362518918
Genotype	k__Bacteria.p__Firmicutes.c__Bacilli.o__Erysipelotrichales.f__Erysipelotrichaceae.g__Turicibacter	MUT	-0.462867385843243	0.291130890954027	90	0	0.123946046273029	0.455340439618527
Site	k__Bacteria.p__Firmicutes.c__Clostridia.o__Clostridiales.f__Clostridiaceae.g__Candidatus.Arthromitus	Jejunum	0.272662894049972	0.174795464672055	90	0	0.124224600232163	0.455340439618527
Site	k__Bacteria.p__Bacteroidota.c__Bacteroidia.o__Bacteroidales.f__Rikenellaceae.g__Alistipes	Jejunum	-0.278514399622864	0.178690525570916	90	0	0.124521671242618	0.455340439618527
Site	k__Bacteria.p__Firmicutes.c__Clostridia.o__Eubacteriales.f__Anaerofustaceae.g__Anaerofustis	Ileum	-0.183908990425756	0.118330498273632	90	0	0.125577419574522	0.455799522900118
Genotype	k__Bacteria.p__Firmicutes.c__Clostridia.o__Oscillospirales.f__Butyricicoccaceae.g__Butyricicoccus	HET	-0.346672152809069	0.22012103553472	90	0	0.127366995974754	0.458895794320805
Site	k__Bacteria.p__Firmicutes.c__Clostridia.o__Clostridiales.f__Clostridiaceae.g__Clostridium.sensu.stricto.1	Ileum	0.175530790099108	0.114144990911802	90	0	0.129538514440018	0.463312934858459
Sex	k__Bacteria.p__Bacteroidota.c__Bacteroidia.o__Bacteroidales.f__Muribaculaceae.g__	Female	-0.209030628977316	0.136117701428221	90	0	0.136702516941968	0.463714472518735
Site	k__Bacteria.p__Proteobacteria.c__Gammaproteobacteria.o__Enterobacterales.f__Enterobacteriaceae.g__Escherichia.Shigella	Ileum	0.127657633588587	0.0849139718825697	90	0	0.138167985689256	0.463714472518735
Site	k__Bacteria.p__Bacteroidota.c__Bacteroidia.o__Bacteroidales.f__Rikenellaceae.g__Rikenellaceae.RC9.gut.group	Jejunum	-0.163489070807099	0.108001543042386	90	0	0.135515845157352	0.463714472518735
Genotype	k__Bacteria.p__Firmicutes.c__Clostridia.o__Clostridia.vadinBB60.group.f__.g__	MUT	0.331108125339399	0.214384825982551	90	0	0.134563449124155	0.463714472518735
Genotype	k__Bacteria.p__Firmicutes.c__Clostridia.o__Lachnospirales.f__Lachnospiraceae.g__Lachnospiraceae.UCG.004	HET	0.181386198117076	0.117226144296917	90	0	0.133873447521774	0.463714472518735
Site	k__Bacteria.p__Firmicutes.c__Clostridia.o__Lachnospirales.f__Lachnospiraceae.g__Blautia	Ileum	0.0959824034367761	0.063807761863283	90	0	0.137945038977213	0.463714472518735
Site	k__Bacteria.p__Firmicutes.c__Clostridia.o__Lachnospirales.f__Lachnospiraceae.g__Dorea	Jejunum	0.156210863932323	0.10216926898457	90	0	0.131714793586908	0.463714472518735
Genotype	k__Bacteria.p__Firmicutes.c__Clostridia.o__Lachnospirales.f__Lachnospiraceae.g__Dorea	MUT	-0.361990622379392	0.232366846851407	90	0	0.131361217566212	0.463714472518735
Sex	k__Bacteria.p__Firmicutes.c__Clostridia.o__Peptostreptococcales.Tissierellales.f__Anaerovoracaceae.g__.Eubacterium..brachy.group	Female	-0.321371051238973	0.207564683530818	90	0	0.133639057572564	0.463714472518735
Sex	k__Bacteria.p__Bacteroidota.c__Bacteroidia.o__Bacteroidales.f__Muribaculaceae.g__Muribaculum	Female	-0.254986633605686	0.16915016398566	90	0	0.143749071939195	0.468263977891667
Genotype	k__Bacteria.p__Firmicutes.c__Bacilli.o__Lactobacillales.f__Streptococcaceae.g__Streptococcus	MUT	0.369407793115335	0.246014903334101	90	0	0.145257397223538	0.468263977891667
Site	k__Bacteria.p__Bacteroidota.c__Bacteroidia.o__Bacteroidales.f__Bacteroidaceae.g__Bacteroides	Ileum	-0.17399362599945	0.117816512146066	90	0	0.145133607401969	0.468263977891667
Genotype	k__Bacteria.p__Desulfobacterota.c__Desulfovibrionia.o__Desulfovibrionales.f__Desulfovibrionaceae.g__Bilophila	HET	-0.309242216663279	0.203823762596974	90	0	0.141281248698809	0.468263977891667
Sex	k__Bacteria.p__Firmicutes.c__Clostridia.o__Oscillospirales.f__Ruminococcaceae.g__Faecalibacterium	Female	0.152581127992345	0.103444766921966	90	0	0.143950703205937	0.468263977891667
Genotype	k__Bacteria.p__Firmicutes.c__Bacilli.o__Staphylococcales.f__Staphylococcaceae.g__Jeotgalicoccus	MUT	0.175913209876242	0.116422858515781	90	0	0.142851807039466	0.468263977891667
Genotype	k__Bacteria.p__Proteobacteria.c__Gammaproteobacteria.o__Burkholderiales.f__Burkholderiaceae.g__Ralstonia	MUT	0.635895147896805	0.424702417235185	90	0	0.146365110586316	0.468751007760097
Site	k__Bacteria.p__Firmicutes.c__Bacilli.o__Erysipelotrichales.f__Erysipelotrichaceae.g__Faecalibaculum	Jejunum	0.135094186337342	0.0934158466119907	90	0	0.153515073503185	0.488457052055588
Genotype	k__Bacteria.p__Firmicutes.c__Clostridia.o__Clostridia.UCG.014.f__.g__	MUT	-0.382722429188599	0.262201369240753	90	0	0.156364006060805	0.494312019159964
Site	k__Bacteria.p__Firmicutes.c__Bacilli.o__Acholeplasmatales.f__Acholeplasmataceae.g__Anaeroplasma	Ileum	-0.135708662373554	0.0957888361591215	90	0	0.161905559315246	0.508549513233785
Sex	k__Bacteria.p__Firmicutes.c__Bacilli.o__RF39.f__.g__	Female	-0.24893183741104	0.17446824560429	90	0	0.165536005441674	0.516641036091848
Genotype	k__Bacteria.p__Firmicutes.c__Bacilli.o__Staphylococcales.f__Staphylococcaceae.g__Staphylococcus	MUT	0.60964807085991	0.431627267010936	90	0	0.169678715281272	0.518234196178254
Genotype	k__Bacteria.p__Firmicutes.c__Clostridia.o__Lachnospirales.f__Lachnospiraceae.g__Lachnospiraceae.FCS020.group	MUT	-0.33419178086654	0.235547987485526	90	0	0.167838986319008	0.518234196178254
Sex	k__Bacteria.p__Firmicutes.c__Clostridia.o__Monoglobales.f__Monoglobaceae.g__Monoglobus	Female	-0.292979956271935	0.206740864720482	90	0	0.168315457241062	0.518234196178254
Sex	k__Bacteria.p__Firmicutes.c__Clostridia.o__Oscillospirales.f__Ruminococcaceae.g__UBA1819	Female	-0.112361609628605	0.0796670407797924	90	0	0.170276950172855	0.518234196178254
Site	k__Bacteria.p__Firmicutes.c__Bacilli.o__Lactobacillales.f__Streptococcaceae.g__Streptococcus	Ileum	-0.105826386794957	0.0767287655492796	90	0	0.173120077768768	0.523634803127755
Sex	k__Bacteria.p__Firmicutes.c__Bacilli.o__Erysipelotrichales.f__Erysipelotrichaceae.g__Turicibacter	Female	-0.294401822114619	0.211892440529843	90	0	0.176498386672098	0.524387512108416
Genotype	k__Bacteria.p__Cyanobacteria.c__Vampirivibrionia.o__Gastranaerophilales.f__.g__	MUT	0.370340656975104	0.26660033604937	90	0	0.176579468363038	0.524387512108416
Site	k__Bacteria.p__Firmicutes.c__Clostridia.o__Oscillospirales.f__Ruminococcaceae.g__Incertae.Sedis	Jejunum	-0.217751799417843	0.159033232521573	90	0	0.176208837967901	0.524387512108416
Site	k__Bacteria.p__Firmicutes.c__Clostridia.o__Oscillospirales.f__Ruminococcaceae.g__Subdoligranulum	Ileum	0.112863878507762	0.0828298960355457	90	0	0.178276774999235	0.526238673190513
Genotype	k__Bacteria.p__Firmicutes.c__Bacilli.o__Staphylococcales.f__Staphylococcaceae.g__Staphylococcus	HET	0.486931327296593	0.358325817668813	90	0	0.185848751395133	0.535681695197736
Site	k__Bacteria.p__Firmicutes.c__Clostridia.o__Lachnospirales.f__Lachnospiraceae.g__Dorea	Ileum	-0.136946058323751	0.10216926898457	90	0	0.185347546718554	0.535681695197736
Sex	k__Bacteria.p__Firmicutes.c__Clostridia.o__Christensenellales.f__Christensenellaceae.g__	Female	-0.160002211437113	0.117468694977511	90	0	0.184856518776635	0.535681695197736
Sex	k__Bacteria.p__Actinobacteriota.c__Coriobacteriia.o__Coriobacteriales.f__Eggerthellaceae.g__Parvibacter	Female	-0.103454393576652	0.0757340276967302	90	0	0.183632226334895	0.535681695197736
Site	k__Bacteria.p__Firmicutes.c__Bacilli.o__Erysipelotrichales.f__Erysipelotrichaceae.g__	Jejunum	-0.192315789805294	0.14431539178064	90	0	0.187872439024263	0.538347924689408
Site	k__Bacteria.p__Cyanobacteria.c__Vampirivibrionia.o__Gastranaerophilales.f__.g__	Ileum	-0.192806856894287	0.146449857936504	90	0	0.193172261433355	0.548462610421557
Genotype	k__Bacteria.p__Firmicutes.c__Clostridia.o__Oscillospirales.f__Ruminococcaceae.g__Anaerotruncus	HET	0.20015884106394	0.149998531579746	90	0	0.193640880822305	0.548462610421557
Site	k__Bacteria.p__Firmicutes.c__Bacilli.o__Erysipelotrichales.f__Erysipelatoclostridiaceae.g__	Ileum	-0.110328698597871	0.084758248071677	90	0	0.198169941951933	0.558064779060041
Site	k__Bacteria.p__Firmicutes.c__Clostridia.o__Lachnospirales.f__Lachnospiraceae.g__Fusicatenibacter	Ileum	0.089689953431079	0.0693691851115275	90	0	0.199577827757229	0.558817917720242
Genotype	k__Bacteria.p__Bacteroidota.c__Bacteroidia.o__Bacteroidales.f__Muribaculaceae.g__	MUT	-0.244082731020022	0.187019733183124	90	0	0.203285685066915	0.560856788726885
Genotype	k__Bacteria.p__Firmicutes.c__Clostridia.o__Oscillospirales.f__Ruminococcaceae.g__Incertae.Sedis	MUT	-0.363823769854804	0.279056206238961	90	0	0.203739813047725	0.560856788726885
Sex	k__Bacteria.p__Firmicutes.c__Bacilli.o__Lactobacillales.f__Lactobacillaceae.g__Weissella	Female	-0.162036189013491	0.123680522461688	90	0	0.201612939460124	0.560856788726885
Sex	k__Bacteria.p__Firmicutes.c__Bacilli.o__Staphylococcales.f__Staphylococcaceae.g__Staphylococcus	Female	0.40618103688011	0.314149263606024	90	0	0.207397954394368	0.56458332029578
Site	k__Bacteria.p__Firmicutes.c__Clostridia.o__Oscillospirales.f__Butyricicoccaceae.g__Butyricicoccus	Jejunum	-0.190246023919005	0.149210035025415	90	0	0.207385530819428	0.56458332029578
Genotype	k__Bacteria.p__Firmicutes.c__Clostridia.o__Lachnospirales.f__Lachnospiraceae.g__Lachnoclostridium	HET	-0.290821797338599	0.226250081590787	90	0	0.209984757231042	0.56846702233818
Genotype	k__Bacteria.p__Firmicutes.c__Clostridia.o__Oscillospirales.f__Oscillospiraceae.g__Intestinimonas	MUT	-0.315733893384372	0.246496112899792	90	0	0.211541169652295	0.569533918294642
Genotype	k__Bacteria.p__Firmicutes.c__Bacilli.o__Bacillales.f__Bacillaceae.g__Bacillus	HET	-0.044290817157033	0.0347969525798383	90	0	0.21434065878592	0.570684684705621
Site	k__Bacteria.p__Proteobacteria.c__Gammaproteobacteria.o__Burkholderiales.f__Burkholderiaceae.g__Ralstonia	Jejunum	-0.172395088011309	0.137060158550555	90	0	0.213502532899991	0.570684684705621
Genotype	k__Bacteria.p__Bacteroidota.c__Bacteroidia.o__Bacteroidales.f__Prevotellaceae.g__Prevotella_9	HET	-0.108715506812264	0.0871048641798968	90	0	0.215462585041918	0.570684684705621
Site	k__Bacteria.p__Firmicutes.c__Clostridia.o__Peptococcales.f__Peptococcaceae.g__Peptococcus	Ileum	-0.144980868531252	0.116223632621577	90	0	0.217253179726712	0.572333645516607
Site	k__Bacteria.p__Bacteroidota.c__Bacteroidia.o__Bacteroidales.f__Bacteroidaceae.g__Bacteroides	Jejunum	-0.144783779767476	0.117816512146066	90	0	0.224074986667839	0.580935150620322
Site	k__Bacteria.p__Bacteroidota.c__Bacteroidia.o__Bacteroidales.f__Marinifilaceae.g__Odoribacter	Jejunum	-0.204313929401809	0.165957310982762	90	0	0.22324566562926	0.580935150620322
Genotype	k__Bacteria.p__Firmicutes.c__Clostridia.o__Peptostreptococcales.Tissierellales.f__Anaerovoracaceae.g__.Eubacterium..brachy.group	MUT	-0.355447191057874	0.285184743239612	90	0	0.223739870243019	0.580935150620322
Site	k__Bacteria.p__Firmicutes.c__Clostridia.o__Lachnospirales.f__Lachnospiraceae.g__ASF356	Ileum	-0.1246628720856	0.102043125105876	90	0	0.226775300945425	0.584841565596097
Sex	k__Bacteria.p__Firmicutes.c__Bacilli.o__Lactobacillales.f__Lactobacillaceae.g__Ligilactobacillus	Female	0.173021608232729	0.140622354082548	90	0	0.229563983210423	0.585866415484933
Genotype	k__Bacteria.p__Firmicutes.c__Clostridia.o__Peptostreptococcales.Tissierellales.f__Anaerovoracaceae.g__Family.XIII.UCG.001	MUT	-0.297232886402329	0.241141522600368	90	0	0.228752092073561	0.585866415484933
Site	k__Bacteria.p__Firmicutes.c__Clostridia.o__Clostridia.vadinBB60.group.f__.g__	Ileum	-0.20195203718768	0.16724215727641	90	0	0.232124477982803	0.589331576225769
Genotype	k__Bacteria.p__Bacteroidota.c__Bacteroidia.o__Bacteroidales.f__Muribaculaceae.g__Muribaculum	MUT	-0.280975899819272	0.232404883454204	90	0	0.237545484390435	0.593589069185454
Genotype	k__Bacteria.p__Proteobacteria.c__Gammaproteobacteria.o__Burkholderiales.f__Sutterellaceae.g__Parasutterella	MUT	-0.301279787448535	0.251035106055164	90	0	0.240902673518697	0.593589069185454
Site	k__Bacteria.p__Actinobacteriota.c__Actinobacteria.o__Bifidobacteriales.f__Bifidobacteriaceae.g__Bifidobacterium	Jejunum	-0.0771794194787589	0.0651267201327244	90	0	0.240824628979585	0.593589069185454
Sex	k__Bacteria.p__Firmicutes.c__Clostridia.o__Lachnospirales.f__Lachnospiraceae.g__ASF356	Female	-0.153672438565326	0.128430099166393	90	0	0.242281252728757	0.593589069185454
Genotype	k__Bacteria.p__Firmicutes.c__Clostridia.o__Lachnospirales.f__Lachnospiraceae.g__GCA.900066575	HET	-0.218200473543033	0.181910976237675	90	0	0.241154494301435	0.593589069185454
Genotype	k__Bacteria.p__Firmicutes.c__Clostridia.o__Oscillospirales.f__Ruminococcaceae.g__Ruminococcus	HET	-0.178699188844222	0.149540018525591	90	0	0.235453040059503	0.593589069185454
Site	k__Bacteria.p__Firmicutes.c__Clostridia.o__Lachnospirales.f__Lachnospiraceae.g__.Eubacterium..xylanophilum.group	Ileum	-0.171734439600821	0.14473653814242	90	0	0.240250106308623	0.593589069185454
Genotype	k__Bacteria.p__Firmicutes.c__Clostridia.o__Peptostreptococcales.Tissierellales.f__Peptostreptococcaceae.g__Romboutsia	MUT	-0.128784367815743	0.108032858667136	90	0	0.24399514167395	0.594814026966347
Genotype	k__Bacteria.p__Bacteroidota.c__Bacteroidia.o__Bacteroidales.f__Tannerellaceae.g__Parabacteroides	HET	0.199401868680346	0.169177122103348	90	0	0.249209315555822	0.60451764664531
Site	k__Bacteria.p__Firmicutes.c__Clostridia.o__Lachnospirales.f__Lachnospiraceae.g__Lachnospiraceae.UCG.001	Jejunum	-0.0997410792513778	0.0863827221162497	90	0	0.25297243435732	0.60466581870774
Site	k__Bacteria.p__Firmicutes.c__Clostridia.o__Lachnospirales.f__Lachnospiraceae.g__.Eubacterium..xylanophilum.group	Jejunum	0.167265808356169	0.14473653814242	90	0	0.252559991191382	0.60466581870774
Sex	k__Bacteria.p__Proteobacteria.c__Alphaproteobacteria.o__Rhizobiales.f__Rhizobiaceae.g__Mesorhizobium	Female	0.12861711458245	0.109528890611254	90	0	0.250928510691248	0.60466581870774
Site	k__Bacteria.p__Firmicutes.c__Clostridia.o__Lachnospirales.f__Lachnospiraceae.g__GCA.900066575	Jejunum	0.181124459405532	0.158415760392162	90	0	0.257591157253414	0.612716830360063
Site	k__Bacteria.p__Firmicutes.c__Bacilli.o__Lactobacillales.f__Lactobacillaceae.g__Lactobacillus	Ileum	-0.0593536807652512	0.0536514764685435	90	0	0.273171857376175	0.633734085614699
Genotype	k__Bacteria.p__Firmicutes.c__Bacilli.o__Lactobacillales.f__Lactobacillaceae.g__HT002	HET	0.13137622580308	0.118391761325087	90	0	0.277298044720158	0.633734085614699
Genotype	k__Bacteria.p__Desulfobacterota.c__Desulfovibrionia.o__Desulfovibrionales.f__Desulfovibrionaceae.g__Desulfovibrio	HET	-0.243203721626181	0.2226902430139	90	0	0.284798699403689	0.633734085614699
Genotype	k__Bacteria.p__Firmicutes.c__Clostridia.o__Lachnospirales.f__Lachnospiraceae.g__Lachnoclostridium	MUT	-0.297477495560121	0.272533263199839	90	0	0.285052976823166	0.633734085614699
Site	k__Bacteria.p__Firmicutes.c__Clostridia.o__Lachnospirales.f__Lachnospiraceae.g__Lachnospiraceae.FCS020.group	Jejunum	-0.144652554095974	0.131165529591811	90	0	0.274658400859188	0.633734085614699
Site	k__Bacteria.p__Bacteroidota.c__Bacteroidia.o__Bacteroidales.f__Rikenellaceae.g__Rikenella	Jejunum	-0.188547667599567	0.171250887240891	90	0	0.275443905811093	0.633734085614699
Site	k__Bacteria.p__Firmicutes.c__Clostridia.o__Oscillospirales.f__.Eubacterium..coprostanoligenes.group.g__	Ileum	-0.157579958072632	0.144518980946485	90	0	0.280057098588161	0.633734085614699
Genotype	k__Bacteria.p__Firmicutes.c__Clostridia.o__Lachnospirales.f__Lachnospiraceae.g__Anaerostipes	HET	-0.202567091584148	0.182558539801435	90	0	0.277328921405468	0.633734085614699
Site	k__Bacteria.p__Firmicutes.c__Clostridia.o__Oscillospirales.f__Oscillospiraceae.g__Intestinimonas	Ileum	-0.159650384415878	0.145808010715361	90	0	0.27807100561936	0.633734085614699
Genotype	k__Bacteria.p__Firmicutes.c__Clostridia.o__Oscillospirales.f__Ruminococcaceae.g__.Eubacterium..siraeum.group	HET	0.191580190979929	0.174856503495598	90	0	0.283280914098443	0.633734085614699
Genotype	k__Bacteria.p__Firmicutes.c__Clostridia.o__Lachnospirales.f__Lachnospiraceae.g__Lachnospiraceae.UCG.004	MUT	0.155031633586275	0.141206683387445	90	0	0.282309591819273	0.633734085614699
Site	k__Bacteria.p__Actinobacteriota.c__Coriobacteriia.o__Coriobacteriales.f__Coriobacteriales.Incertae.Sedis.g__	Jejunum	-0.078040666087819	0.069947301121356	90	0	0.269149050832813	0.633734085614699
Genotype	k__Bacteria.p__Proteobacteria.c__Alphaproteobacteria.o__Rhodospirillales.f__.g__	HET	-0.145684278056591	0.133687729136356	90	0	0.285827005960915	0.633734085614699
Site	k__Bacteria.p__Firmicutes.c__Clostridia.o__Peptostreptococcales.Tissierellales.f__Anaerovoracaceae.g__.Eubacterium..nodatum.group	Ileum	-0.102112579769649	0.0931660070708145	90	0	0.277596570064149	0.633734085614699
Site	k__Bacteria.p__Firmicutes.c__Negativicutes.o__Acidaminococcales.f__Acidaminococcaceae.g__Phascolarctobacterium	Jejunum	0.0816211926485165	0.0747067216161219	90	0	0.279106677773875	0.633734085614699
Genotype	k__Bacteria.p__Firmicutes.c__Clostridia.o__Oscillospirales.f__Ruminococcaceae.g__Subdoligranulum	MUT	0.117294312042547	0.108328485613763	90	0	0.288852596683153	0.637557533219571
Sex	k__Bacteria.p__Firmicutes.c__Clostridia.o__Lachnospirales.f__Lachnospiraceae.g__28.4	Female	0.0715824929395936	0.0671783219130903	90	0	0.296418522929931	0.651323211819131
Sex	k__Bacteria.p__Firmicutes.c__Clostridia.o__Christensenellales.f__Christensenellaceae.g__Christensenellaceae.R.7.group	Female	-0.123029328116384	0.115917480178928	90	0	0.298289527838712	0.652508342147183
Genotype	k__Bacteria.p__Firmicutes.c__Clostridia.o__Oscillospirales.f__Oscillospiraceae.g__Intestinimonas	HET	-0.214059192444669	0.204634711376482	90	0	0.305163630466183	0.656155349866626
Sex	k__Bacteria.p__Firmicutes.c__Clostridia.o__Peptostreptococcales.Tissierellales.f__Anaerovoracaceae.g__.Eubacterium..nodatum.group	Female	-0.109969155581111	0.104757493088996	90	0	0.303493297113244	0.656155349866626
Genotype	k__Bacteria.p__Firmicutes.c__Negativicutes.o__Acidaminococcales.f__Acidaminococcaceae.g__Phascolarctobacterium	HET	0.113889855508412	0.109218104178175	90	0	0.306652194121342	0.656155349866626
Sex	k__Bacteria.p__Firmicutes.c__Negativicutes.o__Veillonellales.Selenomonadales.f__Selenomonadaceae.g__Megamonas	Female	0.0713592025331438	0.0679142929310851	90	0	0.303053764232815	0.656155349866626
Genotype	k__Bacteria.p__Firmicutes.c__Clostridia.o__Peptostreptococcales.Tissierellales.f__Peptostreptococcaceae.g__Romboutsia	HET	-0.093547776897563	0.0896860911616602	90	0	0.306523454680889	0.656155349866626
Site	k__Bacteria.p__Firmicutes.c__Clostridia.o__Oscillospirales.f__Ruminococcaceae.g__UBA1819	Ileum	-0.0849226023855786	0.0835483609301103	90	0	0.313637315390791	0.668183845832554
Genotype	k__Bacteria.p__Firmicutes.c__Clostridia.o__Lachnospirales.f__Lachnospiraceae.g__Roseburia	HET	0.289520593440847	0.284124544312584	90	0	0.317595609432443	0.673493332924991
Genotype	k__Bacteria.p__Firmicutes.c__Clostridia.o__Peptococcales.f__Peptococcaceae.g__Peptococcus	HET	0.143605592653529	0.141310509661976	90	0	0.318878475997139	0.673493332924991
Genotype	k__Bacteria.p__Proteobacteria.c__Alphaproteobacteria.o__Rhizobiales.f__Rhizobiaceae.g__Mesorhizobium	MUT	0.152354340285525	0.150487876911162	90	0	0.320674921300751	0.674380735782696
Genotype	k__Bacteria.p__Firmicutes.c__Bacilli.o__Erysipelotrichales.f__Erysipelatoclostridiaceae.g__Erysipelatoclostridium	MUT	0.246131052732673	0.244747953952444	90	0	0.323851552772089	0.675264939822654
Genotype	k__Bacteria.p__Cyanobacteria.c__Vampirivibrionia.o__Gastranaerophilales.f__.g__	HET	0.222842403462826	0.221324718587	90	0	0.323282469050582	0.675264939822654
Site	k__Bacteria.p__Firmicutes.c__Clostridia.o__Lachnospirales.f__Lachnospiraceae.g__Marvinbryantia	Jejunum	-0.129626592321246	0.133248626426912	90	0	0.334683832956602	0.693889366850174
Genotype	k__Bacteria.p__Actinobacteriota.c__Coriobacteriia.o__Coriobacteriales.f__Eggerthellaceae.g__Enterorhabdus	HET	-0.165873231820002	0.169079542222713	90	0	0.335615877435696	0.693889366850174
Genotype	k__Bacteria.p__Actinobacteriota.c__Coriobacteriia.o__Coriobacteriales.f__Eggerthellaceae.g__Parvibacter	MUT	0.101771304052601	0.104055222091704	90	0	0.337062484533209	0.69395217403896
Site	k__Bacteria.p__Firmicutes.c__Clostridia.o__Monoglobales.f__Monoglobaceae.g__Monoglobus	Jejunum	-0.0938550348036793	0.0979120613057714	90	0	0.34175702279904	0.700673394023135
Genotype	k__Bacteria.p__Firmicutes.c__Bacilli.o__Acholeplasmatales.f__Acholeplasmataceae.g__Anaeroplasma	MUT	0.13740744912928	0.142707642478307	90	0	0.344488224499508	0.703330125019829
Genotype	k__Bacteria.p__Firmicutes.c__Clostridia.o__Oscillospirales.f__UCG.010.g__	HET	-0.0851993085307655	0.0889437494964801	90	0	0.346935920304764	0.705388385681886
Site	k__Bacteria.p__Proteobacteria.c__Gammaproteobacteria.o__Enterobacterales.f__Enterobacteriaceae.g__Citrobacter	Ileum	0.0628980249347948	0.0668117049042481	90	0	0.350393203520216	0.70655419639879
Sex	k__Bacteria.p__Proteobacteria.c__Alphaproteobacteria.o__Rhodospirillales.f__.g__	Female	-0.111517412362871	0.117205904767277	90	0	0.350129833519206	0.70655419639879
Site	k__Bacteria.p__Firmicutes.c__Clostridia.o__Lachnospirales.f__Lachnospiraceae.g__ASF356	Jejunum	-0.0957484369981896	0.102043125105876	90	0	0.351974472563497	0.706833981787351
Site	k__Bacteria.p__Firmicutes.c__Clostridia.o__Lachnospirales.f__Lachnospiraceae.g__28.4	Jejunum	-0.056914099828578	0.0615601716436644	90	0	0.359042143299975	0.712334973411207
Site	k__Bacteria.p__Firmicutes.c__Clostridia.o__Christensenellales.f__Christensenellaceae.g__	Jejunum	-0.0839147012975236	0.0907711619315463	90	0	0.359074976392996	0.712334973411207
Genotype	k__Bacteria.p__Firmicutes.c__Clostridia.o__Christensenellales.f__Christensenellaceae.g__	MUT	0.151399726454057	0.161396818793981	90	0	0.356847153179646	0.712334973411207
Genotype	k__Bacteria.p__Firmicutes.c__Clostridia.o__Peptostreptococcales.Tissierellales.f__Anaerovoracaceae.g__Family.XIII.UCG.001	HET	-0.186011739644794	0.200189468700759	90	0	0.36134360051051	0.713945017137702
Site	k__Bacteria.p__Actinobacteriota.c__Coriobacteriia.o__Coriobacteriales.f__Atopobiaceae.g__Coriobacteriaceae.UCG.002	Jejunum	-0.0796470021202232	0.0869505630712022	90	0	0.363458129653358	0.715238889679298
Genotype	k__Bacteria.p__Firmicutes.c__Bacilli.o__Bacillales.f__Bacillaceae.g__Bacillus	MUT	-0.0371102220521312	0.0419152425020808	90	0	0.384075973017397	0.718358931137832
Site	k__Bacteria.p__Firmicutes.c__Clostridia.o__Lachnospirales.f__Lachnospiraceae.g__	Jejunum	-0.0879965143013153	0.0979297518574491	90	0	0.372598239819277	0.718358931137832
Site	k__Bacteria.p__Proteobacteria.c__Gammaproteobacteria.o__Enterobacterales.f__Enterobacteriaceae.g__Citrobacter	Jejunum	0.059510248153886	0.0668117049042481	90	0	0.376761651785198	0.718358931137832
Site	k__Bacteria.p__Actinobacteriota.c__Coriobacteriia.o__Coriobacteriales.f__Atopobiaceae.g__Coriobacteriaceae.UCG.002	Ileum	-0.0762560766987333	0.0869505630712022	90	0	0.384102122363494	0.718358931137832
Site	k__Bacteria.p__Firmicutes.c__Clostridia.o__Clostridiales.f__Clostridiaceae.g__Clostridium.sensu.stricto.1	Jejunum	-0.102006154639582	0.114144990911802	90	0	0.375200171454298	0.718358931137832
Genotype	k__Bacteria.p__Firmicutes.c__Clostridia.o__Lachnospirales.f__Lachnospiraceae.g__28.4	HET	-0.0680888091982008	0.0766251267082879	90	0	0.382367577145707	0.718358931137832
Sex	k__Bacteria.p__Firmicutes.c__Clostridia.o__Lachnospirales.f__Lachnospiraceae.g__A2	Female	0.183130769561852	0.199828147793399	90	0	0.367858150964986	0.718358931137832
Sex	k__Bacteria.p__Firmicutes.c__Clostridia.o__Oscillospirales.f__Ruminococcaceae.g__Incertae.Sedis	Female	-0.180392506942702	0.203104178987004	90	0	0.382588784117693	0.718358931137832
Genotype	k__Bacteria.p__Firmicutes.c__Clostridia.o__Oscillospirales.f__Ruminococcaceae.g__Anaerotruncus	MUT	0.164724641997292	0.180683202406752	90	0	0.370314912707225	0.718358931137832
Sex	k__Bacteria.p__Firmicutes.c__Clostridia.o__Oscillospirales.f__Ruminococcaceae.g__Ruminococcus	Female	0.117867153024221	0.131103828926068	90	0	0.37120308240086	0.718358931137832
Sex	k__Bacteria.p__Bacteroidota.c__Bacteroidia.o__Bacteroidales.f__Prevotellaceae.g__Prevotella_9	Female	0.0687830422047537	0.0763660545495737	90	0	0.370322017458133	0.718358931137832
Genotype	k__Bacteria.p__Firmicutes.c__Clostridia.o__Christensenellales.f__Christensenellaceae.g__	HET	0.118915565943677	0.133987473645945	90	0	0.382939743858206	0.718358931137832
Genotype	k__Bacteria.p__Firmicutes.c__Bacilli.o__Lactobacillales.f__Lactobacillaceae.g__Weissella	HET	-0.126014066534671	0.141072825802864	90	0	0.379914274607163	0.718358931137832
Genotype	k__Bacteria.p__Firmicutes.c__Bacilli.o__Lactobacillales.f__Lactobacillaceae.g__Ligilactobacillus	HET	-0.141025259081152	0.160397065492839	90	0	0.387332790732778	0.719043679475886
Site	k__Bacteria.p__Firmicutes.c__Clostridia.o__Eubacteriales.f__Anaerofustaceae.g__Anaerofustis	Jejunum	-0.103053188406457	0.118330498273632	90	0	0.38740312526864	0.719043679475886
Site	k__Bacteria.p__Firmicutes.c__Clostridia.o__Peptococcales.f__Peptococcaceae.g__	Jejunum	-0.143742518270603	0.167850159180387	90	0	0.395315288389782	0.71972517198002
Site	k__Bacteria.p__Firmicutes.c__Clostridia.o__Oscillospirales.f__Oscillospiraceae.g__Colidextribacter	Jejunum	0.157758097599295	0.185703241148492	90	0	0.399086573005202	0.71972517198002
Sex	k__Bacteria.p__Firmicutes.c__Clostridia.o__Lachnospirales.f__Lachnospiraceae.g__Lachnospiraceae.FCS020.group	Female	-0.148122193387957	0.171437794754945	90	0	0.395489218178952	0.71972517198002
Sex	k__Bacteria.p__Bacteroidota.c__Bacteroidia.o__Bacteroidales.f__Rikenellaceae.g__Rikenella	Female	-0.186422245523837	0.213622275093026	90	0	0.390830045833146	0.71972517198002
Site	k__Bacteria.p__Firmicutes.c__Clostridia.o__Oscillospirales.f__Oscillospiraceae.g__	Jejunum	0.156564617389832	0.182271420825227	90	0	0.393896481348737	0.71972517198002
Sex	k__Bacteria.p__Actinobacteriota.c__Coriobacteriia.o__Coriobacteriales.f__Eggerthellaceae.g__Enterorhabdus	Female	-0.127461958451629	0.148234403051588	90	0	0.397721505832874	0.71972517198002
Site	k__Bacteria.p__Firmicutes.c__Negativicutes.o__Acidaminococcales.f__Acidaminococcaceae.g__Phascolarctobacterium	Ileum	0.0640500151492966	0.0747067216161219	90	0	0.394778785743298	0.71972517198002
Site	k__Bacteria.p__Firmicutes.c__Negativicutes.o__Veillonellales.Selenomonadales.f__Selenomonadaceae.g__Megamonas	Jejunum	-0.0569855643657495	0.0672430635199004	90	0	0.400224350874605	0.71972517198002
Site	k__Bacteria.p__Firmicutes.c__Bacilli.o__Staphylococcales.f__Staphylococcaceae.g__Jeotgalicoccus	Ileum	0.076982294340008	0.0909878632712452	90	0	0.400989738674583	0.71972517198002
Site	k__Bacteria.p__Proteobacteria.c__Gammaproteobacteria.o__Enterobacterales.f__Enterobacteriaceae.g__Escherichia.Shigella	Jejunum	0.0712604079707861	0.0849139718825697	90	0	0.404798819383417	0.722011867002787
Genotype	k__Bacteria.p__Firmicutes.c__Clostridia.o__Peptococcales.f__Peptococcaceae.g__Peptococcus	MUT	0.144023348741369	0.170217902472478	90	0	0.405210741685238	0.722011867002787
Site	k__Bacteria.p__Firmicutes.c__Clostridia.o__Peptostreptococcales.Tissierellales.f__Anaerovoracaceae.g__Family.XIII.UCG.001	Ileum	-0.120203546368939	0.143877678107811	90	0	0.406889179278454	0.722375716834936
Genotype	k__Bacteria.p__Firmicutes.c__Negativicutes.o__Veillonellales.Selenomonadales.f__Selenomonadaceae.g__Megamonas	HET	0.0648961164460288	0.0774645920432576	90	0	0.409805346260377	0.722617421934915
Site	k__Bacteria.p__Firmicutes.c__Clostridia.o__Peptostreptococcales.Tissierellales.f__Peptostreptococcaceae.g__Romboutsia	Ileum	0.0546498143418744	0.0658477694310614	90	0	0.409974782240625	0.722617421934915
Genotype	k__Bacteria.p__Firmicutes.c__Clostridia.o__Clostridia.vadinBB60.group.f__.g__	HET	0.146244504148814	0.177976749703438	90	0	0.418716102700807	0.731940626773931
Sex	k__Bacteria.p__Firmicutes.c__Clostridia.o__Lachnospirales.f__Lachnospiraceae.g__Agathobacter	Female	0.0464411876087458	0.0572749757777119	90	0	0.419745543109132	0.731940626773931
Genotype	k__Bacteria.p__Actinobacteriota.c__Actinobacteria.o__Corynebacteriales.f__Corynebacteriaceae.g__Corynebacterium	HET	0.159543522861825	0.193793355945652	90	0	0.417844242573696	0.731940626773931
Genotype	k__Bacteria.p__Proteobacteria.c__Gammaproteobacteria.o__Pseudomonadales.f__Pseudomonadaceae.g__Pseudomonas	HET	-0.0979826685215429	0.122528860858846	90	0	0.431147711125684	0.733979174409139
Site	k__Bacteria.p__Firmicutes.c__Clostridia.o__Lachnospirales.f__Lachnospiraceae.g__Lachnoclostridium	Jejunum	-0.0785869528307034	0.0986848154166131	90	0	0.429080319330946	0.733979174409139
Sex	k__Bacteria.p__Bacteroidota.c__Bacteroidia.o__Bacteroidales.f__Tannerellaceae.g__Parabacteroides	Female	-0.120276140256346	0.148319952699793	90	0	0.424770863962277	0.733979174409139
Site	k__Bacteria.p__Firmicutes.c__Clostridia.o__Lachnospirales.f__Lachnospiraceae.g__Roseburia	Jejunum	0.160698551741571	0.202818944788329	90	0	0.431400004550678	0.733979174409139
Site	k__Bacteria.p__Firmicutes.c__Clostridia.o__Lachnospirales.f__Lachnospiraceae.g__A2	Ileum	-0.124681587570048	0.156166256376118	90	0	0.42790124149585	0.733979174409139
Site	k__Bacteria.p__Firmicutes.c__Clostridia.o__Lachnospirales.f__Lachnospiraceae.g__Lachnospiraceae.UCG.004	Jejunum	0.0712421164213714	0.0882182456078676	90	0	0.422639718416318	0.733979174409139
Genotype	k__Bacteria.p__Firmicutes.c__Clostridia.o__Lachnospirales.f__Lachnospiraceae.g__Blautia	MUT	0.0665490269722075	0.0826198469255715	90	0	0.427845485597268	0.733979174409139
Site	k__Bacteria.p__Firmicutes.c__Clostridia.o__Lachnospirales.f__Lachnospiraceae.g__Anaerostipes	Jejunum	0.0744412936561641	0.0943444029594447	90	0	0.433303564722678	0.734666943647447
Sex	k__Bacteria.p__Verrucomicrobiota.c__Verrucomicrobiae.o__Verrucomicrobiales.f__Akkermansiaceae.g__Akkermansia	Female	-0.123214487906004	0.15590046223129	90	0	0.436478588584649	0.737498304849924
Genotype	k__Bacteria.p__Bacteroidota.c__Bacteroidia.o__Bacteroidales.f__Rikenellaceae.g__Rikenella	HET	0.191373117355569	0.24366244095666	90	0	0.439316483662797	0.739742532628077
Site	k__Bacteria.p__Firmicutes.c__Bacilli.o__Lactobacillales.f__Lactobacillaceae.g__Weissella	Jejunum	0.0723516321536062	0.093654077780232	90	0	0.442930761799778	0.74327422356812
Site	k__Bacteria.p__Firmicutes.c__Clostridia.o__Oscillospirales.f__Oscillospiraceae.g__Colidextribacter	Ileum	0.142746664848465	0.185703241148492	90	0	0.445201154436202	0.744534353835286
Sex	k__Bacteria.p__Firmicutes.c__Clostridia.o__Oscillospirales.f__Oscillospiraceae.g__Intestinimonas	Female	-0.137228228614916	0.179406117888412	90	0	0.451216899029587	0.749478917032194
Site	k__Bacteria.p__Firmicutes.c__Clostridia.o__Christensenellales.f__Christensenellaceae.g__Christensenellaceae.R.7.group	Ileum	-0.0802471124761691	0.105781339508144	90	0	0.451155859308875	0.749478917032194
Genotype	k__Bacteria.p__Desulfobacterota.c__Desulfovibrionia.o__Desulfovibrionales.f__Desulfovibrionaceae.g__Desulfovibrio	MUT	-0.203643344274076	0.268245200994502	90	0	0.454579870743156	0.75251397521671
Genotype	k__Bacteria.p__Firmicutes.c__Clostridia.o__Lachnospirales.f__Lachnospiraceae.g__Acetatifactor	MUT	-0.167791072433136	0.224683335165846	90	0	0.461891073378907	0.756945237309915
Site	k__Bacteria.p__Firmicutes.c__Clostridia.o__Lachnospirales.f__Lachnospiraceae.g__Blautia	Jejunum	0.0473270725227162	0.063807761863283	90	0	0.461253949349451	0.756945237309915
Genotype	k__Bacteria.p__Firmicutes.c__Clostridia.o__Monoglobales.f__Monoglobaceae.g__Monoglobus	HET	-0.176604298929888	0.235813347280131	90	0	0.46063026862761	0.756945237309915
Site	k__Bacteria.p__Firmicutes.c__Clostridia.o__Lachnospirales.f__Lachnospiraceae.g__Lachnospiraceae.NK4A136.group	Ileum	-0.0956895182739946	0.130745995091484	90	0	0.467192846945569	0.757002732877408
Site	k__Bacteria.p__Firmicutes.c__Clostridia.o__Oscillospirales.f__Oscillospiraceae.g__Oscillibacter	Ileum	-0.100234254676403	0.136909565928996	90	0	0.467043390353512	0.757002732877408
Genotype	k__Bacteria.p__Firmicutes.c__Clostridia.o__Oscillospirales.f__Oscillospiraceae.g__Colidextribacter	MUT	-0.235046659800357	0.31835591699865	90	0	0.466936175751211	0.757002732877408
Sex	k__Bacteria.p__Actinobacteriota.c__Coriobacteriia.o__Coriobacteriales.f__Eggerthellaceae.g__	Female	-0.093467751892453	0.126932651808342	90	0	0.468105771554805	0.757002732877408
Genotype	k__Bacteria.p__Firmicutes.c__Bacilli.o__Acholeplasmatales.f__Acholeplasmataceae.g__Anaeroplasma	HET	-0.0864594108652406	0.118472201797512	90	0	0.472045088455091	0.760862149154588
Genotype	k__Bacteria.p__Firmicutes.c__Clostridia.o__Lachnospirales.f__Lachnospiraceae.g__Lachnospiraceae.UCG.006	MUT	0.184266237059876	0.254193443057928	90	0	0.474983880076695	0.763088856516658
Genotype	k__Bacteria.p__Firmicutes.c__Clostridia.o__Lachnospirales.f__Lachnospiraceae.g__GCA.900066575	MUT	-0.157339645589398	0.219123863369872	90	0	0.479135690106641	0.767243425334164
Site	k__Bacteria.p__Firmicutes.c__Clostridia.o__Oscillospirales.f__Oscillospiraceae.g__Oscillibacter	Jejunum	0.096653447872994	0.136909565928996	90	0	0.483035649424871	0.768505065809099
Site	k__Bacteria.p__Bacteroidota.c__Bacteroidia.o__Bacteroidales.f__Prevotellaceae.g__Prevotella_9	Ileum	-0.0604941977659289	0.0858663433516598	90	0	0.483060327080005	0.768505065809099
Genotype	k__Bacteria.p__Proteobacteria.c__Gammaproteobacteria.o__Enterobacterales.f__Enterobacteriaceae.g__Escherichia.Shigella	MUT	0.117902002545216	0.168659206456594	90	0	0.490724664461493	0.774564472723002
Site	k__Bacteria.p__Actinobacteriota.c__Coriobacteriia.o__Coriobacteriales.f__Eggerthellaceae.g__Enterorhabdus	Jejunum	-0.0459713002521378	0.0662388521891865	90	0	0.490438163536133	0.774564472723002
Site	k__Bacteria.p__Firmicutes.c__Clostridia.o__Oscillospirales.f__Ruminococcaceae.g__Anaerotruncus	Ileum	-0.0630010293598343	0.091023571791467	90	0	0.491611328605824	0.774564472723002
Sex	k__Bacteria.p__Proteobacteria.c__Gammaproteobacteria.o__Burkholderiales.f__Sutterellaceae.g__Parasutterella	Female	-0.123801423656045	0.182709712138023	90	0	0.504020108887732	0.790625379603438
Sex	k__Bacteria.p__Firmicutes.c__Clostridia.o__Oscillospirales.f__Ruminococcaceae.g__.Eubacterium..siraeum.group	Female	-0.102685073818462	0.153299145920422	90	0	0.508868972654985	0.790625379603438
Genotype	k__Bacteria.p__Firmicutes.c__Clostridia.o__Oscillospirales.f__Ruminococcaceae.g__.Eubacterium..siraeum.group	MUT	0.140638040556478	0.210626282007537	90	0	0.510200352564035	0.790625379603438
Site	k__Bacteria.p__Firmicutes.c__Clostridia.o__Peptococcales.f__Peptococcaceae.g__Peptococcus	Jejunum	-0.077288173753845	0.116223632621577	90	0	0.508689153963002	0.790625379603438
Site	k__Bacteria.p__Firmicutes.c__Clostridia.o__Oscillospirales.f__Ruminococcaceae.g__Ruminococcus	Ileum	0.0970791556179922	0.147413748892516	90	0	0.511986557496737	0.790625379603438
Genotype	k__Bacteria.p__Firmicutes.c__Clostridia.o__Oscillospirales.f__Ruminococcaceae.g__Faecalibacterium	HET	0.0774977574884693	0.117991461337179	90	0	0.513099736150803	0.790625379603438
Site	k__Bacteria.p__Firmicutes.c__Bacilli.o__Staphylococcales.f__Staphylococcaceae.g__Jeotgalicoccus	Jejunum	0.0609311073938716	0.0909878632712452	90	0	0.505730638029872	0.790625379603438
Site	k__Bacteria.p__Firmicutes.c__Clostridia.o__Christensenellales.f__Christensenellaceae.g__Christensenellaceae.R.7.group	Jejunum	0.0687152257799961	0.105781339508144	90	0	0.518517126148335	0.796468312892427
Genotype	k__Bacteria.p__Proteobacteria.c__Gammaproteobacteria.o__Enterobacterales.f__Enterobacteriaceae.g__Citrobacter	HET	0.0555942821655173	0.0858883683112897	90	0	0.52312177166577	0.80103021286321
Genotype	k__Bacteria.p__Firmicutes.c__Clostridia.o__Lachnospirales.f__Lachnospiraceae.g__A2	MUT	-0.17607534219848	0.274555083509889	90	0	0.526933714550794	0.801367105639126
Genotype	k__Bacteria.p__Firmicutes.c__Bacilli.o__Erysipelotrichales.f__Erysipelotrichaceae.g__	MUT	-0.150973793922005	0.236170685879698	90	0	0.52824811249273	0.801367105639126
Site	k__Bacteria.p__Actinobacteriota.c__Actinobacteria.o__Corynebacteriales.f__Corynebacteriaceae.g__Corynebacterium	Ileum	-0.0770190160822677	0.121037217014942	90	0	0.52706786058874	0.801367105639126
Sex	k__Bacteria.p__Firmicutes.c__Bacilli.o__Lactobacillales.f__Enterococcaceae.g__Enterococcus	Female	0.152067039993548	0.241031293925221	90	0	0.533612060034453	0.807005893261982
Site	k__Bacteria.p__Cyanobacteria.c__Cyanobacteriia.o__Chloroplast.f__.g__	Jejunum	-0.11585658784568	0.186394350133675	90	0	0.536662128636485	0.809121363175008
Sex	k__Bacteria.p__Bacteroidota.c__Bacteroidia.o__Bacteroidales.f__Rikenellaceae.g__Alistipes	Female	-0.102217993474138	0.166425921753623	90	0	0.544423828947231	0.818305755166084
Sex	k__Bacteria.p__Firmicutes.c__Clostridia.o__Lachnospirales.f__Lachnospiraceae.g__Roseburia	Female	-0.150592617599702	0.249095967878854	90	0	0.550713535220671	0.822712293469905
Genotype	k__Bacteria.p__Firmicutes.c__Clostridia.o__Oscillospirales.f__Oscillospiraceae.g__	MUT	-0.169202328366065	0.27893130354146	90	0	0.549370863042138	0.822712293469905
Site	k__Bacteria.p__Firmicutes.c__Clostridia.o__Peptostreptococcales.Tissierellales.f__Anaerovoracaceae.g__Family.XIII.UCG.001	Jejunum	-0.0852261939962052	0.143877678107811	90	0	0.555917425379616	0.827962122905811
Sex	k__Bacteria.p__Firmicutes.c__Bacilli.o__Lactobacillales.f__Lactobacillaceae.g__	Female	-0.292875983866027	0.500020991694895	90	0	0.56310900178516	0.834307086838832
Site	k__Bacteria.p__Firmicutes.c__Bacilli.o__Staphylococcales.f__Staphylococcaceae.g__Staphylococcus	Jejunum	0.0579065420861032	0.100064620428842	90	0	0.565037936433285	0.834307086838832
Genotype	k__Bacteria.p__Bacteroidota.c__Bacteroidia.o__Bacteroidales.f__Bacteroidaceae.g__Bacteroides	HET	0.0824820339600436	0.14224023712793	90	0	0.566988285545574	0.834307086838832
Sex	k__Bacteria.p__Firmicutes.c__Clostridia.o__Lachnospirales.f__Lachnospiraceae.g__.Eubacterium..xylanophilum.group	Female	-0.103876182770546	0.178903873699678	90	0	0.566491876639762	0.834307086838832
Genotype	k__Bacteria.p__Firmicutes.c__Clostridia.o__Oscillospirales.f__Oscillospiraceae.g__Oscillibacter	MUT	-0.141515625115393	0.248548434637044	90	0	0.573992755286423	0.841686242886154
Site	k__Bacteria.p__Firmicutes.c__Clostridia.o__Oscillospirales.f__Ruminococcaceae.g__	Jejunum	0.102978133440556	0.185186440197179	90	0	0.580296454507619	0.841686242886154
Genotype	k__Bacteria.p__Firmicutes.c__Clostridia.o__Lachnospirales.f__Lachnospiraceae.g__Agathobacter	MUT	0.0436122413449295	0.0786932968719438	90	0	0.580910838161283	0.841686242886154
Genotype	k__Bacteria.p__Firmicutes.c__Clostridia.o__Lachnospirales.f__Lachnospiraceae.g__.Eubacterium..xylanophilum.group	HET	0.11435394909933	0.204061840195656	90	0	0.580011558739796	0.841686242886154
Genotype	k__Bacteria.p__Bacteroidota.c__Bacteroidia.o__Bacteroidales.f__Prevotellaceae.g__Prevotella_9	MUT	-0.0579339135801086	0.104923599181114	90	0	0.582309461915114	0.841686242886154
Genotype	k__Bacteria.p__Firmicutes.c__Clostridia.o__Oscillospirales.f__Ruminococcaceae.g__Subdoligranulum	HET	0.0506986199300591	0.089931513023232	90	0	0.577756939395338	0.841686242886154
Site	k__Bacteria.p__Firmicutes.c__Bacilli.o__Erysipelotrichales.f__Erysipelatoclostridiaceae.g__Erysipelatoclostridium	Jejunum	-0.060126452056342	0.110547174889047	90	0	0.58859601414538	0.84616810782737
Site	k__Bacteria.p__Firmicutes.c__Clostridia.o__Peptostreptococcales.Tissierellales.f__Anaerovoracaceae.g__.Eubacterium..brachy.group	Jejunum	-0.0637139675338322	0.117227546574472	90	0	0.588863928100272	0.84616810782737
Genotype	k__Bacteria.p__Bacteroidota.c__Bacteroidia.o__Bacteroidales.f__Tannerellaceae.g__Parabacteroides	MUT	0.110331487605618	0.20378508958496	90	0	0.592833800575784	0.847222127807098
Sex	k__Bacteria.p__Firmicutes.c__Clostridia.o__Lachnospirales.f__Lachnospiraceae.g__Marvinbryantia	Female	-0.114826462481637	0.212215338125544	90	0	0.593055489464968	0.847222127807098
Site	k__Bacteria.p__Firmicutes.c__Bacilli.o__Lactobacillales.f__Streptococcaceae.g__Streptococcus	Jejunum	0.0407069518049814	0.0767287655492796	90	0	0.597769692654222	0.847354924996535
Site	k__Bacteria.p__Firmicutes.c__Bacilli.o__Acholeplasmatales.f__Acholeplasmataceae.g__Anaeroplasma	Jejunum	-0.0510919273367506	0.0957888361591215	90	0	0.595808127637179	0.847354924996535
Sex	k__Bacteria.p__Actinobacteriota.c__Coriobacteriia.o__Coriobacteriales.f__Coriobacteriales.Incertae.Sedis.g__	Female	-0.0647835752612139	0.121470349754319	90	0	0.598336334793471	0.847354924996535
Genotype	k__Bacteria.p__Firmicutes.c__Clostridia.o__Peptococcales.f__Peptococcaceae.g__	MUT	-0.121115112190467	0.229752329713101	90	0	0.602555388341368	0.848425690480661
Site	k__Bacteria.p__Actinobacteriota.c__Coriobacteriia.o__Coriobacteriales.f__Eggerthellaceae.g__	Jejunum	0.0293564125282164	0.0559012224288981	90	0	0.601482146821202	0.848425690480661
Genotype	k__Bacteria.p__Firmicutes.c__Clostridia.o__Oscillospirales.f__Oscillospiraceae.g__	HET	-0.116986705170766	0.231561569562262	90	0	0.617668834872304	0.860206094134392
Site	k__Bacteria.p__Firmicutes.c__Clostridia.o__Oscillospirales.f__Ruminococcaceae.g__	Ileum	-0.0927153941362927	0.185186440197179	90	0	0.618505255905064	0.860206094134392
Sex	k__Bacteria.p__Firmicutes.c__Clostridia.o__Lachnospirales.f__Lachnospiraceae.g__Fusicatenibacter	Female	0.0307499281720341	0.0616941489238808	90	0	0.619486870489875	0.860206094134392
Site	k__Bacteria.p__Firmicutes.c__Bacilli.o__Lactobacillales.f__Lactobacillaceae.g__Weissella	Ileum	-0.0467290134150427	0.093654077780232	90	0	0.61969949230498	0.860206094134392
Genotype	k__Bacteria.p__Actinobacteriota.c__Coriobacteriia.o__Coriobacteriales.f__Eggerthellaceae.g__Parvibacter	HET	0.0437698527218209	0.0863839599312788	90	0	0.616642909607721	0.860206094134392
Site	k__Bacteria.p__Firmicutes.c__Clostridia.o__Oscillospirales.f__.Eubacterium..coprostanoligenes.group.g__	Jejunum	-0.071031609118673	0.144518980946485	90	0	0.624925187536064	0.865009440374778
Genotype	k__Bacteria.p__Firmicutes.c__Clostridia.o__Oscillospirales.f__.Eubacterium..coprostanoligenes.group.g__	HET	0.104179727837835	0.213595508131645	90	0	0.629819539435558	0.866914882047392
Genotype	k__Bacteria.p__Firmicutes.c__Bacilli.o__Lactobacillales.f__Lactobacillaceae.g__Weissella	MUT	0.0828779336541967	0.169931596464196	90	0	0.629840200018105	0.866914882047392
Genotype	k__Bacteria.p__Firmicutes.c__Clostridia.o__Christensenellales.f__Christensenellaceae.g__Christensenellaceae.R.7.group	HET	-0.064133852932402	0.132218122654312	90	0	0.631695085459762	0.867032470238889
Genotype	k__Bacteria.p__Proteobacteria.c__Gammaproteobacteria.o__Pseudomonadales.f__Pseudomonadaceae.g__Pseudomonas	MUT	-0.0707215864141143	0.147594157983191	90	0	0.635828649448147	0.868611375844318
Genotype	k__Bacteria.p__Firmicutes.c__Clostridia.o__Peptostreptococcales.Tissierellales.f__Anaerovoracaceae.g__.Eubacterium..nodatum.group	HET	0.0567195136094282	0.119488786754329	90	0	0.638974586242332	0.868611375844318
Genotype	k__Bacteria.p__Firmicutes.c__Clostridia.o__Peptostreptococcales.Tissierellales.f__Anaerovoracaceae.g__.Eubacterium..nodatum.group	MUT	0.0681384779492863	0.143932186636051	90	0	0.639873758165892	0.868611375844318
Sex	k__Bacteria.p__Firmicutes.c__Clostridia.o__Peptostreptococcales.Tissierellales.f__Peptostreptococcaceae.g__Romboutsia	Female	-0.0372165603738463	0.0786290524010723	90	0	0.639936136081222	0.868611375844318
Sex	k__Bacteria.p__Firmicutes.c__Clostridia.o__Oscillospirales.f__Butyricicoccaceae.g__Butyricicoccus	Female	-0.0894089830785273	0.192983195202922	90	0	0.647004759026727	0.875779922439492
Genotype	k__Bacteria.p__Firmicutes.c__Clostridia.o__Oscillospirales.f__Ruminococcaceae.g__	HET	-0.0990214474321471	0.221984428626978	90	0	0.659236741755103	0.888013855436225
Genotype	k__Bacteria.p__Firmicutes.c__Clostridia.o__Christensenellales.f__Christensenellaceae.g__Christensenellaceae.R.7.group	MUT	-0.0709479842183126	0.159265517907347	90	0	0.65966743546691	0.888013855436225
Sex	k__Bacteria.p__Firmicutes.c__Clostridia.o__Lachnospirales.f__Lachnospiraceae.g__	Female	-0.0728660801024325	0.165496159427872	90	0	0.663366828152179	0.888114059548
Genotype	k__Bacteria.p__Firmicutes.c__Bacilli.o__Erysipelotrichales.f__Erysipelatoclostridiaceae.g__Erysipelatoclostridium	HET	-0.089694424151668	0.203183434934746	90	0	0.662540032684883	0.888114059548
Sex	k__Bacteria.p__Firmicutes.c__Clostridia.o__Lachnospirales.f__Lachnospiraceae.g__Blautia	Female	0.0262607992174328	0.0601328184168057	90	0	0.665924753272	0.889109343605667
Site	k__Bacteria.p__Firmicutes.c__Clostridia.o__Oscillospirales.f__Ruminococcaceae.g__.Eubacterium..siraeum.group	Jejunum	0.0515432378057736	0.119606602803973	90	0	0.668109575481852	0.889602423875293
Site	k__Bacteria.p__Firmicutes.c__Clostridia.o__Oscillospirales.f__Oscillospiraceae.g__Intestinimonas	Jejunum	-0.0613232225413571	0.145808010715361	90	0	0.675619596797826	0.897164234230175
Genotype	k__Bacteria.p__Firmicutes.c__Clostridia.o__Lachnospirales.f__Lachnospiraceae.g__A2	HET	0.0941700559709736	0.227928544633206	90	0	0.682879970654767	0.901002496563576
Site	k__Bacteria.p__Bacteroidota.c__Bacteroidia.o__Bacteroidales.f__Prevotellaceae.g__Prevotella_9	Jejunum	0.0352836402210026	0.0858663433516598	90	0	0.682182347048553	0.901002496563576
Genotype	k__Bacteria.p__Firmicutes.c__Clostridia.o__Oscillospirales.f__UCG.010.g__	MUT	-0.0440952607313915	0.10713865878443	90	0	0.684026385146225	0.901002496563576
Genotype	k__Bacteria.p__Bacteroidota.c__Bacteroidia.o__Bacteroidales.f__Bacteroidaceae.g__Bacteroides	MUT	0.0671753304779609	0.171337821008645	90	0	0.698206564401762	0.9172150577932
Genotype	k__Bacteria.p__Actinobacteriota.c__Actinobacteria.o__Corynebacteriales.f__Corynebacteriaceae.g__Corynebacterium	MUT	0.0903133280546809	0.233436979606672	90	0	0.701989699535246	0.919719125059547
Sex	k__Bacteria.p__Firmicutes.c__Clostridia.o__Peptococcales.f__Peptococcaceae.g__	Female	-0.0631312061257361	0.167219568149549	90	0	0.708840595827775	0.926218378548293
Site	k__Bacteria.p__Firmicutes.c__Bacilli.o__Erysipelotrichales.f__Erysipelotrichaceae.g__Turicibacter	Jejunum	-0.0414625525183746	0.118895315016479	90	0	0.728553605722825	0.927353775663425
Site	k__Bacteria.p__Proteobacteria.c__Gammaproteobacteria.o__Pseudomonadales.f__Pseudomonadaceae.g__Pseudomonas	Ileum	0.0396184828920226	0.108275128480601	90	0	0.715766708798482	0.927353775663425
Sex	k__Bacteria.p__Firmicutes.c__Bacilli.o__Lactobacillales.f__Lactobacillaceae.g__Limosilactobacillus	Female	-0.0877547711304525	0.259663793005702	90	0	0.738110462689012	0.927353775663425
Genotype	k__Bacteria.p__Bacteroidota.c__Bacteroidia.o__Bacteroidales.f__Rikenellaceae.g__Alistipes	MUT	-0.0797765069383734	0.228661894482042	90	0	0.729985899581567	0.927353775663425
Site	k__Bacteria.p__Firmicutes.c__Clostridia.o__Lachnospirales.f__Lachnospiraceae.g__Roseburia	Ileum	0.0678346253906349	0.202818944788329	90	0	0.739239672116107	0.927353775663425
Genotype	k__Bacteria.p__Firmicutes.c__Clostridia.o__Lachnospirales.f__Lachnospiraceae.g__28.4	MUT	0.0329424147437066	0.0923000587583488	90	0	0.724042888771389	0.927353775663425
Genotype	k__Bacteria.p__Bacteroidota.c__Bacteroidia.o__Bacteroidales.f__Rikenellaceae.g__Rikenellaceae.RC9.gut.group	HET	-0.0438266609648747	0.130424516849171	90	0	0.739544410428152	0.927353775663425
Sex	k__Bacteria.p__Firmicutes.c__Bacilli.o__Erysipelotrichales.f__Erysipelatoclostridiaceae.g__Erysipelatoclostridium	Female	0.0646506887378759	0.17813376350316	90	0	0.719588609232033	0.927353775663425
Genotype	k__Bacteria.p__Actinobacteriota.c__Coriobacteriia.o__Coriobacteriales.f__Eggerthellaceae.g__Enterorhabdus	MUT	-0.0697324524989281	0.203667548132135	90	0	0.734814580717343	0.927353775663425
Genotype	k__Bacteria.p__Firmicutes.c__Clostridia.o__Lachnospirales.f__Lachnospiraceae.g__Acetatifactor	HET	-0.0628382933140904	0.186526306244268	90	0	0.738906354100908	0.927353775663425
Genotype	k__Bacteria.p__Firmicutes.c__Bacilli.o__Erysipelotrichales.f__Erysipelotrichaceae.g__	HET	0.0657658302719683	0.196062808342235	90	0	0.739990461804896	0.927353775663425
Sex	k__Bacteria.p__Firmicutes.c__Clostridia.o__Peptococcales.f__Peptococcaceae.g__Peptococcus	Female	-0.0433441689425904	0.123888903230333	90	0	0.729259593255767	0.927353775663425
Genotype	k__Bacteria.p__Firmicutes.c__Bacilli.o__Lactobacillales.f__Enterococcaceae.g__Enterococcus	MUT	0.120978836074657	0.331166393538087	90	0	0.717834137653461	0.927353775663425
Site	k__Bacteria.p__Firmicutes.c__Clostridia.o__Oscillospirales.f__Ruminococcaceae.g__Anaerotruncus	Jejunum	0.031551455602898	0.091023571791467	90	0	0.730124131276508	0.927353775663425
Sex	k__Bacteria.p__Firmicutes.c__Negativicutes.o__Acidaminococcales.f__Acidaminococcaceae.g__Phascolarctobacterium	Female	-0.0349295637923695	0.0957530418076985	90	0	0.718220096257428	0.927353775663425
Sex	k__Bacteria.p__Actinobacteriota.c__Actinobacteria.o__Corynebacteriales.f__Corynebacteriaceae.g__Corynebacterium	Female	-0.0598931478606089	0.169901349721709	90	0	0.727292075680507	0.927353775663425
Site	k__Bacteria.p__Firmicutes.c__Bacilli.o__Erysipelotrichales.f__Erysipelotrichaceae.g__Faecalibaculum	Ileum	0.0292533149076529	0.0934158466119907	90	0	0.755288881228109	0.932220533505727
Genotype	k__Bacteria.p__Firmicutes.c__Clostridia.o__Clostridiales.f__Clostridiaceae.g__Clostridium.sensu.stricto.1	MUT	0.124890767100706	0.387891867156723	90	0	0.7500475274338	0.932220533505727
Genotype	k__Bacteria.p__Firmicutes.c__Clostridia.o__Oscillospirales.f__Oscillospiraceae.g__Oscillibacter	HET	0.0657687058978487	0.206338495916585	90	0	0.752468838445676	0.932220533505727
Sex	k__Bacteria.p__Bacteroidota.c__Bacteroidia.o__Bacteroidales.f__Rikenellaceae.g__Rikenellaceae.RC9.gut.group	Female	0.0369824774185028	0.114345000845594	90	0	0.748957557127689	0.932220533505727
Site	k__Bacteria.p__Firmicutes.c__Clostridia.o__Lachnospirales.f__Lachnospiraceae.g__GCA.900066575	Ileum	-0.0496989149823068	0.158415760392162	90	0	0.754855802357712	0.932220533505727
Genotype	k__Bacteria.p__Firmicutes.c__Clostridia.o__Monoglobales.f__Monoglobaceae.g__Monoglobus	MUT	0.0901426095838215	0.284052852438608	90	0	0.753516675975075	0.932220533505727
Sex	k__Bacteria.p__Proteobacteria.c__Gammaproteobacteria.o__Enterobacterales.f__Enterobacteriaceae.g__Escherichia.Shigella	Female	0.0373792415040302	0.122754444768136	90	0	0.76316781832969	0.932549204442763
Genotype	k__Bacteria.p__Firmicutes.c__Clostridia.o__Clostridiales.f__Clostridiaceae.g__Clostridium.sensu.stricto.1	HET	-0.0983533380491749	0.322017817429719	90	0	0.762471938075502	0.932549204442763
Genotype	k__Bacteria.p__Firmicutes.c__Clostridia.o__Lachnospirales.f__Lachnospiraceae.g__Lachnospiraceae.FCS020.group	HET	-0.059815681940979	0.195545860205945	90	0	0.762123676131867	0.932549204442763
Site	k__Bacteria.p__Firmicutes.c__Clostridia.o__Oscillospirales.f__Ruminococcaceae.g__.Eubacterium..siraeum.group	Ileum	0.0364502888576318	0.119606602803973	90	0	0.761646315756467	0.932549204442763
Genotype	k__Bacteria.p__Firmicutes.c__Clostridia.o__Oscillospirales.f__Oscillospiraceae.g__Colidextribacter	HET	0.0764799809052194	0.264290866186997	90	0	0.774587106273674	0.944148462870896
Genotype	k__Bacteria.p__Actinobacteriota.c__Coriobacteriia.o__Coriobacteriales.f__Eggerthellaceae.g__	MUT	0.0496405894441971	0.174399879107133	90	0	0.778177414251924	0.946171049586706
Sex	k__Bacteria.p__Desulfobacterota.c__Desulfovibrionia.o__Desulfovibrionales.f__Desulfovibrionaceae.g__Desulfovibrio	Female	-0.0522240124495497	0.195235655388142	90	0	0.791200754499861	0.947893324461936
Site	k__Bacteria.p__Firmicutes.c__Clostridia.o__Peptococcales.f__Peptococcaceae.g__	Ileum	-0.0459050582146734	0.167850159180387	90	0	0.78544941765559	0.947893324461936
Sex	k__Bacteria.p__Firmicutes.c__Clostridia.o__Oscillospirales.f__.Eubacterium..coprostanoligenes.group.g__	Female	-0.0503127142583747	0.187262173922196	90	0	0.790300024584795	0.947893324461936
Sex	k__Bacteria.p__Firmicutes.c__Clostridia.o__Oscillospirales.f__Oscillospiraceae.g__	Female	0.0554746659023579	0.203013271638369	90	0	0.786815047399839	0.947893324461936
Site	k__Bacteria.p__Cyanobacteria.c__Vampirivibrionia.o__Gastranaerophilales.f__.g__	Jejunum	-0.0393998076286151	0.146449857936504	90	0	0.788859211394818	0.947893324461936
Genotype	k__Bacteria.p__Cyanobacteria.c__Cyanobacteriia.o__Chloroplast.f__.g__	HET	-0.0811041358711118	0.297503266446738	90	0	0.787301950508084	0.947893324461936
Sex	k__Bacteria.p__Firmicutes.c__Bacilli.o__Lactobacillales.f__Streptococcaceae.g__Streptococcus	Female	0.0458821069231938	0.179055881371269	90	0	0.799778599317943	0.948201249207965
Sex	k__Bacteria.p__Firmicutes.c__Clostridia.o__Oscillospirales.f__Ruminococcaceae.g__	Female	-0.0491796293851634	0.19461685802842	90	0	0.802487435038413	0.948201249207965
Site	k__Bacteria.p__Firmicutes.c__Bacilli.o__Lactobacillales.f__Enterococcaceae.g__Enterococcus	Jejunum	0.0257750926441919	0.100913233866705	90	0	0.799303603752272	0.948201249207965
Genotype	k__Bacteria.p__Firmicutes.c__Bacilli.o__RF39.f__.g__	MUT	-0.062482703812151	0.239711693626037	90	0	0.796409878451281	0.948201249207965
Genotype	k__Bacteria.p__Firmicutes.c__Clostridia.o__Lachnospirales.f__Lachnospiraceae.g__.Eubacterium..xylanophilum.group	MUT	-0.0619283497352196	0.245806051481003	90	0	0.80306840494144	0.948201249207965
Site	k__Bacteria.p__Firmicutes.c__Negativicutes.o__Veillonellales.Selenomonadales.f__Selenomonadaceae.g__Megamonas	Ileum	-0.0171503284366873	0.0672430635199004	90	0	0.799586886246507	0.948201249207965
Site	k__Bacteria.p__Firmicutes.c__Bacilli.o__Lactobacillales.f__Lactobacillaceae.g__Lactobacillus	Jejunum	-0.00942292926178628	0.0536514764685436	90	0	0.861194619402507	0.949061556120588
Sex	k__Bacteria.p__Proteobacteria.c__Gammaproteobacteria.o__Pseudomonadales.f__Pseudomonadaceae.g__Pseudomonas	Female	-0.0192462278033931	0.107422768640323	90	0	0.859198299168562	0.949061556120588
Genotype	k__Bacteria.p__Proteobacteria.c__Gammaproteobacteria.o__Burkholderiales.f__Sutterellaceae.g__Parasutterella	HET	-0.0452504511437434	0.208402866352081	90	0	0.829802129376093	0.949061556120588
Sex	k__Bacteria.p__Firmicutes.c__Clostridia.o__Clostridiales.f__Clostridiaceae.g__Clostridium.sensu.stricto.1	Female	-0.0661899883642618	0.282317531211398	90	0	0.816470370716412	0.949061556120588
Site	k__Bacteria.p__Actinobacteriota.c__Actinobacteria.o__Bifidobacteriales.f__Bifidobacteriaceae.g__Bifidobacterium	Ileum	0.01590592765771	0.0651267201327244	90	0	0.807914262789839	0.949061556120588
Genotype	k__Bacteria.p__Firmicutes.c__Clostridia.o__Lachnospirales.f__Lachnospiraceae.g__Lachnospiraceae.NK4A136.group	MUT	-0.0359077439304998	0.194516256384941	90	0	0.854974967474736	0.949061556120588
Sex	k__Bacteria.p__Bacteroidota.c__Bacteroidia.o__Bacteroidales.f__Bacteroidaceae.g__Bacteroides	Female	-0.0236147644690523	0.12470400832291	90	0	0.851276110411586	0.949061556120588
Genotype	k__Bacteria.p__Bacteroidota.c__Bacteroidia.o__Bacteroidales.f__Marinifilaceae.g__Odoribacter	MUT	0.0552795812323222	0.272489426649286	90	0	0.840816883503077	0.949061556120588
Genotype	k__Bacteria.p__Verrucomicrobiota.c__Verrucomicrobiae.o__Verrucomicrobiales.f__Akkermansiaceae.g__Akkermansia	HET	0.0356253760235731	0.17782362423116	90	0	0.842772677165702	0.949061556120588
Genotype	k__Bacteria.p__Firmicutes.c__Clostridia.o__Lachnospirales.f__Lachnospiraceae.g__Roseburia	MUT	0.0686409199503003	0.342246900740251	90	0	0.842603508536791	0.949061556120588
Sex	k__Bacteria.p__Firmicutes.c__Clostridia.o__Oscillospirales.f__Oscillospiraceae.g__Oscillibacter	Female	-0.0424624612169533	0.180899849660515	90	0	0.816257758062877	0.949061556120588
Sex	k__Bacteria.p__Firmicutes.c__Clostridia.o__Oscillospirales.f__Oscillospiraceae.g__Colidextribacter	Female	-0.0553482369848788	0.231707504445526	90	0	0.813078342408051	0.949061556120588
Sex	k__Bacteria.p__Firmicutes.c__Clostridia.o__Clostridia.vadinBB60.group.f__.g__	Female	-0.0315317362883725	0.156034709477744	90	0	0.841425852708359	0.949061556120588
Genotype	k__Bacteria.p__Bacteroidota.c__Bacteroidia.o__Bacteroidales.f__Rikenellaceae.g__Rikenella	MUT	0.0566549060479715	0.29350760753874	90	0	0.848437732033986	0.949061556120588
Genotype	k__Bacteria.p__Desulfobacterota.c__Desulfovibrionia.o__Desulfovibrionales.f__Desulfovibrionaceae.g__Bilophila	MUT	-0.0484122231641964	0.245519271187236	90	0	0.845217725207792	0.949061556120588
Genotype	k__Bacteria.p__Firmicutes.c__Clostridia.o__Lachnospirales.f__Lachnospiraceae.g__Anaerostipes	MUT	0.0492983780193308	0.219903896729064	90	0	0.824368457752184	0.949061556120588
Site	k__Bacteria.p__Firmicutes.c__Clostridia.o__Oscillospirales.f__Oscillospiraceae.g__	Ileum	-0.0416953377853038	0.182271420825227	90	0	0.819864698455886	0.949061556120588
Site	k__Bacteria.p__Firmicutes.c__Clostridia.o__Lachnospirales.f__Lachnospiraceae.g__Acetatifactor	Jejunum	-0.0241284187873276	0.12444431810925	90	0	0.846940046688249	0.949061556120588
Sex	k__Bacteria.p__Firmicutes.c__Clostridia.o__Lachnospirales.f__Lachnospiraceae.g__Acetatifactor	Female	-0.0298993513147519	0.163530225455167	90	0	0.856344280212033	0.949061556120588
Site	k__Bacteria.p__Proteobacteria.c__Alphaproteobacteria.o__Rickettsiales.f__Mitochondria.g__	Jejunum	0.0433498268536046	0.18123702603422	90	0	0.811802565033715	0.949061556120588
Genotype	k__Bacteria.p__Proteobacteria.c__Alphaproteobacteria.o__Rickettsiales.f__Mitochondria.g__	HET	-0.0696552175814668	0.318493589226982	90	0	0.828589770483291	0.949061556120588
Genotype	k__Bacteria.p__Firmicutes.c__Bacilli.o__RF39.f__.g__	HET	-0.0352111161273584	0.199002461587187	90	0	0.860928152707222	0.949061556120588
Genotype	k__Bacteria.p__Proteobacteria.c__Alphaproteobacteria.o__Rhodospirillales.f__.g__	MUT	-0.0325139591950346	0.161035756606732	90	0	0.841562283751582	0.949061556120588
Genotype	k__Bacteria.p__Cyanobacteria.c__Cyanobacteriia.o__Chloroplast.f__.g__	MUT	0.0692773777715423	0.358362460898411	90	0	0.848213373255543	0.949061556120588
Genotype	k__Bacteria.p__Firmicutes.c__Clostridia.o__Lachnospirales.f__Lachnospiraceae.g__Fusicatenibacter	HET	0.0137875932837668	0.0703697538704252	90	0	0.845137637495	0.949061556120588
Genotype	k__Bacteria.p__Firmicutes.c__Bacilli.o__Erysipelotrichales.f__Erysipelatoclostridiaceae.g__	HET	0.0233392503624209	0.114542643508918	90	0	0.84012721402256	0.949061556120588
Sex	k__Bacteria.p__Firmicutes.c__Clostridia.o__Oscillospirales.f__Ruminococcaceae.g__Subdoligranulum	Female	-0.0138517182746734	0.0788442171848637	90	0	0.861902841782983	0.949061556120588
Genotype	k__Bacteria.p__Firmicutes.c__Clostridia.o__Oscillospirales.f__Ruminococcaceae.g__Faecalibacterium	MUT	-0.0262459710806589	0.142128558636721	90	0	0.853938009992733	0.949061556120588
Genotype	k__Bacteria.p__Firmicutes.c__Negativicutes.o__Veillonellales.Selenomonadales.f__Selenomonadaceae.g__Megamonas	MUT	-0.0223788714498379	0.0933112505575909	90	0	0.812342508708955	0.949061556120588
Site	k__Bacteria.p__Firmicutes.c__Clostridia.o__Peptostreptococcales.Tissierellales.f__Peptostreptococcaceae.g__Romboutsia	Jejunum	0.0151032692731064	0.0658477694310614	90	0	0.819391031062508	0.949061556120588
Sex	k__Bacteria.p__Firmicutes.c__Bacilli.o__Bacillales.f__Bacillaceae.g__Bacillus	Female	-0.00518780477137272	0.0305069757457259	90	0	0.86628471553805	0.951747781644943
Genotype	k__Bacteria.p__Bacteroidota.c__Bacteroidia.o__Bacteroidales.f__Marinifilaceae.g__Odoribacter	HET	-0.0368718249631284	0.226213689617848	90	0	0.871782228716325	0.955644948704697
Genotype	k__Bacteria.p__Bacteroidota.c__Bacteroidia.o__Bacteroidales.f__Rikenellaceae.g__Alistipes	HET	0.030324965714	0.189829203510218	90	0	0.874313624298668	0.956280526576668
Genotype	k__Bacteria.p__Firmicutes.c__Clostridia.o__Lachnospirales.f__Lachnospiraceae.g__Lachnospiraceae.UCG.001	MUT	-0.0385713828075048	0.264665961852318	90	0	0.885253730648754	0.961805605361174
Genotype	k__Bacteria.p__Actinobacteriota.c__Actinobacteria.o__Bifidobacteriales.f__Bifidobacteriaceae.g__Bifidobacterium	HET	-0.0455459802099838	0.302328918756533	90	0	0.881414190136524	0.961805605361174
Genotype	k__Bacteria.p__Firmicutes.c__Clostridia.o__Oscillospirales.f__Ruminococcaceae.g__Ruminococcus	MUT	0.0261092822775662	0.18013089295347	90	0	0.885100599975327	0.961805605361174
Sex	k__Bacteria.p__Bacteroidota.c__Bacteroidia.o__Bacteroidales.f__Marinifilaceae.g__Odoribacter	Female	-0.0259964670454382	0.19832471038057	90	0	0.89672077718073	0.972108807120703
Sex	k__Bacteria.p__Firmicutes.c__Bacilli.o__Acholeplasmatales.f__Acholeplasmataceae.g__Anaeroplasma	Female	0.0112980389904131	0.103866238817521	90	0	0.914216190728148	0.974964562921389
Site	k__Bacteria.p__Firmicutes.c__Clostridia.o__Lachnospirales.f__Lachnospiraceae.g__Anaerostipes	Ileum	0.0113912641250092	0.0943444029594447	90	0	0.904313272793821	0.974964562921389
Site	k__Bacteria.p__Firmicutes.c__Clostridia.o__Lachnospirales.f__Lachnospiraceae.g__Lachnospiraceae.UCG.004	Ileum	-0.00966721430825181	0.0882182456078676	90	0	0.91311841908174	0.974964562921389
Genotype	k__Bacteria.p__Firmicutes.c__Clostridia.o__Lachnospirales.f__Lachnospiraceae.g__Blautia	HET	0.00783904427597887	0.0685888646708866	90	0	0.909885666485013	0.974964562921389
Site	k__Bacteria.p__Firmicutes.c__Clostridia.o__Oscillospirales.f__Ruminococcaceae.g__Ruminococcus	Jejunum	0.0167065234730311	0.147413748892516	90	0	0.910038691725682	0.974964562921389
Genotype	k__Bacteria.p__Firmicutes.c__Bacilli.o__Erysipelotrichales.f__Erysipelatoclostridiaceae.g__	MUT	-0.0171324468379283	0.137974228303184	90	0	0.902134619814252	0.974964562921389
Site	k__Bacteria.p__Firmicutes.c__Clostridia.o__Oscillospirales.f__Ruminococcaceae.g__UBA1819	Jejunum	0.00892755060527678	0.0835483609301103	90	0	0.915272854987426	0.974964562921389
Site	k__Bacteria.p__Firmicutes.c__Clostridia.o__Oscillospirales.f__Ruminococcaceae.g__Faecalibacterium	Jejunum	0.0132293102919613	0.116313772223074	90	0	0.909716794758692	0.974964562921389
Genotype	k__Bacteria.p__Firmicutes.c__Clostridia.o__Eubacteriales.f__Anaerofustaceae.g__Anaerofustis	MUT	-0.0205380233398522	0.202366794057843	90	0	0.919940845404162	0.977811310733274
Sex	k__Bacteria.p__Firmicutes.c__Clostridia.o__Clostridiales.f__Clostridiaceae.g__Candidatus.Arthromitus	Female	0.0199426285724245	0.230097285744552	90	0	0.931597528098861	0.979576799932279
Genotype	k__Bacteria.p__Firmicutes.c__Bacilli.o__Erysipelotrichales.f__Erysipelotrichaceae.g__Faecalibaculum	MUT	-0.0303169687737095	0.336151874901303	90	0	0.928828778525748	0.979576799932279
Sex	k__Bacteria.p__Firmicutes.c__Clostridia.o__Peptostreptococcales.Tissierellales.f__Anaerovoracaceae.g__Family.XIII.UCG.001	Female	-0.0152139749103681	0.175508911367784	90	0	0.931586119298975	0.979576799932279
Site	k__Bacteria.p__Actinobacteriota.c__Coriobacteriia.o__Coriobacteriales.f__Eggerthellaceae.g__	Ileum	0.00487394065658669	0.0559012224288981	90	0	0.930822046123914	0.979576799932279
Sex	k__Bacteria.p__Firmicutes.c__Clostridia.o__Oscillospirales.f__Ruminococcaceae.g__Anaerotruncus	Female	0.0118333532212125	0.131505813743276	90	0	0.928989948181731	0.979576799932279
Genotype	k__Bacteria.p__Firmicutes.c__Clostridia.o__Lachnospirales.f__Lachnospiraceae.g__Lachnospiraceae.UCG.006	HET	0.0151403960265981	0.211024836221654	90	0	0.943352326763244	0.989812933862933
Genotype	k__Bacteria.p__Bacteroidota.c__Bacteroidia.o__Bacteroidales.f__Rikenellaceae.g__Rikenellaceae.RC9.gut.group	MUT	-0.00989717129387147	0.157105000485509	90	0	0.950250577210397	0.993883827881455
Site	k__Bacteria.p__Actinobacteriota.c__Actinobacteria.o__Corynebacteriales.f__Corynebacteriaceae.g__Corynebacterium	Jejunum	-0.00742602809936295	0.121037217014942	90	0	0.951288806686536	0.993883827881455
Genotype	k__Bacteria.p__Firmicutes.c__Clostridia.o__Clostridiales.f__Clostridiaceae.g__Candidatus.Arthromitus	HET	0.015382061986834	0.262454213998069	90	0	0.953712037376558	0.994295528328752
Site	k__Bacteria.p__Desulfobacterota.c__Desulfovibrionia.o__Desulfovibrionales.f__Desulfovibrionaceae.g__Desulfovibrio	Jejunum	-0.00178455909147615	0.0757857333107157	90	0	0.981294434328841	0.99712403266288
Genotype	k__Bacteria.p__Proteobacteria.c__Gammaproteobacteria.o__Enterobacterales.f__Enterobacteriaceae.g__Citrobacter	MUT	0.00143593503040644	0.103458249041085	90	0	0.989032178654083	0.99712403266288
Genotype	k__Bacteria.p__Actinobacteriota.c__Actinobacteria.o__Bifidobacteriales.f__Bifidobacteriaceae.g__Bifidobacterium	MUT	0.00596450161266498	0.364175279889723	90	0	0.987057781854425	0.99712403266288
Sex	k__Bacteria.p__Firmicutes.c__Clostridia.o__Lachnospirales.f__Lachnospiraceae.g__Lachnospiraceae.NK4A136.group	Female	-0.00301975842373179	0.141573860997947	90	0	0.983145335617947	0.99712403266288
Genotype	k__Bacteria.p__Firmicutes.c__Clostridia.o__Lachnospirales.f__Lachnospiraceae.g__Lachnospiraceae.NK4A136.group	HET	-0.0082168889728426	0.161482375990034	90	0	0.959806771769183	0.99712403266288
Site	k__Bacteria.p__Verrucomicrobiota.c__Verrucomicrobiae.o__Verrucomicrobiales.f__Akkermansiaceae.g__Akkermansia	Jejunum	0.00249769099089597	0.0895010223819797	90	0	0.977832252462192	0.99712403266288
Genotype	k__Bacteria.p__Firmicutes.c__Clostridia.o__Peptococcales.f__Peptococcaceae.g__	HET	0.00538436462687728	0.190734454697173	90	0	0.977694570306603	0.99712403266288
Site	k__Bacteria.p__Firmicutes.c__Clostridia.o__Lachnospirales.f__Lachnospiraceae.g__28.4	Ileum	0.00118372034512553	0.0615601716436644	90	0	0.984724681943097	0.99712403266288
Genotype	k__Bacteria.p__Firmicutes.c__Clostridia.o__Oscillospirales.f__Ruminococcaceae.g__	MUT	-0.0107178843325868	0.267395000646601	90	0	0.968333488996209	0.99712403266288
Site	k__Bacteria.p__Firmicutes.c__Clostridia.o__Lachnospirales.f__Lachnospiraceae.g__Acetatifactor	Ileum	-0.00219915451797304	0.12444431810925	90	0	0.985961332944954	0.99712403266288
Genotype	k__Bacteria.p__Proteobacteria.c__Alphaproteobacteria.o__Rickettsiales.f__Mitochondria.g__	MUT	0.00476333352334105	0.383646700014242	90	0	0.990188551737951	0.99712403266288
Site	k__Bacteria.p__Firmicutes.c__Clostridia.o__Lachnospirales.f__Lachnospiraceae.g__A2	Jejunum	0.00600835149648316	0.156166256376118	90	0	0.969441829666203	0.99712403266288
Sex	k__Bacteria.p__Firmicutes.c__Bacilli.o__Erysipelotrichales.f__Erysipelotrichaceae.g__	Female	0.001953498673684	0.171891010427191	90	0	0.991019191646577	0.99712403266288
Site	k__Bacteria.p__Firmicutes.c__Clostridia.o__Lachnospirales.f__Lachnospiraceae.g__Agathobacter	Jejunum	-0.00138137933795267	0.0644002464785509	90	0	0.982937633094096	0.99712403266288
Site	k__Bacteria.p__Firmicutes.c__Clostridia.o__Peptostreptococcales.Tissierellales.f__Anaerovoracaceae.g__.Eubacterium..nodatum.group	Jejunum	-0.00152882500388541	0.0931660070708145	90	0	0.98696387059947	0.99712403266288
Site	k__Bacteria.p__Firmicutes.c__Bacilli.o__Erysipelotrichales.f__Erysipelatoclostridiaceae.g__	Jejunum	0.00115805465635165	0.084758248071677	90	0	0.989145707119082	0.99712403266288
Site	k__Bacteria.p__Firmicutes.c__Clostridia.o__Oscillospirales.f__Ruminococcaceae.g__Subdoligranulum	Jejunum	-0.00345224985550007	0.0828298960355457	90	0	0.966897910364633	0.99712403266288
Site	k__Bacteria.p__Firmicutes.c__Clostridia.o__Lachnospirales.f__Lachnospiraceae.g__Lachnospiraceae.NK4A136.group	Jejunum	-0.000870168812590568	0.130745995091484	90	0	0.994712625735169	0.998789316824247
Site	k__Bacteria.p__Proteobacteria.c__Gammaproteobacteria.o__Pseudomonadales.f__Pseudomonadaceae.g__Pseudomonas	Jejunum	-0.000254251056590255	0.108275128480601	90	0	0.998134471673502	0.999645604386309
Genotype	k__Bacteria.p__Firmicutes.c__Clostridia.o__Oscillospirales.f__.Eubacterium..coprostanoligenes.group.g__	MUT	-0.000115384124723183	0.257289988258353	90	0	0.999645604386309	0.999645604386309
