feature	metadata	value	coef	stderr	N	N.not.0	pval	qval
k__Bacteria.p__Firmicutes.c__Clostridia.o__Clostridia.vadinBB60.group.f__.g__	Site	Proximal_Colon	2.43884676733512	0.244944379816507	51	51	3.48031326564549e-11	1.48957407769627e-08
k__Bacteria.p__Firmicutes.c__Clostridia.o__Lachnospirales.f__Lachnospiraceae.g__ASF356	Site	Proximal_Colon	3.22397918665169	0.355730790463793	51	51	2.20825970541468e-10	3.78721007110515e-08
k__Bacteria.p__Firmicutes.c__Clostridia.o__Lachnospirales.f__Lachnospiraceae.g__Lachnospiraceae.NK4A136.group	Site	Proximal_Colon	2.49253801770205	0.277426511683007	51	51	2.65458649843819e-10	3.78721007110515e-08
k__Bacteria.p__Firmicutes.c__Clostridia.o__Oscillospirales.f__Butyricicoccaceae.g__Butyricicoccus	Site	Proximal_Colon	2.12335889750134	0.27626749894271	51	51	9.78762207368655e-09	1.04727556188446e-06
k__Bacteria.p__Firmicutes.c__Bacilli.o__Lactobacillales.f__Lactobacillaceae.g__Ligilactobacillus	Site	Proximal_Colon	-2.08468218432217	0.277543193699429	51	51	1.73987843392206e-08	1.48933593943729e-06
k__Bacteria.p__Firmicutes.c__Clostridia.o__Lachnospirales.f__Lachnospiraceae.g__A2	Site	Proximal_Colon	2.27012562768836	0.311837356442396	51	51	2.96430239205546e-08	2.11453570633289e-06
k__Bacteria.p__Firmicutes.c__Clostridia.o__Clostridia.vadinBB60.group.f__.g__	Site	Cecum	1.76162931773116	0.244944379816507	51	51	4.31553579175315e-08	2.35104116068725e-06
k__Bacteria.p__Firmicutes.c__Clostridia.o__Lachnospirales.f__Lachnospiraceae.g__	Site	Proximal_Colon	1.99454685402925	0.279396858411495	51	51	4.94377814163207e-08	2.35104116068725e-06
k__Bacteria.p__Firmicutes.c__Clostridia.o__Lachnospirales.f__Lachnospiraceae.g__Roseburia	Site	Proximal_Colon	2.33850142852846	0.329226388414468	51	51	4.92123287530734e-08	2.35104116068725e-06
k__Bacteria.p__Firmicutes.c__Clostridia.o__Oscillospirales.f__Ruminococcaceae.g__	Site	Proximal_Colon	1.92670823933313	0.28029956252332	51	51	9.36825057025854e-08	4.00961124407065e-06
k__Bacteria.p__Firmicutes.c__Bacilli.o__Lactobacillales.f__Lactobacillaceae.g__HT002	Site	Proximal_Colon	-1.78524850880873	0.267334680251232	51	51	1.70296696419071e-07	6.62608964248747e-06
k__Bacteria.p__Verrucomicrobiota.c__Verrucomicrobiae.o__Verrucomicrobiales.f__Akkermansiaceae.g__Akkermansia	Site	Proximal_Colon	-2.10713290832737	0.340294411492935	51	49	6.80800453655312e-07	2.42818828470395e-05
k__Bacteria.p__Firmicutes.c__Bacilli.o__Lactobacillales.f__Lactobacillaceae.g__Lactobacillus	Site	Proximal_Colon	-1.60342357161745	0.261597515848552	51	51	8.26336130410697e-07	2.52622759868413e-05
k__Bacteria.p__Firmicutes.c__Clostridia.o__Oscillospirales.f__Ruminococcaceae.g__Anaerotruncus	Site	Proximal_Colon	2.1312003445043	0.34758767228313	51	36	8.20454551721433e-07	2.52622759868413e-05
k__Bacteria.p__Firmicutes.c__Clostridia.o__Oscillospirales.f__Oscillospiraceae.g__Oscillibacter	Site	Proximal_Colon	1.62218627759752	0.266762985267437	51	51	9.0849963515542e-07	2.59225229231013e-05
k__Bacteria.p__Firmicutes.c__Clostridia.o__Lachnospirales.f__Lachnospiraceae.g__Acetatifactor	Site	Proximal_Colon	2.06524857419596	0.353866700494714	51	50	1.74570617071279e-06	4.66976400665671e-05
k__Bacteria.p__Firmicutes.c__Clostridia.o__Lachnospirales.f__Lachnospiraceae.g__Lachnoclostridium	Site	Proximal_Colon	1.38739661898521	0.241057369005641	51	51	2.29340364827846e-06	5.77398094978343e-05
k__Bacteria.p__Firmicutes.c__Bacilli.o__Lactobacillales.f__Enterococcaceae.g__Enterococcus	Site	Proximal_Colon	-3.19657422799537	0.570316276903011	51	17	3.02384864715835e-06	7.15546081107448e-05
k__Bacteria.p__Firmicutes.c__Clostridia.o__Oscillospirales.f__Oscillospiraceae.g__Intestinimonas	Site	Proximal_Colon	1.53309840175057	0.272730849181126	51	51	3.17648961239287e-06	7.15546081107448e-05
k__Bacteria.p__Firmicutes.c__Bacilli.o__Erysipelotrichales.f__Erysipelotrichaceae.g__Faecalibaculum	Site	Proximal_Colon	-1.71754476455345	0.31139108840587	51	51	4.84969787235657e-06	0.000103783534468431
k__Bacteria.p__Firmicutes.c__Clostridia.o__Oscillospirales.f__Oscillospiraceae.g__Colidextribacter	Site	Proximal_Colon	1.51346095769785	0.279084637409564	51	51	5.49127846000496e-06	0.000111917484803911
k__Bacteria.p__Firmicutes.c__Bacilli.o__Staphylococcales.f__Staphylococcaceae.g__Staphylococcus	Site	Proximal_Colon	-2.68276760558036	0.492939348249852	51	30	5.78536956019633e-06	0.000112551735080183
k__Bacteria.p__Firmicutes.c__Clostridia.o__Oscillospirales.f__Butyricicoccaceae.g__UCG.009	Site	Proximal_Colon	2.80543289730712	0.538012865356743	51	42	1.09049366867609e-05	0.000202926647910158
k__Bacteria.p__Bacteroidota.c__Bacteroidia.o__Bacteroidales.f__Rikenellaceae.g__Alistipes	Site	Proximal_Colon	1.14976968450453	0.222593408563279	51	51	1.28256115165541e-05	0.000228723405378548
k__Bacteria.p__Firmicutes.c__Bacilli.o__Lactobacillales.f__Enterococcaceae.g__Enterococcus	Site	Cecum	-2.83456385281954	0.570316276903011	51	17	1.98137227752118e-05	0.000314084198066321
k__Bacteria.p__Firmicutes.c__Clostridia.o__Oscillospirales.f__Butyricicoccaceae.g__Butyricicoccus	Site	Cecum	1.38991321062934	0.27626749894271	51	51	1.855220173989e-05	0.000314084198066321
k__Bacteria.p__Firmicutes.c__Clostridia.o__Oscillospirales.f__Oscillospiraceae.g__Oscillospira	Site	Proximal_Colon	2.22850838118304	0.443989896950349	51	31	1.92137609030565e-05	0.000314084198066321
k__Bacteria.p__Firmicutes.c__Clostridia.o__Lachnospirales.f__Lachnospiraceae.g__ASF356	Site	Cecum	1.75553727817351	0.355730790463793	51	51	2.35524968034859e-05	0.000360016736853285
k__Bacteria.p__Firmicutes.c__Clostridia.o__Peptococcales.f__Peptococcaceae.g__Peptococcus	Site	Proximal_Colon	2.22901396081259	0.455197500910172	51	44	2.62207411712214e-05	0.000386981973147681
k__Bacteria.p__Firmicutes.c__Clostridia.o__Oscillospirales.f__Ruminococcaceae.g__	Site	Cecum	1.36220272318013	0.28029956252332	51	51	3.05452441495415e-05	0.000435778816533459
k__Bacteria.p__Desulfobacterota.c__Desulfovibrionia.o__Desulfovibrionales.f__Desulfovibrionaceae.g__Bilophila	Site	Cecum	2.31421013223703	0.484360302842286	51	49	3.50667627377541e-05	0.00048414756295996
k__Bacteria.p__Firmicutes.c__Bacilli.o__Erysipelotrichales.f__Erysipelotrichaceae.g__Faecalibaculum	Site	Cecum	-1.48871494122526	0.31139108840587	51	51	3.99590017690114e-05	0.000534451648660528
k__Bacteria.p__Firmicutes.c__Clostridia.o__Lachnospirales.f__Lachnospiraceae.g__Tuzzerella	Site	Proximal_Colon	2.70442637698071	0.57035810633563	51	38	4.14235728964263e-05	0.000537251187868802
k__Bacteria.p__Firmicutes.c__Clostridia.o__Oscillospirales.f__Ruminococcaceae.g__Incertae.Sedis	Site	Cecum	1.37691171245167	0.294736547796218	51	51	5.30325011716651e-05	0.00066758560298449
k__Bacteria.p__Verrucomicrobiota.c__Verrucomicrobiae.o__Verrucomicrobiales.f__Akkermansiaceae.g__Akkermansia	Site	Cecum	-1.58597937475932	0.340294411492935	51	49	5.54852660518433e-05	0.000678505539148255
k__Bacteria.p__Firmicutes.c__Clostridia.o__Oscillospirales.f__Oscillospiraceae.g__Intestinimonas	Site	Cecum	1.25541435716425	0.272730849181126	51	51	6.18001339191421e-05	0.000734734925483134
k__Bacteria.p__Proteobacteria.c__Alphaproteobacteria.o__Rhizobiales.f__Xanthobacteraceae.g__Bradyrhizobium	Site	Cecum	-2.23179595736656	0.497336699771621	51	10	8.05407735565378e-05	0.000907143449531531
k__Bacteria.p__Proteobacteria.c__Alphaproteobacteria.o__Rickettsiales.f__Mitochondria.g__	Site	Cecum	-1.61952103775514	0.374121427148227	51	8	8.01727201178677e-05	0.000907143449531531
k__Bacteria.p__Firmicutes.c__Clostridia.o__Oscillospirales.f__Oscillospiraceae.g__Colidextribacter	Site	Cecum	1.25124924109674	0.279084637409564	51	51	8.56500584079504e-05	0.00093995448714366
k__Bacteria.p__Firmicutes.c__Clostridia.o__Lachnospirales.f__Lachnospiraceae.g__Lachnospiraceae.UCG.001	Site	Proximal_Colon	2.38544430227512	0.534115475866231	51	51	9.35886213494097e-05	0.00100139824843868
k__Bacteria.p__Firmicutes.c__Bacilli.o__Lactobacillales.f__Lactobacillaceae.g__Lactobacillus	Site	Cecum	-1.16503929479945	0.261597515848552	51	51	0.000100878865533489	0.00105307693776423
k__Bacteria.p__Proteobacteria.c__Alphaproteobacteria.o__Rickettsiales.f__Mitochondria.g__	Site	Proximal_Colon	-1.56396548219958	0.374121427148227	51	8	0.000128971304965526	0.00131427901250584
k__Bacteria.p__Proteobacteria.c__Alphaproteobacteria.o__Rhizobiales.f__Xanthobacteraceae.g__Bradyrhizobium	Site	Proximal_Colon	-2.14551369983757	0.497336699771621	51	10	0.00013354129554536	0.00132920173240498
k__Bacteria.p__Firmicutes.c__Bacilli.o__Bacillales.f__Bacillaceae.g__Anoxybacillus	Site	Cecum	-2.37054731836582	0.557728049526568	51	10	0.000163701100633783	0.00159236525161953
k__Bacteria.p__Firmicutes.c__Bacilli.o__Lactobacillales.f__Lactobacillaceae.g__HT002	Site	Cecum	-1.13504815241531	0.267334680251232	51	51	0.000180085148912365	0.00165568650657824
k__Bacteria.p__Firmicutes.c__Bacilli.o__Lactobacillales.f__Lactobacillaceae.g__Ligilactobacillus	Site	Cecum	-1.18198960792519	0.277543193699429	51	51	0.000174898222664896	0.00165568650657824
k__Bacteria.p__Firmicutes.c__Clostridia.o__Oscillospirales.f__Oscillospiraceae.g__Oscillibacter	Site	Cecum	1.13096285311169	0.266762985267437	51	51	0.000181816041610227	0.00165568650657824
k__Bacteria.p__Firmicutes.c__Clostridia.o__Peptostreptococcales.Tissierellales.f__Peptostreptococcaceae.g__Romboutsia	Site	Cecum	-2.9383628416933	0.699978949113168	51	24	0.000194918162294858	0.00173802028046248
k__Bacteria.p__Firmicutes.c__Clostridia.o__Oscillospirales.f__Ruminococcaceae.g__Incertae.Sedis	Site	Proximal_Colon	1.23837186173384	0.294736547796218	51	51	0.00020257945100542	0.00176946949041469
k__Bacteria.p__Firmicutes.c__Bacilli.o__Staphylococcales.f__Staphylococcaceae.g__Staphylococcus	Site	Cecum	-2.06837032643698	0.492939348249852	51	30	0.000206769131290105	0.0017699437638433
k__Bacteria.p__Firmicutes.c__Clostridia.o__Peptococcales.f__Peptococcaceae.g__	Site	Proximal_Colon	1.28121501133616	0.308870111259653	51	50	0.000228639673197927	0.00191878000252378
k__Bacteria.p__Firmicutes.c__Clostridia.o__Peptostreptococcales.Tissierellales.f__Peptostreptococcaceae.g__Romboutsia	Site	Proximal_Colon	-2.87691383405887	0.699978949113168	51	24	0.000250368638020565	0.00206072648216927
k__Bacteria.p__Actinobacteriota.c__Actinobacteria.o__Bifidobacteriales.f__Bifidobacteriaceae.g__Bifidobacterium	Site	Proximal_Colon	-2.3652682113014	0.579334232407154	51	37	0.000282975225455847	0.00222740909466225
k__Bacteria.p__Bacteroidota.c__Bacteroidia.o__Bacteroidales.f__Marinifilaceae.g__Odoribacter	Site	Cecum	0.829406034828159	0.202886871802874	51	51	0.000277489883485106	0.00222740909466225
k__Bacteria.p__Proteobacteria.c__Gammaproteobacteria.o__Pseudomonadales.f__Moraxellaceae.g__Acinetobacter	Site	Proximal_Colon	-2.65754093359325	0.65662201574443	51	13	0.000286232477117812	0.00222740909466225
k__Bacteria.p__Proteobacteria.c__Gammaproteobacteria.o__Burkholderiales.f__Hydrogenophilaceae.g__Hydrogenophilus	Site	Cecum	-2.33629543770237	0.580340094289649	51	12	0.00031341389689762	0.00239537764057467
k__Bacteria.p__Firmicutes.c__Clostridia.o__Oscillospirales.f__Oscillospiraceae.g__	Site	Proximal_Colon	1.6106248071136	0.399444219399732	51	51	0.000340957026310783	0.00256016854843886
k__Bacteria.p__Deinococcota.c__Deinococci.o__Thermales.f__Thermaceae.g__Meiothermus	Site	Cecum	-2.74271426496139	0.701989757367262	51	10	0.000431535495056717	0.00318443434283233
k__Bacteria.p__Firmicutes.c__Clostridia.o__Lachnospirales.f__Lachnospiraceae.g__Lachnospiraceae.FCS020.group	Site	Proximal_Colon	1.38506616353244	0.35272283358461	51	51	0.000439460931497027	0.00318795387594454
k__Bacteria.p__Desulfobacterota.c__Desulfovibrionia.o__Desulfovibrionales.f__Desulfovibrionaceae.g__Bilophila	Site	Proximal_Colon	1.88097329539606	0.484360302842286	51	49	0.000465068205828103	0.00331748653490714
k__Bacteria.p__Firmicutes.c__Bacilli.o__Lactobacillales.f__Streptococcaceae.g__Streptococcus	Site	Proximal_Colon	-1.35639234151366	0.350544618137988	51	35	0.000508274096764487	0.00353650313577108
k__Bacteria.p__Proteobacteria.c__Gammaproteobacteria.o__Pseudomonadales.f__Moraxellaceae.g__Acinetobacter	Site	Cecum	-2.5232856452926	0.65662201574443	51	13	0.000512297183219175	0.00353650313577108
k__Bacteria.p__Firmicutes.c__Bacilli.o__Bacillales.f__Bacillaceae.g__Anoxybacillus	Site	Proximal_Colon	-2.14230003249563	0.557728049526568	51	10	0.000525185512172522	0.00356792697158475
k__Bacteria.p__Deinococcota.c__Deinococci.o__Thermales.f__Thermaceae.g__Meiothermus	Site	Proximal_Colon	-2.67033170122732	0.701989757367262	51	10	0.000577240669873221	0.00386029697977717
k__Bacteria.p__Bacteroidota.c__Bacteroidia.o__Sphingobacteriales.f__env.OPS.17.g__	Site	Proximal_Colon	-1.81801542805238	0.480984517541201	51	9	0.000612016552982042	0.00402989361040483
k__Bacteria.p__Firmicutes.c__Clostridia.o__Lachnospirales.f__Lachnospiraceae.g__A2	Site	Cecum	1.17324337497659	0.311837356442396	51	51	0.000684871512874916	0.00444128799258279
k__Bacteria.p__Bacteroidota.c__Bacteroidia.o__Bacteroidales.f__Muribaculaceae.g__Muribaculum	Site	Proximal_Colon	-0.6898834602036	0.184266378309638	51	51	0.000718795816196823	0.00459171058704836
k__Bacteria.p__Firmicutes.c__Clostridia.o__Lachnospirales.f__Lachnospiraceae.g__Lachnospiraceae.UCG.010	Site	Proximal_Colon	1.52216559391708	0.409694742092759	51	24	0.000779321800908114	0.00490514309983343
k__Bacteria.p__Firmicutes.c__Clostridia.o__Lachnospirales.f__Lachnospiraceae.g__Roseburia	Site	Cecum	1.19612070969711	0.329226388414468	51	51	0.000979035582590274	0.00607285839635706
k__Bacteria.p__Firmicutes.c__Clostridia.o__Lachnospirales.f__Lachnospiraceae.g__Tuzzerella	Site	Cecum	2.06532810100831	0.57035810633563	51	38	0.000994961220126483	0.00608347717448764
k__Bacteria.p__Firmicutes.c__Clostridia.o__Oscillospirales.f__Butyricicoccaceae.g__UCG.009	Site	Cecum	1.93155636378559	0.538012865356743	51	42	0.00109942773544746	0.00654736671761058
k__Bacteria.p__Firmicutes.c__Clostridia.o__Oscillospirales.f__Ruminococcaceae.g__Subdoligranulum	Site	Proximal_Colon	-1.89023279924213	0.529252208370737	51	13	0.00111672376258311	0.00654736671761058
k__Bacteria.p__Firmicutes.c__Clostridia.o__Peptococcales.f__Peptococcaceae.g__Peptococcus	Site	Cecum	1.63030218071841	0.455197500910172	51	44	0.00110587922478806	0.00654736671761058
k__Bacteria.p__Firmicutes.c__Clostridia.o__Lachnospirales.f__Lachnospiraceae.g__Acetatifactor	Site	Cecum	1.26213592562368	0.353866700494714	51	50	0.0011623674687263	0.00672288211641699
k__Bacteria.p__Bacteroidota.c__Bacteroidia.o__Sphingobacteriales.f__env.OPS.17.g__	Site	Cecum	-1.69779012423256	0.480984517541201	51	9	0.00122695834530363	0.00685228774286691
k__Bacteria.p__Firmicutes.c__Clostridia.o__Lachnospirales.f__Lachnospiraceae.g__Lachnoclostridium	Site	Cecum	0.855474762357326	0.241057369005641	51	51	0.00123277139299241	0.00685228774286691
k__Bacteria.p__Proteobacteria.c__Gammaproteobacteria.o__Burkholderiales.f__Hydrogenophilaceae.g__Hydrogenophilus	Site	Proximal_Colon	-2.05421760541621	0.580340094289649	51	12	0.00121796293398999	0.00685228774286691
k__Bacteria.p__Cyanobacteria.c__Vampirivibrionia.o__Gastranaerophilales.f__.g__	Site	Proximal_Colon	1.38250980563731	0.392157680305535	51	50	0.00136179867206479	0.00737248743536511
k__Bacteria.p__Firmicutes.c__Clostridia.o__Oscillospirales.f__Oscillospiraceae.g__NK4A214.group	Site	Proximal_Colon	1.7553348071408	0.500834346376862	51	37	0.001366183255565	0.00737248743536511
k__Bacteria.p__Proteobacteria.c__Gammaproteobacteria.o__Enterobacterales.f__Enterobacteriaceae.g__Escherichia.Shigella	Site	Cecum	-1.22837830954015	0.350219643484754	51	25	0.00137803503464768	0.00737248743536511
k__Bacteria.p__Bacteroidota.c__Bacteroidia.o__Bacteroidales.f__Rikenellaceae.g__Alistipes	Site	Cecum	0.777342866211875	0.222593408563279	51	51	0.00144299793826266	0.00762472984662243
k__Bacteria.p__Firmicutes.c__Bacilli.o__Lactobacillales.f__Streptococcaceae.g__Streptococcus	Site	Cecum	-1.21095364763274	0.350544618137988	51	35	0.00158251033582348	0.00825993199673716
k__Bacteria.p__Firmicutes.c__Clostridia.o__Lachnospirales.f__Lachnospiraceae.g__Blautia	Site	Cecum	-1.11691778858904	0.332469488948749	51	27	0.00206116875023183	0.010628677410834
k__Bacteria.p__Firmicutes.c__Bacilli.o__Erysipelotrichales.f__Erysipelotrichaceae.g__Turicibacter	Site	Proximal_Colon	-1.24295165377923	0.372314425455262	51	51	0.00220108086756436	0.0112150310871136
k__Bacteria.p__Firmicutes.c__Clostridia.o__Oscillospirales.f__Ruminococcaceae.g__Subdoligranulum	Site	Cecum	-1.74401497295671	0.529252208370737	51	13	0.00235926831904481	0.0118796098888374
k__Bacteria.p__Firmicutes.c__Clostridia.o__Lachnospirales.f__Lachnospiraceae.g__	Site	Cecum	0.916772493844939	0.279396858411495	51	51	0.0025527249888071	0.0125997749188063
k__Bacteria.p__Firmicutes.c__Clostridia.o__Peptococcales.f__Peptococcaceae.g__	Site	Cecum	1.01016901906569	0.308870111259653	51	50	0.0025611692007854	0.0125997749188063
k__Bacteria.p__Firmicutes.c__Clostridia.o__Lachnospirales.f__Lachnospiraceae.g__Lachnospiraceae.UCG.006	Site	Proximal_Colon	1.01908579845361	0.311806560413516	51	51	0.00260755553554463	0.0126822019228761
k__Bacteria.p__Firmicutes.c__Bacilli.o__Lactobacillales.f__Listeriaceae.g__Listeria	Site	Cecum	-0.827607515305351	0.255152807166037	51	36	0.00281304269756192	0.0135278907253539
k__Bacteria.p__Firmicutes.c__Clostridia.o__Oscillospirales.f__Ruminococcaceae.g__Anaerotruncus	Site	Cecum	1.10001710066988	0.34758767228313	51	36	0.00345151172786608	0.0164138557725187
k__Bacteria.p__Actinobacteriota.c__Actinobacteria.o__Bifidobacteriales.f__Bifidobacteriaceae.g__Bifidobacterium	Site	Cecum	-1.81599390122114	0.579334232407154	51	37	0.00370589966442797	0.0170551081330663
k__Bacteria.p__Bacteroidota.c__Bacteroidia.o__Bacteroidales.f__Marinifilaceae.g__Odoribacter	Site	Proximal_Colon	0.636466066175474	0.202886871802874	51	51	0.00367472199013755	0.0170551081330663
k__Bacteria.p__Firmicutes.c__Clostridia.o__Lachnospirales.f__Lachnospiraceae.g__Lachnospiraceae.UCG.004	Site	Proximal_Colon	1.40242948407579	0.447336543328892	51	44	0.00369799847196562	0.0170551081330663
k__Bacteria.p__Firmicutes.c__Clostridia.o__Lachnospirales.f__Lachnospiraceae.g__Marvinbryantia	Site	Cecum	0.861723230867327	0.276758360882386	51	51	0.00386583843217003	0.017601902648604
k__Bacteria.p__Proteobacteria.c__Gammaproteobacteria.o__Pseudomonadales.f__Pseudomonadaceae.g__Pseudomonas	Site	Proximal_Colon	-1.72743253698244	0.55895029609852	51	48	0.00417076572967157	0.0187903971820993
k__Bacteria.p__Firmicutes.c__Clostridia.o__Oscillospirales.f__Ruminococcaceae.g__Harryflintia	Site	Proximal_Colon	1.26709059890325	0.413756167163839	51	27	0.00448042557451018	0.0199752306863579
k__Bacteria.p__Firmicutes.c__Clostridia.o__Oscillospirales.f__Oscillospiraceae.g__Oscillospira	Site	Cecum	1.35181465546013	0.443989896950349	51	31	0.00465765689575173	0.020551310838987
k__Bacteria.p__Bacteroidota.c__Bacteroidia.o__Bacteroidales.f__Muribaculaceae.g__	Site	Proximal_Colon	-0.57105226603114	0.188041513607716	51	51	0.00475331242778495	0.0207593644805302
k__Bacteria.p__Firmicutes.c__Clostridia.o__Lachnospirales.f__Lachnospiraceae.g__Marvinbryantia	Site	Proximal_Colon	0.829595258709398	0.276758360882386	51	51	0.0052127358834609	0.0225358682638511
k__Bacteria.p__Firmicutes.c__Clostridia.o__Lachnospirales.f__Lachnospiraceae.g__GCA.900066575	Site	Proximal_Colon	0.900886063859	0.304078758978499	51	51	0.00568923554410786	0.0243499281287817
k__Bacteria.p__Firmicutes.c__Clostridia.o__Lachnospirales.f__Lachnospiraceae.g__Lachnospiraceae.UCG.006	Site	Cecum	0.921720245573141	0.311806560413516	51	51	0.00584291282067348	0.0247600662103787
k__Bacteria.p__Cyanobacteria.c__Vampirivibrionia.o__Gastranaerophilales.f__.g__	Site	Cecum	1.15279256039616	0.392157680305535	51	50	0.00622106390205025	0.0261040720595834
k__Bacteria.p__Proteobacteria.c__Gammaproteobacteria.o__Enterobacterales.f__Enterobacteriaceae.g__Escherichia.Shigella	Site	Proximal_Colon	-1.02121865905615	0.350219643484754	51	25	0.00646525749816092	0.0268653418370182
k__Bacteria.p__Firmicutes.c__Clostridia.o__Lachnospirales.f__Lachnospiraceae.g__.Eubacterium..xylanophilum.group	Site	Proximal_Colon	1.39351767502808	0.477751050482124	51	36	0.00655040520209833	0.0269574367932508
k__Bacteria.p__Firmicutes.c__Clostridia.o__Monoglobales.f__Monoglobaceae.g__Monoglobus	Site	Cecum	-0.968153513812991	0.338468147712384	51	29	0.00746752689290099	0.0304390620015393
k__Bacteria.p__Bacteroidota.c__Bacteroidia.o__Bacteroidales.f__Prevotellaceae.g__Prevotella_9	Site	Proximal_Colon	-0.926387442265206	0.335224321804877	51	15	0.00939844124634549	0.037593764985382
k__Bacteria.p__Firmicutes.c__Clostridia.o__Peptostreptococcales.Tissierellales.f__Anaerovoracaceae.g__Family.XIII.AD3011.group	Site	Proximal_Colon	-1.30613554949655	0.472382007221459	51	21	0.00939002560718129	0.037593764985382
k__Bacteria.p__Desulfobacterota.c__Desulfovibrionia.o__Desulfovibrionales.f__Desulfovibrionaceae.g__Desulfovibrio	Site	Proximal_Colon	0.940905738361558	0.3400713543912	51	51	0.00970319398236386	0.0384533983745531
k__Bacteria.p__Bacteroidota.c__Bacteroidia.o__Bacteroidales.f__Prevotellaceae.g__Prevotella_9	Site	Cecum	-0.920381389711557	0.335224321804877	51	15	0.00982206223970855	0.0385673636568372
k__Bacteria.p__Firmicutes.c__Clostridia.o__Oscillospirales.f__Oscillospiraceae.g__	Site	Cecum	1.08987093308054	0.399444219399732	51	51	0.0104537261193637	0.040674497991706
k__Bacteria.p__Actinobacteriota.c__Coriobacteriia.o__Coriobacteriales.f__Coriobacteriales.Incertae.Sedis.g__	Site	Proximal_Colon	-0.48472286053115	0.1824134860316	51	13	0.0122944855157944	0.0474057639708109
k__Bacteria.p__Firmicutes.c__Clostridia.o__Eubacteriales.f__Anaerofustaceae.g__Anaerofustis	Site	Proximal_Colon	1.20005858696122	0.458982742994125	51	28	0.0134764981763029	0.0514994751737288
k__Bacteria.p__Firmicutes.c__Bacilli.o__Lactobacillales.f__Listeriaceae.g__Listeria	Site	Proximal_Colon	-0.654895682020973	0.255152807166037	51	36	0.0152860108906684	0.0578974571788149
k__Bacteria.p__Firmicutes.c__Bacilli.o__Bacillales.f__Bacillaceae.g__Bacillus	Site	Cecum	-0.534656206643484	0.212874710142412	51	20	0.0173658517678026	0.0651981101457851
k__Bacteria.p__Proteobacteria.c__Gammaproteobacteria.o__Pseudomonadales.f__Pseudomonadaceae.g__Pseudomonas	Site	Cecum	-1.39542163401754	0.55895029609852	51	48	0.0180040821532318	0.0670064970572454
k__Bacteria.p__Actinobacteriota.c__Coriobacteriia.o__Coriobacteriales.f__Atopobiaceae.g__Coriobacteriaceae.UCG.002	Site	Proximal_Colon	-0.774003440197857	0.318029935813247	51	51	0.0208400003157368	0.0768924149580634
k__Bacteria.p__Firmicutes.c__Bacilli.o__Erysipelotrichales.f__Erysipelotrichaceae.g__	Site	Cecum	1.0618095882524	0.440242779319115	51	45	0.0220107402050189	0.0805179214337443
k__Bacteria.p__Firmicutes.c__Clostridia.o__Peptostreptococcales.Tissierellales.f__Anaerovoracaceae.g__.Eubacterium..brachy.group	Site	Proximal_Colon	1.29027129671924	0.538016422782218	51	29	0.0226050632670666	0.0819912464263094
k__Bacteria.p__Firmicutes.c__Clostridia.o__Lachnospirales.f__Lachnospiraceae.g__	Genotype	MUT	-0.926491930860776	0.364312487590851	51	51	0.0234629358605181	0.0843877020865693
k__Bacteria.p__Proteobacteria.c__Alphaproteobacteria.o__Rhodospirillales.f__.g__	Site	Proximal_Colon	-0.616348922893031	0.262714506161506	51	39	0.025491586556088	0.0909199920500471
k__Bacteria.p__Firmicutes.c__Clostridia.o__Peptostreptococcales.Tissierellales.f__Anaerovoracaceae.g__Family.XIII.UCG.001	Site	Proximal_Colon	1.27235571221992	0.546807314456866	51	47	0.0264043303701681	0.093397135524231
k__Bacteria.p__Bacteroidota.c__Bacteroidia.o__Bacteroidales.f__Bacteroidaceae.g__Bacteroides	Site	Proximal_Colon	-0.5436251874303	0.234646967990823	51	51	0.0271235925855987	0.0951548985789857
k__Bacteria.p__Desulfobacterota.c__Desulfovibrionia.o__Desulfovibrionales.f__Desulfovibrionaceae.g__Desulfovibrio	Site	Cecum	0.78636420098816	0.3400713543912	51	51	0.0279744775850027	0.0965570677933966
k__Bacteria.p__Firmicutes.c__Clostridia.o__Oscillospirales.f__UCG.010.g__	Site	Proximal_Colon	-1.34026752283103	0.581109130081834	51	32	0.0279001462626353	0.0965570677933966
k__Bacteria.p__Firmicutes.c__Bacilli.o__Bacillales.f__Bacillaceae.g__Bacillus	Site	Proximal_Colon	-0.486485673806302	0.212874710142412	51	20	0.0291976676688604	0.0999728140981781
k__Bacteria.p__Bacteroidota.c__Bacteroidia.o__Bacteroidales.f__Rikenellaceae.g__Rikenellaceae.RC9.gut.group	Site	Proximal_Colon	-0.76857171037345	0.339941906133686	51	48	0.0308029392916218	0.103808330841056
k__Bacteria.p__Firmicutes.c__Clostridia.o__Lachnospirales.f__Lachnospiraceae.g__Blautia	Site	Proximal_Colon	-0.752606954804577	0.332469488948749	51	27	0.0306415089277091	0.103808330841056
k__Bacteria.p__Firmicutes.c__Bacilli.o__Erysipelotrichales.f__Erysipelotrichaceae.g__Turicibacter	Site	Cecum	-0.837575039982537	0.372314425455262	51	51	0.0317095751163904	0.105442807287295
k__Bacteria.p__Firmicutes.c__Bacilli.o__Lactobacillales.f__Lactobacillaceae.g__Lactobacillus	Genotype	HET	-1.79812322748054	0.758879471074409	51	51	0.0317806592057502	0.105442807287295
k__Bacteria.p__Proteobacteria.c__Alphaproteobacteria.o__Sphingomonadales.f__Sphingomonadaceae.g__Sphingobium	Site	Cecum	-0.971849789046865	0.446906964137968	51	38	0.0373548180126548	0.122983554687817
k__Bacteria.p__Firmicutes.c__Clostridia.o__Clostridiales.f__Clostridiaceae.g__Clostridium.sensu.stricto.1	Site	Cecum	-1.27360632967711	0.588136686371041	51	20	0.0383781377283022	0.125388114104682
k__Bacteria.p__Proteobacteria.c__Gammaproteobacteria.o__Burkholderiales.f__Sutterellaceae.g__Parasutterella	Site	Proximal_Colon	-0.391588350501054	0.185199688640041	51	51	0.0426477390558002	0.13828206299911
k__Bacteria.p__Firmicutes.c__Clostridia.o__Clostridiales.f__Clostridiaceae.g__Candidatus.Arthromitus	Site	Proximal_Colon	-1.60240222271424	0.776620245701982	51	46	0.0471001119985198	0.150439163696765
k__Bacteria.p__Firmicutes.c__Clostridia.o__Oscillospirales.f__.Eubacterium..coprostanoligenes.group.g__	Site	Cecum	0.628606925973432	0.304215162231828	51	47	0.0470951320802896	0.150439163696765
k__Bacteria.p__Firmicutes.c__Clostridia.o__Oscillospirales.f__Ruminococcaceae.g__Faecalibacterium	Site	Proximal_Colon	-0.459613012620177	0.225038022717816	51	8	0.04897421718541	0.155266407076707
k__Bacteria.p__Firmicutes.c__Clostridia.o__Monoglobales.f__Monoglobaceae.g__Monoglobus	Site	Proximal_Colon	-0.690349090315904	0.338468147712384	51	29	0.0498920419985669	0.15701319099549
k__Bacteria.p__Firmicutes.c__Clostridia.o__Lachnospirales.f__Lachnospiraceae.g__Lachnospiraceae.NK4A136.group	Site	Cecum	0.560689142696549	0.277426511683007	51	51	0.0516223494367459	0.161272741306038
k__Bacteria.p__Firmicutes.c__Clostridia.o__Lachnospirales.f__Lachnospiraceae.g__GCA.900066575	Site	Cecum	0.594468859042612	0.304078758978499	51	51	0.0592997721010455	0.183915235211938
k__Bacteria.p__Firmicutes.c__Clostridia.o__Lachnospirales.f__Lachnospiraceae.g__Lachnospiraceae.FCS020.group	Site	Cecum	0.67518407428725	0.35272283358461	51	51	0.0647302123762116	0.199313171920997
k__Bacteria.p__Firmicutes.c__Bacilli.o__Acholeplasmatales.f__Acholeplasmataceae.g__Anaeroplasma	Site	Proximal_Colon	1.08196656629696	0.567680266311438	51	43	0.0658179273841948	0.199787751208762
k__Bacteria.p__Firmicutes.c__Clostridia.o__Lachnospirales.f__Lachnospiraceae.g__Lachnospiraceae.UCG.001	Site	Cecum	1.01902880589276	0.534115475866231	51	51	0.0654435261005933	0.199787751208762
k__Bacteria.p__Proteobacteria.c__Alphaproteobacteria.o__Rickettsiales.f__Mitochondria.g__	Genotype	HET	-0.690024248451787	0.367921407678313	51	8	0.0670839171734441	0.202196595424184
k__Bacteria.p__Firmicutes.c__Clostridia.o__Christensenellales.f__Christensenellaceae.g__Christensenellaceae.R.7.group	Site	Proximal_Colon	-0.570672552851314	0.303386727500894	51	46	0.0693314940047493	0.207509646391837
k__Bacteria.p__Proteobacteria.c__Alphaproteobacteria.o__Sphingomonadales.f__Sphingomonadaceae.g__Sphingobium	Site	Proximal_Colon	-0.834414044226193	0.446906964137968	51	38	0.0713048065141363	0.211933730472572
k__Bacteria.p__Firmicutes.c__Bacilli.o__Erysipelotrichales.f__Erysipelotrichaceae.g__	Site	Proximal_Colon	0.814912903097769	0.440242779319115	51	45	0.0737531420379536	0.217698929601684
k__Bacteria.p__Firmicutes.c__Clostridia.o__Christensenellales.f__Christensenellaceae.g__	Site	Cecum	0.953727953093429	0.520143270590033	51	44	0.0760286472940968	0.222878500286804
k__Bacteria.p__Firmicutes.c__Clostridia.o__Lachnospirales.f__Lachnospiraceae.g__Lachnospiraceae.UCG.010	Site	Cecum	0.743644327404394	0.409694742092759	51	24	0.0789550656400722	0.228329514148317
k__Bacteria.p__Firmicutes.c__Clostridia.o__Oscillospirales.f__Oscillospiraceae.g__NK4A214.group	Site	Cecum	0.910300791740664	0.500834346376862	51	37	0.0784393669636202	0.228329514148317
k__Bacteria.p__Firmicutes.c__Clostridia.o__Oscillospirales.f__Ruminococcaceae.g__Faecalibacterium	Site	Cecum	-0.400824025409444	0.225038022717816	51	8	0.0838751674482432	0.240930011193611
k__Bacteria.p__Firmicutes.c__Clostridia.o__Oscillospirales.f__Ruminococcaceae.g__Ruminococcus	Site	Cecum	-0.97684665203694	0.548499809740872	51	38	0.0847229697074594	0.241742873565284
k__Bacteria.p__Firmicutes.c__Bacilli.o__Erysipelotrichales.f__Erysipelatoclostridiaceae.g__Erysipelatoclostridium	Site	Proximal_Colon	-0.650077728633992	0.369467690086983	51	50	0.0881131854363087	0.249751280574438
k__Bacteria.p__Actinobacteriota.c__Coriobacteriia.o__Coriobacteriales.f__Eggerthellaceae.g__Enterorhabdus	Site	Proximal_Colon	0.878152251321942	0.502570947710316	51	40	0.0901973578087317	0.253976770671955
k__Bacteria.p__Firmicutes.c__Clostridia.o__Monoglobales.f__Monoglobaceae.g__Monoglobus	Genotype	HET	-1.38838114539548	0.776967972979837	51	29	0.0944223391143897	0.264135693731757
k__Bacteria.p__Verrucomicrobiota.c__Verrucomicrobiae.o__Verrucomicrobiales.f__Akkermansiaceae.g__Akkermansia	Genotype	HET	-1.93512996611463	1.0908040932484	51	49	0.0962822093753491	0.267589516965256
k__Bacteria.p__Proteobacteria.c__Alphaproteobacteria.o__Rickettsiales.f__Mitochondria.g__	Genotype	MUT	-0.629579490937159	0.372224728353802	51	8	0.0975263737047902	0.269298631907421
k__Bacteria.p__Firmicutes.c__Clostridia.o__Oscillospirales.f__Ruminococcaceae.g__Incertae.Sedis	Genotype	MUT	-0.64696727483969	0.366467851032704	51	51	0.0988787738513519	0.271282789797299
k__Bacteria.p__Firmicutes.c__Clostridia.o__Oscillospirales.f__Ruminococcaceae.g__Harryflintia	Site	Cecum	0.697497349984469	0.413756167163839	51	27	0.101766417280725	0.277426920994587
k__Bacteria.p__Firmicutes.c__Clostridia.o__Peptostreptococcales.Tissierellales.f__Anaerovoracaceae.g__.Eubacterium..brachy.group	Site	Cecum	0.891186644648987	0.538016422782218	51	29	0.107603884471148	0.291483940212982
k__Bacteria.p__Firmicutes.c__Bacilli.o__Lactobacillales.f__Lactobacillaceae.g__Lactobacillus	Genotype	MUT	-1.24971695082908	0.760149719499663	51	51	0.120993887431823	0.325341258963253
k__Bacteria.p__Firmicutes.c__Clostridia.o__Clostridiales.f__Clostridiaceae.g__Clostridium.sensu.stricto.1	Site	Proximal_Colon	-0.936788972423025	0.588136686371041	51	20	0.12162290054701	0.325341258963253
k__Bacteria.p__Firmicutes.c__Clostridia.o__Peptostreptococcales.Tissierellales.f__Anaerovoracaceae.g__Family.XIII.UCG.001	Site	Cecum	0.864896059462701	0.546807314456866	51	47	0.123467348089632	0.328223757654425
k__Bacteria.p__Firmicutes.c__Clostridia.o__Clostridia.UCG.014.f__.g__	Site	Cecum	0.294857418601898	0.186817418157847	51	51	0.1244872660576	0.328892283164525
k__Bacteria.p__Proteobacteria.c__Gammaproteobacteria.o__Burkholderiales.f__Comamonadaceae.g__Delftia	Genotype	MUT	0.531561970260174	0.336906740439707	51	11	0.13511156371479	0.354771467913682
k__Bacteria.p__Firmicutes.c__Clostridia.o__Lachnospirales.f__Lachnospiraceae.g__Agathobacter	Site	Proximal_Colon	-0.492309245414	0.323463842544243	51	18	0.137931883654275	0.359968574414816
k__Bacteria.p__Firmicutes.c__Clostridia.o__Lachnospirales.f__Lachnospiraceae.g__Coprococcus	Site	Proximal_Colon	-0.563651080767009	0.371739352221325	51	8	0.1391268613075	0.360886646300666
k__Bacteria.p__Firmicutes.c__Bacilli.o__RF39.f__.g__	Site	Cecum	-0.600890968017351	0.415445195859168	51	44	0.157883961227574	0.407074309671094
k__Bacteria.p__Actinobacteriota.c__Coriobacteriia.o__Coriobacteriales.f__Coriobacteriales.Incertae.Sedis.g__	Site	Cecum	-0.260884521500704	0.1824134860316	51	13	0.162574602284617	0.416658262142611
k__Bacteria.p__Bacteroidota.c__Bacteroidia.o__Bacteroidales.f__Tannerellaceae.g__Parabacteroides	Site	Proximal_Colon	-0.467633379857487	0.331021480199439	51	49	0.167583097605897	0.424411631806651
k__Bacteria.p__Firmicutes.c__Bacilli.o__Lactobacillales.f__Lactobacillaceae.g__HT002	Genotype	MUT	-1.18700445462085	0.817470843781372	51	51	0.166848608238389	0.424411631806651
k__Bacteria.p__Firmicutes.c__Clostridia.o__Lachnospirales.f__Lachnospiraceae.g__Agathobacter	Site	Cecum	-0.438228879072187	0.323463842544243	51	18	0.185065148706414	0.463203997931844
k__Bacteria.p__Firmicutes.c__Clostridia.o__Oscillospirales.f__.Eubacterium..coprostanoligenes.group.g__	Genotype	HET	-1.21381510882301	0.873600069290487	51	47	0.184727900482511	0.463203997931844
k__Bacteria.p__Actinobacteriota.c__Coriobacteriia.o__Coriobacteriales.f__Atopobiaceae.g__Coriobacteriaceae.UCG.002	Genotype	HET	-1.27208280456907	0.926027696040154	51	51	0.189747634988272	0.469433455346708
k__Bacteria.p__Firmicutes.c__Clostridia.o__Lachnospirales.f__Lachnospiraceae.g__A2	Genotype	MUT	-1.0550089183561	0.768517143413129	51	51	0.189418652091812	0.469433455346708
k__Bacteria.p__Firmicutes.c__Clostridia.o__Lachnospirales.f__Lachnospiraceae.g__Coprococcus	Site	Cecum	-0.490010908149213	0.371739352221325	51	8	0.196670546228519	0.483764332102335
k__Bacteria.p__Bacteroidota.c__Bacteroidia.o__Bacteroidales.f__Rikenellaceae.g__Rikenella	Site	Cecum	0.545046222930213	0.422110691790844	51	34	0.206101696753565	0.504065864060148
k__Bacteria.p__Firmicutes.c__Clostridia.o__Lachnospirales.f__Lachnospiraceae.g__Tuzzerella	Genotype	HET	1.209746793458	0.935289590111135	51	38	0.215108615468835	0.523105042162848
k__Bacteria.p__Firmicutes.c__Clostridia.o__Peptostreptococcales.Tissierellales.f__Anaerovoracaceae.g__.Eubacterium..nodatum.group	Site	Proximal_Colon	-0.477866126635502	0.382323209241294	51	28	0.220555299320825	0.533320158809678
k__Bacteria.p__Firmicutes.c__Clostridia.o__Lachnospirales.f__Lachnospiraceae.g__Lachnospiraceae.UCG.008	Site	Cecum	0.251001301703643	0.204705510215316	51	8	0.228868391525159	0.550312761644765
k__Bacteria.p__Firmicutes.c__Bacilli.o__Erysipelotrichales.f__Erysipelatoclostridiaceae.g__	Site	Cecum	0.494640379820401	0.406920497108713	51	35	0.233251159009092	0.557717855060846
k__Bacteria.p__Firmicutes.c__Clostridia.o__Peptostreptococcales.Tissierellales.f__Anaerovoracaceae.g__Family.XIII.AD3011.group	Site	Cecum	-0.570500730940623	0.472382007221459	51	21	0.236054995435144	0.561286322479119
k__Bacteria.p__Firmicutes.c__Clostridia.o__Lachnospirales.f__Lachnospiraceae.g__Acetatifactor	Genotype	HET	-0.590835333557619	0.482930005826214	51	50	0.240534909033708	0.568778679925012
k__Bacteria.p__Bacteroidota.c__Bacteroidia.o__Bacteroidales.f__Rikenellaceae.g__Rikenella	Site	Proximal_Colon	0.500178461587967	0.422110691790844	51	34	0.244982602994165	0.572964776401655
k__Bacteria.p__Firmicutes.c__Clostridia.o__Lachnospirales.f__Lachnospiraceae.g__GCA.900066575	Genotype	HET	-0.546242912472178	0.451113007418768	51	51	0.244599299689629	0.572964776401655
k__Bacteria.p__Firmicutes.c__Clostridia.o__Clostridiales.f__Clostridiaceae.g__Candidatus.Arthromitus	Genotype	HET	1.37178847976344	1.15096259656344	51	46	0.251208629612337	0.581779790509836
k__Bacteria.p__Firmicutes.c__Clostridia.o__Oscillospirales.f__Oscillospiraceae.g__UCG.005	Genotype	HET	-1.28528156890292	1.07651495476448	51	35	0.251470236552149	0.581779790509836
k__Bacteria.p__Firmicutes.c__Clostridia.o__Eubacteriales.f__Anaerofustaceae.g__Anaerofustis	Genotype	HET	0.894446091543223	0.772009347123051	51	28	0.264411644974078	0.608431097037125
k__Bacteria.p__Firmicutes.c__Clostridia.o__Lachnospirales.f__Lachnospiraceae.g__Anaerostipes	Genotype	HET	-1.92183982738281	1.68264550103164	51	40	0.271468501353244	0.618024034995683
k__Bacteria.p__Firmicutes.c__Clostridia.o__Oscillospirales.f__Ruminococcaceae.g__Anaerotruncus	Genotype	MUT	-1.3319142888405	1.16492710539402	51	36	0.270764422223987	0.618024034995683
k__Bacteria.p__Desulfobacterota.c__Desulfovibrionia.o__Desulfovibrionales.f__Desulfovibrionaceae.g__Bilophila	Genotype	HET	0.542898181003882	0.48649604773962	51	49	0.282122117279115	0.634449767993585
k__Bacteria.p__Firmicutes.c__Clostridia.o__Christensenellales.f__Christensenellaceae.g__Christensenellaceae.R.7.group	Site	Cecum	0.331342241282463	0.303386727500894	51	46	0.283130620763492	0.634449767993585
k__Bacteria.p__Firmicutes.c__Clostridia.o__Lachnospirales.f__Defluviitaleaceae.g__Defluviitaleaceae.UCG.011	Site	Cecum	0.764267999032302	0.698680815944254	51	33	0.282216999051904	0.634449767993585
k__Bacteria.p__Bacteroidota.c__Bacteroidia.o__Bacteroidales.f__Rikenellaceae.g__Alistipes	Genotype	MUT	-0.644350239811501	0.586620897023589	51	51	0.289121543742583	0.634584721650387
k__Bacteria.p__Firmicutes.c__Clostridia.o__Lachnospirales.f__Lachnospiraceae.g__Coprococcus	Genotype	HET	-0.652689662432955	0.590376412809462	51	8	0.285829223418499	0.634584721650387
k__Bacteria.p__Firmicutes.c__Clostridia.o__Oscillospirales.f__Oscillospiraceae.g__Oscillospira	Genotype	HET	1.12726289011783	1.01973790993912	51	31	0.286169827602482	0.634584721650387
k__Bacteria.p__Firmicutes.c__Clostridia.o__Oscillospirales.f__Ruminococcaceae.g__Ruminococcus	Site	Proximal_Colon	-0.59244650672251	0.548499809740872	51	38	0.288419238844696	0.634584721650387
k__Bacteria.p__Firmicutes.c__Clostridia.o__Lachnospirales.f__Lachnospiraceae.g__Marvinbryantia	Genotype	MUT	-0.51417838241353	0.470033344760311	51	51	0.290709578515242	0.634814793900631
k__Bacteria.p__Actinobacteriota.c__Coriobacteriia.o__Coriobacteriales.f__Atopobiaceae.g__Coriobacteriaceae.UCG.002	Genotype	MUT	-0.986887007789253	0.92756655318072	51	51	0.304097193636927	0.649643705879119
k__Bacteria.p__Bacteroidota.c__Bacteroidia.o__Bacteroidales.f__Rikenellaceae.g__Alistipes	Genotype	HET	-0.62186480104464	0.585436083540879	51	51	0.304847242901358	0.649643705879119
k__Bacteria.p__Desulfobacterota.c__Desulfovibrionia.o__Desulfovibrionales.f__Desulfovibrionaceae.g__Bilophila	Genotype	MUT	0.518580945532116	0.492005809997239	51	49	0.308125402554816	0.649643705879119
k__Bacteria.p__Firmicutes.c__Bacilli.o__Lactobacillales.f__Lactobacillaceae.g__Ligilactobacillus	Genotype	HET	0.746779013537002	0.695796729343505	51	51	0.300341041050494	0.649643705879119
k__Bacteria.p__Firmicutes.c__Bacilli.o__Lactobacillales.f__Streptococcaceae.g__Streptococcus	Genotype	HET	0.678299491466814	0.639676269828546	51	35	0.305744995452477	0.649643705879119
k__Bacteria.p__Firmicutes.c__Clostridia.o__Eubacteriales.f__Anaerofustaceae.g__Anaerofustis	Site	Cecum	0.48145372891006	0.458982742994125	51	28	0.3020045038505	0.649643705879119
k__Bacteria.p__Proteobacteria.c__Gammaproteobacteria.o__Pseudomonadales.f__Moraxellaceae.g__Acinetobacter	Genotype	MUT	-0.782239771920462	0.743041617706631	51	13	0.307782586802254	0.649643705879119
k__Bacteria.p__Firmicutes.c__Bacilli.o__Lactobacillales.f__Lactobacillaceae.g__HT002	Genotype	HET	-0.854541754683681	0.816234052011718	51	51	0.311613691316055	0.653777744525841
k__Bacteria.p__Firmicutes.c__Clostridia.o__Christensenellales.f__Christensenellaceae.g__	Genotype	HET	0.597653255975683	0.575792262132696	51	44	0.31684876329814	0.661518393617579
k__Bacteria.p__Firmicutes.c__Clostridia.o__Lachnospirales.f__Lachnospiraceae.g__Lachnospiraceae.UCG.001	Genotype	MUT	-1.23562516970023	1.20122324601169	51	51	0.319418904178136	0.663647043632243
k__Bacteria.p__Firmicutes.c__Clostridia.o__Clostridiales.f__Clostridiaceae.g__Clostridium.sensu.stricto.1	Genotype	MUT	1.42238640033674	1.4064003217101	51	20	0.329165915644367	0.68059426036613
k__Bacteria.p__Firmicutes.c__Bacilli.o__Staphylococcales.f__Staphylococcaceae.g__Staphylococcus	Genotype	MUT	1.46518882476779	1.51272906831042	51	30	0.347889680435618	0.715849919357907
k__Bacteria.p__Proteobacteria.c__Gammaproteobacteria.o__Pseudomonadales.f__Moraxellaceae.g__Acinetobacter	Genotype	HET	-0.70937475860656	0.736032561287085	51	13	0.34961699768534	0.715962081384333
k__Bacteria.p__Firmicutes.c__Bacilli.o__Bacillales.f__Bacillaceae.g__Anoxybacillus	Genotype	HET	-0.714400804160012	0.747984049835474	51	10	0.353966924759903	0.717999259702552
k__Bacteria.p__Firmicutes.c__Bacilli.o__Erysipelotrichales.f__Erysipelatoclostridiaceae.g__Erysipelatoclostridium	Genotype	MUT	0.639351568774759	0.667557582353082	51	50	0.353188292060809	0.717999259702552
k__Bacteria.p__Actinobacteriota.c__Coriobacteriia.o__Coriobacteriales.f__Atopobiaceae.g__Coriobacteriaceae.UCG.002	Site	Cecum	-0.291627986052691	0.318029935813248	51	51	0.366161233317692	0.726836488414558
k__Bacteria.p__Firmicutes.c__Clostridia.o__Lachnospirales.f__Lachnospiraceae.g__ASF356	Genotype	MUT	-0.604691818359702	0.642348697055932	51	51	0.360794419312439	0.726836488414558
k__Bacteria.p__Firmicutes.c__Clostridia.o__Lachnospirales.f__Lachnospiraceae.g__Lachnospiraceae.UCG.008	Site	Proximal_Colon	-0.187364303179611	0.204705510215316	51	8	0.36672029321878	0.726836488414558
k__Bacteria.p__Firmicutes.c__Clostridia.o__Oscillospirales.f__Oscillospiraceae.g__UCG.005	Genotype	MUT	-1.00559528052223	1.08029590527897	51	35	0.366814676396132	0.726836488414558
k__Bacteria.p__Proteobacteria.c__Gammaproteobacteria.o__Burkholderiales.f__Sutterellaceae.g__Parasutterella	Site	Cecum	-0.170353617764258	0.185199688640041	51	51	0.364781355157621	0.726836488414558
k__Bacteria.p__Firmicutes.c__Clostridia.o__Lachnospirales.f__Defluviitaleaceae.g__Defluviitaleaceae.UCG.011	Genotype	MUT	1.29137942026336	1.39798084591273	51	33	0.369910819602046	0.729593690275004
k__Bacteria.p__Firmicutes.c__Clostridia.o__Oscillospirales.f__Oscillospiraceae.g__UCG.003	Site	Proximal_Colon	-0.382083035579586	0.427057668895986	51	19	0.37770331469963	0.741545957300191
k__Bacteria.p__Bacteroidota.c__Bacteroidia.o__Bacteroidales.f__Tannerellaceae.g__Parabacteroides	Genotype	HET	-0.830118485767344	0.921213856453264	51	49	0.38174190446974	0.744666661999448
k__Bacteria.p__Firmicutes.c__Clostridia.o__Lachnospirales.f__Lachnospiraceae.g__Anaerostipes	Genotype	MUT	-1.51491482394032	1.68452468701771	51	40	0.382772583270744	0.744666661999448
k__Bacteria.p__Firmicutes.c__Clostridia.o__Lachnospirales.f__Lachnospiraceae.g__Dorea	Site	Cecum	0.211885687880431	0.241238402229454	51	17	0.386491439694249	0.748499258774382
k__Bacteria.p__Bacteroidota.c__Bacteroidia.o__Bacteroidales.f__Prevotellaceae.g__Prevotella_9	Genotype	MUT	-0.574141434960904	0.655957605505168	51	15	0.394754743407121	0.761058694496612
k__Bacteria.p__Firmicutes.c__Clostridia.o__Lachnospirales.f__Lachnospiraceae.g__Lachnospiraceae.AC2044.group	Site	Cecum	-0.236327551437963	0.275536766299049	51	25	0.397618185774095	0.763141630095572
k__Bacteria.p__Bacteroidota.c__Bacteroidia.o__Sphingobacteriales.f__env.OPS.17.g__	Genotype	HET	-0.465515702313044	0.544335677802462	51	9	0.405148367268798	0.770682227515758
k__Bacteria.p__Firmicutes.c__Clostridia.o__Oscillospirales.f__UCG.010.g__	Site	Cecum	-0.491197720879263	0.581109130081834	51	32	0.404399212504276	0.770682227515758
k__Bacteria.p__Bacteroidota.c__Bacteroidia.o__Sphingobacteriales.f__env.OPS.17.g__	Genotype	MUT	-0.464113263127577	0.549439334743943	51	9	0.410463656816793	0.777338252732687
k__Bacteria.p__Firmicutes.c__Clostridia.o__Oscillospirales.f__Ruminococcaceae.g__	Genotype	MUT	-0.379146575658369	0.452765821677107	51	51	0.415585373426339	0.783570660028517
k__Bacteria.p__Firmicutes.c__Clostridia.o__Lachnospirales.f__Lachnospiraceae.g__Lachnospiraceae.UCG.010	Genotype	HET	0.784159221607224	0.948677484100865	51	24	0.421206992978912	0.790686811381466
k__Bacteria.p__Proteobacteria.c__Gammaproteobacteria.o__Burkholderiales.f__Comamonadaceae.g__Delftia	Site	Cecum	-0.256924925016352	0.318190122842331	51	11	0.425199754252903	0.794696483931191
k__Bacteria.p__Firmicutes.c__Clostridia.o__Lachnospirales.f__Lachnospiraceae.g__Dorea	Site	Proximal_Colon	0.194050044466373	0.241238402229454	51	17	0.427267052897777	0.795088254957603
k__Bacteria.p__Firmicutes.c__Clostridia.o__Oscillospirales.f__Oscillospiraceae.g__Intestinimonas	Genotype	HET	0.325210473045323	0.401576420752189	51	51	0.430655837676266	0.797925101841739
k__Bacteria.p__Deinococcota.c__Deinococci.o__Thermales.f__Thermaceae.g__Meiothermus	Genotype	MUT	-0.675078679482779	0.873702813927464	51	10	0.450813530215676	0.831673236777196
k__Bacteria.p__Firmicutes.c__Clostridia.o__Lachnospirales.f__Defluviitaleaceae.g__Defluviitaleaceae.UCG.011	Genotype	HET	1.05592720361022	1.39320069129766	51	33	0.460123483986194	0.841477075373234
k__Bacteria.p__Firmicutes.c__Clostridia.o__Oscillospirales.f__Oscillospiraceae.g__NK4A214.group	Genotype	HET	-0.659281794305942	0.866492968398501	51	37	0.458275748337224	0.841477075373234
k__Bacteria.p__Firmicutes.c__Clostridia.o__Oscillospirales.f__Ruminococcaceae.g__Subdoligranulum	Genotype	HET	-0.548384478499631	0.727230054024495	51	13	0.462025964282033	0.841477075373234
k__Bacteria.p__Deinococcota.c__Deinococci.o__Thermales.f__Thermaceae.g__Meiothermus	Genotype	HET	-0.602479232525551	0.866667947818357	51	10	0.49702437374081	0.844152507782011
k__Bacteria.p__Firmicutes.c__Bacilli.o__Acholeplasmatales.f__Acholeplasmataceae.g__Anaeroplasma	Site	Cecum	0.398326818510136	0.567680266311438	51	43	0.488034332246942	0.844152507782011
k__Bacteria.p__Firmicutes.c__Bacilli.o__Bacillales.f__Bacillaceae.g__Anoxybacillus	Genotype	MUT	-0.562629715253299	0.753254714344943	51	10	0.465868430292274	0.844152507782011
k__Bacteria.p__Firmicutes.c__Bacilli.o__RF39.f__.g__	Genotype	HET	0.57341130205918	0.808530186273153	51	44	0.489084143606375	0.844152507782011
k__Bacteria.p__Firmicutes.c__Clostridia.o__Christensenellales.f__Christensenellaceae.g__Christensenellaceae.R.7.group	Genotype	MUT	0.568112746853577	0.795953828847226	51	46	0.486404965254062	0.844152507782011
k__Bacteria.p__Firmicutes.c__Clostridia.o__Lachnospirales.f__Lachnospiraceae.g__Acetatifactor	Genotype	MUT	-0.342274778188465	0.486231461880718	51	50	0.492290994200537	0.844152507782011
k__Bacteria.p__Firmicutes.c__Clostridia.o__Lachnospirales.f__Lachnospiraceae.g__Lachnospiraceae.UCG.010	Genotype	MUT	0.699244175137653	0.951129467310125	51	24	0.473272865065223	0.844152507782011
k__Bacteria.p__Firmicutes.c__Clostridia.o__Lachnospirales.f__Lachnospiraceae.g__Marvinbryantia	Genotype	HET	0.331632830853166	0.46785239255366	51	51	0.489128868558486	0.844152507782011
k__Bacteria.p__Firmicutes.c__Clostridia.o__Lachnospirales.f__Lachnospiraceae.g__Tuzzerella	Genotype	MUT	0.676369762273791	0.939898465253249	51	38	0.482457910546997	0.844152507782011
k__Bacteria.p__Firmicutes.c__Clostridia.o__Lachnospirales.f__Lachnospiraceae.g__.Eubacterium..xylanophilum.group	Genotype	HET	-0.619438975588602	0.874338018544958	51	36	0.490328581816324	0.844152507782011
k__Bacteria.p__Firmicutes.c__Clostridia.o__Oscillospirales.f__Oscillospiraceae.g__NK4A214.group	Genotype	MUT	-0.642795244676423	0.870364142543232	51	37	0.471163272925352	0.844152507782011
k__Bacteria.p__Firmicutes.c__Clostridia.o__Oscillospirales.f__Oscillospiraceae.g__Oscillibacter	Genotype	MUT	-0.372184455672372	0.532348123542734	51	51	0.495131666571994	0.844152507782011
k__Bacteria.p__Firmicutes.c__Clostridia.o__Oscillospirales.f__Ruminococcaceae.g__	Genotype	HET	0.32045294692788	0.450463206144871	51	51	0.488024726271253	0.844152507782011
k__Bacteria.p__Firmicutes.c__Clostridia.o__Peptococcales.f__Peptococcaceae.g__Peptococcus	Genotype	HET	-0.397083985199655	0.546776961459002	51	44	0.479190152200301	0.844152507782011
k__Bacteria.p__Firmicutes.c__Clostridia.o__Peptostreptococcales.Tissierellales.f__Anaerovoracaceae.g__.Eubacterium..nodatum.group	Site	Cecum	-0.280724950135219	0.382323209241294	51	28	0.468228171937637	0.844152507782011
k__Bacteria.p__Proteobacteria.c__Alphaproteobacteria.o__Rhodospirillales.f__.g__	Genotype	HET	-0.560514492965721	0.802928821353853	51	39	0.495847223333028	0.844152507782011
k__Bacteria.p__Verrucomicrobiota.c__Verrucomicrobiae.o__Verrucomicrobiales.f__Akkermansiaceae.g__Akkermansia	Genotype	MUT	0.76755264934412	1.0923072394601	51	49	0.492918512547519	0.844152507782011
k__Bacteria.p__Firmicutes.c__Clostridia.o__Oscillospirales.f__Oscillospiraceae.g__	Genotype	MUT	0.624390425133665	0.908032670711474	51	51	0.502790317880447	0.850570182027002
k__Bacteria.p__Bacteroidota.c__Bacteroidia.o__Bacteroidales.f__Prevotellaceae.g__Prevotella_9	Genotype	HET	-0.442501165653172	0.653618594272368	51	15	0.508488443981162	0.851407807960941
k__Bacteria.p__Firmicutes.c__Bacilli.o__Erysipelotrichales.f__Erysipelatoclostridiaceae.g__Erysipelatoclostridium	Site	Cecum	-0.242837761793282	0.369467690086983	51	50	0.515741304435568	0.851407807960941
k__Bacteria.p__Firmicutes.c__Bacilli.o__Erysipelotrichales.f__Erysipelotrichaceae.g__Dubosiella	Genotype	HET	0.432928624662553	0.649835772319122	51	21	0.515525435172702	0.851407807960941
k__Bacteria.p__Firmicutes.c__Clostridia.o__Lachnospirales.f__Lachnospiraceae.g__Lachnospiraceae.NK4A136.group	Genotype	HET	0.264202267456934	0.396301839440748	51	51	0.51506710734128	0.851407807960941
k__Bacteria.p__Firmicutes.c__Clostridia.o__Lachnospirales.f__Lachnospiraceae.g__Roseburia	Genotype	MUT	-0.461372150885528	0.698511700921966	51	51	0.518783405445994	0.851407807960941
k__Bacteria.p__Firmicutes.c__Clostridia.o__Oscillospirales.f__Oscillospiraceae.g__Colidextribacter	Genotype	MUT	-0.286001217196148	0.433811085262161	51	51	0.519199621209826	0.851407807960941
k__Bacteria.p__Firmicutes.c__Clostridia.o__Peptostreptococcales.Tissierellales.f__Anaerovoracaceae.g__.Eubacterium..brachy.group	Genotype	HET	0.646884548278122	0.966720997908387	51	29	0.51388947508966	0.851407807960941
k__Bacteria.p__Proteobacteria.c__Gammaproteobacteria.o__Burkholderiales.f__Comamonadaceae.g__Delftia	Genotype	HET	0.223212711730838	0.333370708946665	51	11	0.513459690847025	0.851407807960941
k__Bacteria.p__Proteobacteria.c__Alphaproteobacteria.o__Rhizobiales.f__Xanthobacteraceae.g__Bradyrhizobium	Genotype	MUT	-0.395598395159738	0.60711437224347	51	10	0.523714809632266	0.855534116498511
k__Bacteria.p__Bacteroidota.c__Bacteroidia.o__Bacteroidales.f__Muribaculaceae.g__	Genotype	HET	-0.295377866643139	0.457105565403714	51	51	0.527770730301128	0.858881644748604
k__Bacteria.p__Firmicutes.c__Clostridia.o__Christensenellales.f__Christensenellaceae.g__Christensenellaceae.R.7.group	Genotype	HET	0.509025660534412	0.794332172990374	51	46	0.53144099854025	0.861578588542526
k__Bacteria.p__Bacteroidota.c__Bacteroidia.o__Bacteroidales.f__Marinifilaceae.g__Odoribacter	Genotype	MUT	-0.337437063790683	0.535837224662478	51	51	0.538111480703809	0.864360567146527
k__Bacteria.p__Firmicutes.c__Bacilli.o__Lactobacillales.f__Lactobacillaceae.g__Ligilactobacillus	Genotype	MUT	0.438236853504682	0.697341138257102	51	51	0.539215587448885	0.864360567146527
k__Bacteria.p__Firmicutes.c__Clostridia.o__Lachnospirales.f__Lachnospiraceae.g__Fusicatenibacter	Site	Proximal_Colon	0.198229995076463	0.31784378749186	51	14	0.537283693898912	0.864360567146527
k__Bacteria.p__Firmicutes.c__Clostridia.o__Lachnospirales.f__Lachnospiraceae.g__Lachnospiraceae.UCG.004	Genotype	HET	-0.699909355467367	1.14987850075428	51	44	0.55173648767355	0.88113140568761
k__Bacteria.p__Bacteroidota.c__Bacteroidia.o__Bacteroidales.f__Muribaculaceae.g__Muribaculum	Site	Cecum	-0.109145365958502	0.184266378309638	51	51	0.557817207889256	0.881577803293677
k__Bacteria.p__Firmicutes.c__Bacilli.o__Bacillales.f__Bacillaceae.g__Bacillus	Genotype	MUT	-0.387223082925567	0.650727838999836	51	20	0.560562426893768	0.881577803293677
k__Bacteria.p__Firmicutes.c__Bacilli.o__Erysipelotrichales.f__Erysipelotrichaceae.g__Faecalibaculum	Genotype	HET	-0.761819175119843	1.28553107574029	51	51	0.562314813783117	0.881577803293677
k__Bacteria.p__Firmicutes.c__Clostridia.o__Oscillospirales.f__Ruminococcaceae.g__.Eubacterium..siraeum.group	Site	Cecum	-0.326454186541521	0.55286812851109	51	31	0.559084209353508	0.881577803293677
k__Bacteria.p__Firmicutes.c__Clostridia.o__Peptococcales.f__Peptococcaceae.g__	Genotype	HET	-0.331282224431232	0.549631993068809	51	50	0.555483972593844	0.881577803293677
k__Bacteria.p__Firmicutes.c__Clostridia.o__Lachnospirales.f__Lachnospiraceae.g__.Eubacterium..xylanophilum.group	Site	Cecum	-0.277148054019431	0.477751050482124	51	36	0.56606815044756	0.884223242304947
k__Bacteria.p__Actinobacteriota.c__Coriobacteriia.o__Coriobacteriales.f__Eggerthellaceae.g__	Site	Cecum	-0.103426171327453	0.190864040993734	51	23	0.591740274918194	0.900731151463487
k__Bacteria.p__Firmicutes.c__Bacilli.o__Acholeplasmatales.f__Acholeplasmataceae.g__Anaeroplasma	Genotype	MUT	0.918765745604477	1.74507105983864	51	43	0.606099466405337	0.900731151463487
k__Bacteria.p__Firmicutes.c__Bacilli.o__Erysipelotrichales.f__Erysipelotrichaceae.g__Turicibacter	Genotype	MUT	0.942656498493215	1.72998538650982	51	51	0.593874580815532	0.900731151463487
k__Bacteria.p__Firmicutes.c__Bacilli.o__Lactobacillales.f__Enterococcaceae.g__Enterococcus	Genotype	HET	0.394091710744623	0.748300454377842	51	17	0.605739229561355	0.900731151463487
k__Bacteria.p__Firmicutes.c__Bacilli.o__RF39.f__.g__	Site	Proximal_Colon	-0.23044382180376	0.415445195859168	51	44	0.58299748808546	0.900731151463487
k__Bacteria.p__Firmicutes.c__Clostridia.o__Lachnospirales.f__Lachnospiraceae.g__GCA.900066575	Genotype	MUT	-0.23958143103401	0.453775342607293	51	51	0.605054826154701	0.900731151463487
k__Bacteria.p__Firmicutes.c__Clostridia.o__Lachnospirales.f__Lachnospiraceae.g__Lachnospiraceae.AC2044.group	Genotype	HET	0.941545477145151	1.67076574440433	51	25	0.581375537399997	0.900731151463487
k__Bacteria.p__Firmicutes.c__Clostridia.o__Lachnospirales.f__Lachnospiraceae.g__Lachnospiraceae.UCG.004	Site	Cecum	-0.250621196709903	0.447336543328892	51	44	0.579258291588036	0.900731151463487
k__Bacteria.p__Firmicutes.c__Clostridia.o__Lachnospirales.f__Lachnospiraceae.g__Lachnospiraceae.UCG.004	Genotype	MUT	-0.618294176428224	1.15231077641501	51	44	0.599280284230351	0.900731151463487
k__Bacteria.p__Firmicutes.c__Clostridia.o__Lachnospirales.f__Lachnospiraceae.g__.Eubacterium..xylanophilum.group	Genotype	MUT	-0.478113606929447	0.877859106620209	51	36	0.594477610722438	0.900731151463487
k__Bacteria.p__Firmicutes.c__Clostridia.o__Oscillospirales.f__Butyricicoccaceae.g__Butyricicoccus	Genotype	HET	0.297007831251634	0.560339804361412	51	51	0.603806326531628	0.900731151463487
k__Bacteria.p__Firmicutes.c__Clostridia.o__Oscillospirales.f__Ruminococcaceae.g__Anaerotruncus	Genotype	HET	-0.640676575824268	1.16345391436155	51	36	0.589985622190703	0.900731151463487
k__Bacteria.p__Firmicutes.c__Clostridia.o__Oscillospirales.f__.Eubacterium..coprostanoligenes.group.g__	Genotype	MUT	0.464803769053069	0.875091451161057	51	47	0.602945761196654	0.900731151463487
k__Bacteria.p__Firmicutes.c__Clostridia.o__Peptostreptococcales.Tissierellales.f__Anaerovoracaceae.g__Family.XIII.UCG.001	Genotype	MUT	-0.336436983892337	0.628845452827311	51	47	0.600583577484343	0.900731151463487
k__Bacteria.p__Desulfobacterota.c__Desulfovibrionia.o__Desulfovibrionales.f__Desulfovibrionaceae.g__Desulfovibrio	Genotype	HET	0.282981968146513	0.540675721523983	51	51	0.609913708763477	0.9011645343355
k__Bacteria.p__Firmicutes.c__Clostridia.o__Lachnospirales.f__Lachnospiraceae.g__Lachnospiraceae.FCS020.group	Genotype	HET	0.490146684752232	0.942534042329553	51	51	0.610602137750689	0.9011645343355
k__Bacteria.p__Firmicutes.c__Clostridia.o__Oscillospirales.f__Oscillospiraceae.g__UCG.005	Site	Proximal_Colon	0.275822436209584	0.546631426691955	51	35	0.617376306421513	0.908031131094184
k__Bacteria.p__Actinobacteriota.c__Actinobacteria.o__Bifidobacteriales.f__Bifidobacteriaceae.g__Bifidobacterium	Genotype	MUT	-0.778103173102507	1.56235705800433	51	37	0.625553513081467	0.914024625986719
k__Bacteria.p__Bacteroidota.c__Bacteroidia.o__Bacteroidales.f__Muribaculaceae.g__	Genotype	MUT	-0.223756722752771	0.458182068607719	51	51	0.632190636831314	0.914024625986719
k__Bacteria.p__Bacteroidota.c__Bacteroidia.o__Bacteroidales.f__Muribaculaceae.g__Muribaculum	Genotype	HET	-0.215081722743063	0.442113668719728	51	51	0.633488555360281	0.914024625986719
k__Bacteria.p__Desulfobacterota.c__Desulfovibrionia.o__Desulfovibrionales.f__Desulfovibrionaceae.g__Desulfovibrio	Genotype	MUT	-0.264493069319709	0.543493807091483	51	51	0.634809628800822	0.914024625986719
k__Bacteria.p__Firmicutes.c__Bacilli.o__Erysipelotrichales.f__Erysipelotrichaceae.g__Faecalibaculum	Genotype	MUT	0.620907505974177	1.28660901213472	51	51	0.636364888423519	0.914024625986719
k__Bacteria.p__Firmicutes.c__Clostridia.o__Lachnospirales.f__Lachnospiraceae.g__Lachnospiraceae.FCS020.group	Genotype	MUT	-0.457021169146089	0.944383938983506	51	51	0.635341715899324	0.914024625986719
k__Bacteria.p__Firmicutes.c__Clostridia.o__Oscillospirales.f__Oscillospiraceae.g__Oscillospira	Genotype	MUT	-0.493113819679377	1.02241492915789	51	31	0.636400323701033	0.914024625986719
k__Bacteria.p__Bacteroidota.c__Bacteroidia.o__Bacteroidales.f__Rikenellaceae.g__Rikenella	Genotype	HET	0.698519189838538	1.49872970156018	51	34	0.647863918302841	0.916595802346054
k__Bacteria.p__Firmicutes.c__Clostridia.o__Eubacteriales.f__Anaerofustaceae.g__Anaerofustis	Genotype	MUT	-0.361588934437743	0.775641399496951	51	28	0.647555700104076	0.916595802346054
k__Bacteria.p__Firmicutes.c__Clostridia.o__Lachnospirales.f__Lachnospiraceae.g__Fusicatenibacter	Genotype	HET	-0.290938146375208	0.627789623911608	51	14	0.649636555968473	0.916595802346054
k__Bacteria.p__Firmicutes.c__Clostridia.o__Oscillospirales.f__Oscillospiraceae.g__Intestinimonas	Genotype	MUT	0.189975248165829	0.403978310393537	51	51	0.64477489673447	0.916595802346054
k__Bacteria.p__Firmicutes.c__Clostridia.o__Oscillospirales.f__Oscillospiraceae.g__Oscillibacter	Genotype	HET	-0.249129340469815	0.530518730604178	51	51	0.645462421210031	0.916595802346054
k__Bacteria.p__Proteobacteria.c__Gammaproteobacteria.o__Burkholderiales.f__Hydrogenophilaceae.g__Hydrogenophilus	Genotype	HET	-0.381160775733627	0.826631238993182	51	12	0.651040009142992	0.916595802346054
k__Bacteria.p__Bacteroidota.c__Bacteroidia.o__Bacteroidales.f__Muribaculaceae.g__	Site	Cecum	-0.0794768964584357	0.188041513607716	51	51	0.675399537770985	0.917685721161847
k__Bacteria.p__Bacteroidota.c__Bacteroidia.o__Bacteroidales.f__Tannerellaceae.g__Parabacteroides	Genotype	MUT	0.408075376909983	0.922885221383262	51	49	0.66461726895983	0.917685721161847
k__Bacteria.p__Firmicutes.c__Clostridia.o__Lachnospirales.f__Defluviitaleaceae.g__Defluviitaleaceae.UCG.011	Site	Proximal_Colon	-0.31215902467036	0.698680815944254	51	33	0.658055529712006	0.917685721161847
k__Bacteria.p__Firmicutes.c__Clostridia.o__Lachnospirales.f__Lachnospiraceae.g__	Genotype	HET	-0.15741437697445	0.361603365737454	51	51	0.670154185474765	0.917685721161847
k__Bacteria.p__Firmicutes.c__Clostridia.o__Lachnospirales.f__Lachnospiraceae.g__Agathobacter	Genotype	HET	-0.316578033781042	0.73889548015335	51	18	0.674354183166628	0.917685721161847
k__Bacteria.p__Firmicutes.c__Clostridia.o__Lachnospirales.f__Lachnospiraceae.g__Dorea	Genotype	HET	0.577616528606968	1.28689749327636	51	17	0.659937735644863	0.917685721161847
k__Bacteria.p__Firmicutes.c__Clostridia.o__Lachnospirales.f__Lachnospiraceae.g__Fusicatenibacter	Site	Cecum	0.139392593730029	0.31784378749186	51	14	0.663942281455638	0.917685721161847
k__Bacteria.p__Firmicutes.c__Clostridia.o__Lachnospirales.f__Lachnospiraceae.g__Lachnospiraceae.AC2044.group	Site	Proximal_Colon	0.119548812917019	0.275536766299049	51	25	0.667372409424434	0.917685721161847
k__Bacteria.p__Firmicutes.c__Clostridia.o__Lachnospirales.f__Lachnospiraceae.g__Lachnospiraceae.UCG.001	Genotype	HET	-0.517869227082998	1.19793272292738	51	51	0.671530202591475	0.917685721161847
k__Bacteria.p__Firmicutes.c__Clostridia.o__Peptostreptococcales.Tissierellales.f__Anaerovoracaceae.g__Family.XIII.AD3011.group	Genotype	HET	-0.399174439049062	0.909040595243095	51	21	0.666795563191833	0.917685721161847
k__Bacteria.p__Proteobacteria.c__Gammaproteobacteria.o__Burkholderiales.f__Comamonadaceae.g__Delftia	Site	Proximal_Colon	0.136116400551691	0.318190122842331	51	11	0.671594800387796	0.917685721161847
k__Bacteria.p__Actinobacteriota.c__Coriobacteriia.o__Coriobacteriales.f__Eggerthellaceae.g__Enterorhabdus	Genotype	HET	-0.442751290655668	1.07072513570344	51	40	0.684964358209034	0.921919115948702
k__Bacteria.p__Actinobacteriota.c__Coriobacteriia.o__Coriobacteriales.f__Eggerthellaceae.g__Enterorhabdus	Genotype	MUT	-0.443978045267518	1.07396769145352	51	40	0.684977287083381	0.921919115948702
k__Bacteria.p__Firmicutes.c__Bacilli.o__Bacillales.f__Bacillaceae.g__Bacillus	Genotype	HET	-0.272217930770681	0.649742694128642	51	20	0.681141132704224	0.921919115948702
k__Bacteria.p__Firmicutes.c__Bacilli.o__Acholeplasmatales.f__Acholeplasmataceae.g__Anaeroplasma	Genotype	HET	-0.702596903277816	1.74245791265756	51	43	0.692398606411171	0.926083136074942
k__Bacteria.p__Firmicutes.c__Clostridia.o__Oscillospirales.f__UCG.010.g__	Genotype	HET	0.339967290533701	0.837363169677194	51	32	0.690920531408929	0.926083136074942
k__Bacteria.p__Proteobacteria.c__Gammaproteobacteria.o__Enterobacterales.f__Enterobacteriaceae.g__Escherichia.Shigella	Genotype	HET	0.331154967280066	0.832561935339073	51	25	0.69635134747976	0.928468463306347
k__Bacteria.p__Firmicutes.c__Bacilli.o__Erysipelotrichales.f__Erysipelatoclostridiaceae.g__	Genotype	HET	-0.38040199580581	1.02294892352143	51	35	0.715257641472923	0.929658175273539
k__Bacteria.p__Firmicutes.c__Bacilli.o__Erysipelotrichales.f__Erysipelotrichaceae.g__Dubosiella	Genotype	MUT	0.243239322499591	0.654106534011382	51	21	0.715146558870036	0.929658175273539
k__Bacteria.p__Firmicutes.c__Clostridia.o__Clostridiales.f__Clostridiaceae.g__Clostridium.sensu.stricto.1	Genotype	HET	-0.527501462153976	1.40297461717526	51	20	0.712670785270301	0.929658175273539
k__Bacteria.p__Firmicutes.c__Clostridia.o__Lachnospirales.f__Lachnospiraceae.g__Anaerostipes	Site	Proximal_Colon	-0.18361928827717	0.47150057564636	51	40	0.699609687872733	0.929658175273539
k__Bacteria.p__Firmicutes.c__Clostridia.o__Lachnospirales.f__Lachnospiraceae.g__Lachnospiraceae.UCG.008	Genotype	HET	0.115867657782309	0.297341119537657	51	8	0.702037413788518	0.929658175273539
k__Bacteria.p__Firmicutes.c__Clostridia.o__Oscillospirales.f__Ruminococcaceae.g__Ruminococcus	Genotype	HET	0.556656944931623	1.49290258297692	51	38	0.714594814633796	0.929658175273539
k__Bacteria.p__Firmicutes.c__Clostridia.o__Oscillospirales.f__Ruminococcaceae.g__.Eubacterium..siraeum.group	Genotype	MUT	0.509290885142798	1.37800622581045	51	31	0.716792518318383	0.929658175273539
k__Bacteria.p__Firmicutes.c__Clostridia.o__Peptococcales.f__Peptococcaceae.g__Peptococcus	Genotype	MUT	-0.205670569902112	0.551424055082373	51	44	0.714380607460946	0.929658175273539
k__Bacteria.p__Proteobacteria.c__Gammaproteobacteria.o__Burkholderiales.f__Hydrogenophilaceae.g__Hydrogenophilus	Genotype	MUT	-0.319909795252797	0.831874289406953	51	12	0.705603793695757	0.929658175273539
k__Bacteria.p__Actinobacteriota.c__Actinobacteria.o__Bifidobacteriales.f__Bifidobacteriaceae.g__Bifidobacterium	Genotype	HET	-0.554142663784289	1.55933915093329	51	37	0.727206117674891	0.936080966892541
k__Bacteria.p__Actinobacteriota.c__Coriobacteriia.o__Coriobacteriales.f__Eggerthellaceae.g__	Genotype	MUT	-0.236648970579201	0.674572806944061	51	23	0.730574763747436	0.936080966892541
k__Bacteria.p__Actinobacteriota.c__Coriobacteriia.o__Coriobacteriales.f__Eggerthellaceae.g__Enterorhabdus	Site	Cecum	0.168748109350084	0.502570947710316	51	40	0.739241511237567	0.936080966892541
k__Bacteria.p__Bacteroidota.c__Bacteroidia.o__Bacteroidales.f__Bacteroidaceae.g__Bacteroides	Site	Cecum	-0.0801678686408684	0.234646967990823	51	51	0.734861982639133	0.936080966892541
k__Bacteria.p__Bacteroidota.c__Bacteroidia.o__Bacteroidales.f__Bacteroidaceae.g__Bacteroides	Genotype	HET	0.188502864116665	0.534996338091793	51	51	0.729406173527445	0.936080966892541
k__Bacteria.p__Firmicutes.c__Clostridia.o__Lachnospirales.f__Lachnospiraceae.g__Roseburia	Genotype	HET	0.237468663651757	0.696373829093957	51	51	0.737804628631858	0.936080966892541
k__Bacteria.p__Firmicutes.c__Clostridia.o__Oscillospirales.f__Ruminococcaceae.g__Harryflintia	Genotype	MUT	-0.389860854011277	1.14899295401597	51	27	0.739051315213584	0.936080966892541
k__Bacteria.p__Proteobacteria.c__Alphaproteobacteria.o__Rhizobiales.f__Xanthobacteraceae.g__Bradyrhizobium	Genotype	HET	-0.211220101551909	0.602063507172866	51	10	0.730318265295453	0.936080966892541
k__Bacteria.p__Firmicutes.c__Clostridia.o__Oscillospirales.f__Oscillospiraceae.g__UCG.003	Site	Cecum	0.140035136281624	0.427057668895986	51	19	0.745139943321931	0.940626806816522
k__Bacteria.p__Firmicutes.c__Clostridia.o__Oscillospirales.f__Ruminococcaceae.g__Faecalibacterium	Genotype	HET	-0.0797645013476599	0.24321789821652	51	8	0.747226902611255	0.940626806816522
k__Bacteria.p__Firmicutes.c__Clostridia.o__Oscillospirales.f__Oscillospiraceae.g__Colidextribacter	Genotype	HET	0.137918546183482	0.431445721515358	51	51	0.753482965086459	0.945720554419368
k__Bacteria.p__Firmicutes.c__Bacilli.o__Lactobacillales.f__Streptococcaceae.g__Streptococcus	Genotype	MUT	0.200776397840025	0.642266250978855	51	35	0.758820365404692	0.949634843254995
k__Bacteria.p__Bacteroidota.c__Bacteroidia.o__Bacteroidales.f__Rikenellaceae.g__Rikenella	Genotype	MUT	0.442079822166941	1.50042031199112	51	34	0.772295019982306	0.949834105035709
k__Bacteria.p__Firmicutes.c__Bacilli.o__Erysipelotrichales.f__Erysipelatoclostridiaceae.g__	Site	Proximal_Colon	0.120570883044875	0.406920497108713	51	35	0.76896035484254	0.949834105035709
k__Bacteria.p__Firmicutes.c__Clostridia.o__Clostridiales.f__Clostridiaceae.g__Candidatus.Arthromitus	Genotype	MUT	-0.3473353620065	1.15776768554004	51	46	0.768072758652982	0.949834105035709
k__Bacteria.p__Firmicutes.c__Clostridia.o__Oscillospirales.f__Butyricicoccaceae.g__UCG.009	Genotype	HET	-0.303458729398623	1.00829284559716	51	42	0.767588922101846	0.949834105035709
k__Bacteria.p__Firmicutes.c__Clostridia.o__Peptococcales.f__Peptococcaceae.g__	Genotype	MUT	0.162959560590069	0.551963420794778	51	50	0.771709168816726	0.949834105035709
k__Bacteria.p__Firmicutes.c__Clostridia.o__Peptostreptococcales.Tissierellales.f__Peptostreptococcaceae.g__Romboutsia	Genotype	MUT	-0.330964516606913	1.10083731107736	51	24	0.767595800666639	0.949834105035709
k__Bacteria.p__Bacteroidota.c__Bacteroidia.o__Bacteroidales.f__Bacteroidaceae.g__Bacteroides	Genotype	MUT	0.139350005015426	0.536420567494109	51	51	0.79847851951725	0.953925560415741
k__Bacteria.p__Cyanobacteria.c__Vampirivibrionia.o__Gastranaerophilales.f__.g__	Genotype	HET	0.154490336352533	0.582524017268164	51	50	0.79491865156097	0.953925560415741
k__Bacteria.p__Firmicutes.c__Bacilli.o__Erysipelotrichales.f__Erysipelatoclostridiaceae.g__	Genotype	MUT	-0.280161220540673	1.02520752647016	51	35	0.788385866405262	0.953925560415741
k__Bacteria.p__Firmicutes.c__Bacilli.o__Erysipelotrichales.f__Erysipelotrichaceae.g__	Genotype	HET	0.212543789563126	0.829881534644979	51	45	0.80156162107225	0.953925560415741
k__Bacteria.p__Firmicutes.c__Bacilli.o__Lactobacillales.f__Listeriaceae.g__Listeria	Genotype	MUT	-0.344438928089868	1.22815357905357	51	36	0.782936349480171	0.953925560415741
k__Bacteria.p__Firmicutes.c__Clostridia.o__Christensenellales.f__Christensenellaceae.g__	Genotype	MUT	0.149755849394699	0.581387517423249	51	44	0.800355386770698	0.953925560415741
k__Bacteria.p__Firmicutes.c__Clostridia.o__Clostridia.UCG.014.f__.g__	Genotype	MUT	0.131701354239892	0.511269961932539	51	51	0.800168060245273	0.953925560415741
k__Bacteria.p__Firmicutes.c__Clostridia.o__Lachnospirales.f__Lachnospiraceae.g__Agathobacter	Genotype	MUT	-0.187444485418812	0.74085543220394	51	18	0.803627269353186	0.953925560415741
k__Bacteria.p__Firmicutes.c__Clostridia.o__Lachnospirales.f__Lachnospiraceae.g__Coprococcus	Genotype	MUT	-0.151437252884537	0.593459655277656	51	8	0.801889568146206	0.953925560415741
k__Bacteria.p__Firmicutes.c__Clostridia.o__Lachnospirales.f__Lachnospiraceae.g__Dorea	Genotype	MUT	0.324201119660221	1.28754740975438	51	17	0.804596091845987	0.953925560415741
k__Bacteria.p__Firmicutes.c__Clostridia.o__Lachnospirales.f__Lachnospiraceae.g__Lachnoclostridium	Genotype	MUT	-0.160734769175918	0.562297498499953	51	51	0.77882885531573	0.953925560415741
k__Bacteria.p__Firmicutes.c__Clostridia.o__Oscillospirales.f__Oscillospiraceae.g__UCG.003	Genotype	MUT	-0.271500555190588	1.06802492008005	51	19	0.802706644239514	0.953925560415741
k__Bacteria.p__Firmicutes.c__Clostridia.o__Peptostreptococcales.Tissierellales.f__Anaerovoracaceae.g__.Eubacterium..nodatum.group	Genotype	HET	-0.221551009926198	0.816471062986894	51	28	0.789856366701941	0.953925560415741
k__Bacteria.p__Actinobacteriota.c__Coriobacteriia.o__Coriobacteriales.f__Eggerthellaceae.g__	Site	Proximal_Colon	-0.0457850243134029	0.190864040993734	51	23	0.811987050385699	0.956552097114945
k__Bacteria.p__Firmicutes.c__Clostridia.o__Clostridia.vadinBB60.group.f__.g__	Genotype	HET	-0.141329216461505	0.588368175905187	51	51	0.813516269508972	0.956552097114945
k__Bacteria.p__Firmicutes.c__Clostridia.o__Oscillospirales.f__Butyricicoccaceae.g__UCG.009	Genotype	MUT	-0.245774589748231	1.01217799105943	51	42	0.81140135741546	0.956552097114945
k__Bacteria.p__Bacteroidota.c__Bacteroidia.o__Bacteroidales.f__Rikenellaceae.g__Rikenellaceae.RC9.gut.group	Genotype	MUT	0.223146295365329	0.970721912324248	51	48	0.821231047123092	0.958325141373819
k__Bacteria.p__Firmicutes.c__Clostridia.o__Oscillospirales.f__Ruminococcaceae.g__Harryflintia	Genotype	HET	0.262971830176618	1.14689605885953	51	27	0.821741417953719	0.958325141373819
k__Bacteria.p__Firmicutes.c__Clostridia.o__Peptostreptococcales.Tissierellales.f__Peptostreptococcaceae.g__Romboutsia	Genotype	HET	-0.254005389456682	1.09496039649539	51	24	0.819583787801219	0.958325141373819
k__Bacteria.p__Actinobacteriota.c__Coriobacteriia.o__Coriobacteriales.f__Eggerthellaceae.g__	Genotype	HET	-0.15174844752415	0.673804148301038	51	23	0.824847510066821	0.959333517142933
k__Bacteria.p__Firmicutes.c__Clostridia.o__Lachnospirales.f__Lachnospiraceae.g__Fusicatenibacter	Genotype	MUT	0.13796723144511	0.629982447495946	51	14	0.829532246897993	0.959567031546867
k__Bacteria.p__Firmicutes.c__Clostridia.o__Lachnospirales.f__Lachnospiraceae.g__Lachnospiraceae.AC2044.group	Genotype	MUT	0.366229829953817	1.6714200436351	51	25	0.829504540363599	0.959567031546867
k__Bacteria.p__Firmicutes.c__Bacilli.o__Lactobacillales.f__Listeriaceae.g__Listeria	Genotype	HET	-0.249353080041161	1.22739274964295	51	36	0.84173153338933	0.963264963343939
k__Bacteria.p__Firmicutes.c__Clostridia.o__Lachnospirales.f__Lachnospiraceae.g__Blautia	Genotype	MUT	-0.217507020689618	1.06549919021492	51	27	0.840950589645047	0.963264963343939
k__Bacteria.p__Firmicutes.c__Clostridia.o__Oscillospirales.f__Ruminococcaceae.g__Ruminococcus	Genotype	MUT	0.308789849620304	1.49573024697905	51	38	0.839267334908554	0.963264963343939
k__Bacteria.p__Firmicutes.c__Clostridia.o__Peptostreptococcales.Tissierellales.f__Anaerovoracaceae.g__.Eubacterium..brachy.group	Genotype	MUT	0.198642530701342	0.970748811821074	51	29	0.84065824385772	0.963264963343939
k__Bacteria.p__Firmicutes.c__Clostridia.o__Clostridia.UCG.014.f__.g__	Site	Proximal_Colon	0.0363312362415591	0.186817418157847	51	51	0.847053621968112	0.964199335644553
k__Bacteria.p__Proteobacteria.c__Alphaproteobacteria.o__Sphingomonadales.f__Sphingomonadaceae.g__Sphingobium	Genotype	MUT	-0.36823675409977	1.86775238903262	51	38	0.846334745154395	0.964199335644553
k__Bacteria.p__Bacteroidota.c__Bacteroidia.o__Bacteroidales.f__Tannerellaceae.g__Parabacteroides	Site	Cecum	0.0561061872790322	0.331021480199439	51	49	0.866495580416769	0.967024589619474
k__Bacteria.p__Cyanobacteria.c__Vampirivibrionia.o__Gastranaerophilales.f__.g__	Genotype	MUT	-0.108540312140477	0.58595410418337	51	50	0.855781557678152	0.967024589619474
k__Bacteria.p__Firmicutes.c__Bacilli.o__Erysipelotrichales.f__Erysipelatoclostridiaceae.g__Erysipelatoclostridium	Genotype	HET	-0.110793910814681	0.664794871592408	51	50	0.869870250008171	0.967024589619474
k__Bacteria.p__Firmicutes.c__Clostridia.o__Lachnospirales.f__Lachnospiraceae.g__Anaerostipes	Site	Cecum	0.0782451339394471	0.47150057564636	51	40	0.869271892163193	0.967024589619474
k__Bacteria.p__Firmicutes.c__Clostridia.o__Lachnospirales.f__Lachnospiraceae.g__Lachnospiraceae.NK4A136.group	Genotype	MUT	0.0715474142951643	0.398802744797185	51	51	0.859959804974982	0.967024589619474
k__Bacteria.p__Firmicutes.c__Clostridia.o__Oscillospirales.f__Butyricicoccaceae.g__Butyricicoccus	Genotype	MUT	-0.101629919368631	0.562201845073084	51	51	0.858928435471016	0.967024589619474
k__Bacteria.p__Firmicutes.c__Clostridia.o__Peptostreptococcales.Tissierellales.f__Anaerovoracaceae.g__.Eubacterium..nodatum.group	Genotype	MUT	-0.151499254400437	0.818932566896465	51	28	0.855707224845966	0.967024589619474
k__Bacteria.p__Proteobacteria.c__Alphaproteobacteria.o__Sphingomonadales.f__Sphingomonadaceae.g__Sphingobium	Genotype	HET	-0.317564332934529	1.86622245658816	51	38	0.867146494736704	0.967024589619474
k__Bacteria.p__Proteobacteria.c__Gammaproteobacteria.o__Enterobacterales.f__Enterobacteriaceae.g__Escherichia.Shigella	Genotype	MUT	-0.140606863066597	0.834608287821905	51	25	0.868418022139028	0.967024589619474
k__Bacteria.p__Firmicutes.c__Clostridia.o__Oscillospirales.f__.Eubacterium..coprostanoligenes.group.g__	Site	Proximal_Colon	0.0466495988009397	0.304215162231828	51	47	0.879104148546547	0.972239213379644
k__Bacteria.p__Proteobacteria.c__Gammaproteobacteria.o__Burkholderiales.f__Sutterellaceae.g__Parasutterella	Genotype	HET	0.0778248169817026	0.502540063036926	51	51	0.879060315997502	0.972239213379644
k__Bacteria.p__Firmicutes.c__Bacilli.o__Staphylococcales.f__Staphylococcaceae.g__Staphylococcus	Genotype	HET	0.22481090137575	1.5104562779075	51	30	0.883646925221548	0.974744546378408
k__Bacteria.p__Firmicutes.c__Clostridia.o__Clostridiales.f__Clostridiaceae.g__Candidatus.Arthromitus	Site	Cecum	-0.109889676682876	0.776620245701982	51	46	0.888345569390477	0.975151439949881
k__Bacteria.p__Firmicutes.c__Clostridia.o__Oscillospirales.f__Ruminococcaceae.g__Incertae.Sedis	Genotype	HET	0.0518757041557965	0.363512165708854	51	51	0.888572573786106	0.975151439949881
k__Bacteria.p__Bacteroidota.c__Bacteroidia.o__Bacteroidales.f__Muribaculaceae.g__Muribaculum	Genotype	MUT	-0.0604756899815855	0.443181280731389	51	51	0.893215018797478	0.975435144177981
k__Bacteria.p__Firmicutes.c__Clostridia.o__Oscillospirales.f__Ruminococcaceae.g__Faecalibacterium	Genotype	MUT	-0.0327206046190449	0.245673889341995	51	8	0.895668251546604	0.975435144177981
k__Bacteria.p__Proteobacteria.c__Alphaproteobacteria.o__Rhodospirillales.f__.g__	Genotype	MUT	-0.108292070154872	0.804143088038179	51	39	0.894662061846287	0.975435144177981
k__Bacteria.p__Actinobacteriota.c__Coriobacteriia.o__Coriobacteriales.f__Coriobacteriales.Incertae.Sedis.g__	Genotype	HET	0.0817799046670313	0.728174231293708	51	13	0.912057067364761	0.976725077302692
k__Bacteria.p__Bacteroidota.c__Bacteroidia.o__Bacteroidales.f__Rikenellaceae.g__Rikenellaceae.RC9.gut.group	Genotype	HET	0.112501508462767	0.969043810929673	51	48	0.909096215603293	0.976725077302692
k__Bacteria.p__Firmicutes.c__Clostridia.o__Lachnospirales.f__Lachnospiraceae.g__Lachnoclostridium	Genotype	HET	-0.0697838697463848	0.560861060746748	51	51	0.902618141664924	0.976725077302692
k__Bacteria.p__Firmicutes.c__Clostridia.o__Lachnospirales.f__Lachnospiraceae.g__Lachnospiraceae.UCG.006	Genotype	MUT	0.0870227591145486	0.721896313688692	51	51	0.905619440146552	0.976725077302692
k__Bacteria.p__Firmicutes.c__Clostridia.o__Oscillospirales.f__Oscillospiraceae.g__UCG.005	Site	Cecum	-0.068485980033167	0.546631426691955	51	35	0.901095641448855	0.976725077302692
k__Bacteria.p__Firmicutes.c__Clostridia.o__Oscillospirales.f__Ruminococcaceae.g__.Eubacterium..siraeum.group	Genotype	HET	-0.164505852922016	1.37490678881303	51	31	0.906342721542211	0.976725077302692
k__Bacteria.p__Firmicutes.c__Clostridia.o__Peptostreptococcales.Tissierellales.f__Anaerovoracaceae.g__Family.XIII.AD3011.group	Genotype	MUT	-0.101544603555252	0.912374509273094	51	21	0.912827175049245	0.976725077302692
k__Bacteria.p__Actinobacteriota.c__Coriobacteriia.o__Coriobacteriales.f__Coriobacteriales.Incertae.Sedis.g__	Genotype	MUT	0.0754316164101451	0.728826636698915	51	13	0.918924336540252	0.980108408393905
k__Bacteria.p__Proteobacteria.c__Alphaproteobacteria.o__Rhodospirillales.f__.g__	Site	Cecum	-0.0256457241983459	0.262714506161506	51	39	0.9228590854737	0.980108408393905
k__Bacteria.p__Proteobacteria.c__Gammaproteobacteria.o__Burkholderiales.f__Sutterellaceae.g__Parasutterella	Genotype	MUT	0.049761907192289	0.503497543242673	51	51	0.922612121498965	0.980108408393905
k__Bacteria.p__Firmicutes.c__Clostridia.o__Oscillospirales.f__Ruminococcaceae.g__.Eubacterium..siraeum.group	Site	Proximal_Colon	0.0520783724322636	0.55286812851109	51	31	0.9255492822532	0.980532407931608
k__Bacteria.p__Firmicutes.c__Bacilli.o__Erysipelotrichales.f__Erysipelotrichaceae.g__Dubosiella	Site	Cecum	-0.0374282981176759	0.465539513238188	51	21	0.936419662880438	0.989599051142783
k__Bacteria.p__Firmicutes.c__Clostridia.o__Lachnospirales.f__Lachnospiraceae.g__Lachnospiraceae.UCG.008	Genotype	MUT	0.0228485923905524	0.299163002689762	51	8	0.940070978855987	0.991010785592026
k__Bacteria.p__Bacteroidota.c__Bacteroidia.o__Bacteroidales.f__Marinifilaceae.g__Odoribacter	Genotype	HET	0.0342805203920929	0.534759471281406	51	51	0.949719214459494	0.994160985195187
k__Bacteria.p__Bacteroidota.c__Bacteroidia.o__Bacteroidales.f__Rikenellaceae.g__Rikenellaceae.RC9.gut.group	Site	Cecum	0.0224851387818906	0.339941906133686	51	48	0.947680509527486	0.994160985195187
k__Bacteria.p__Firmicutes.c__Clostridia.o__Oscillospirales.f__Oscillospiraceae.g__	Genotype	HET	-0.0570139287786141	0.905595705520304	51	51	0.950689369019563	0.994160985195187
k__Bacteria.p__Firmicutes.c__Clostridia.o__Oscillospirales.f__UCG.010.g__	Genotype	MUT	-0.0512432062819209	0.842566919369148	51	32	0.952350476472025	0.994160985195187
k__Bacteria.p__Firmicutes.c__Bacilli.o__Erysipelotrichales.f__Erysipelotrichaceae.g__	Genotype	MUT	0.0074863012482728	0.833044711833517	51	45	0.992953883765184	0.997703003075323
k__Bacteria.p__Firmicutes.c__Bacilli.o__Erysipelotrichales.f__Erysipelotrichaceae.g__Dubosiella	Site	Proximal_Colon	0.0196978377355765	0.465539513238188	51	21	0.966511948086582	0.997703003075323
k__Bacteria.p__Firmicutes.c__Bacilli.o__Erysipelotrichales.f__Erysipelotrichaceae.g__Turicibacter	Genotype	HET	0.0527577736657344	1.72883615524993	51	51	0.976060543859827	0.997703003075323
k__Bacteria.p__Firmicutes.c__Bacilli.o__Lactobacillales.f__Enterococcaceae.g__Enterococcus	Genotype	MUT	0.0101475415180181	0.753776433339222	51	17	0.989423276671301	0.997703003075323
k__Bacteria.p__Firmicutes.c__Bacilli.o__RF39.f__.g__	Genotype	MUT	-0.0420126219909295	0.811433634773179	51	44	0.959382107422594	0.997703003075323
k__Bacteria.p__Firmicutes.c__Clostridia.o__Christensenellales.f__Christensenellaceae.g__	Site	Proximal_Colon	0.00453388882320772	0.520143270590033	51	44	0.993099336050302	0.997703003075323
k__Bacteria.p__Firmicutes.c__Clostridia.o__Clostridia.UCG.014.f__.g__	Genotype	HET	-0.0121474113127939	0.510310101743888	51	51	0.98132041648271	0.997703003075323
k__Bacteria.p__Firmicutes.c__Clostridia.o__Clostridia.vadinBB60.group.f__.g__	Genotype	MUT	-0.0017996151890197	0.589785869243275	51	51	0.997606404810039	0.997703003075323
k__Bacteria.p__Firmicutes.c__Clostridia.o__Lachnospirales.f__Lachnospiraceae.g__A2	Genotype	HET	0.00224366970200918	0.766750589732695	51	51	0.997703003075323	0.997703003075323
k__Bacteria.p__Firmicutes.c__Clostridia.o__Lachnospirales.f__Lachnospiraceae.g__ASF356	Genotype	HET	0.00906281598080252	0.639687324409144	51	51	0.988877708153673	0.997703003075323
k__Bacteria.p__Firmicutes.c__Clostridia.o__Lachnospirales.f__Lachnospiraceae.g__Blautia	Genotype	HET	-0.0126310430430625	1.06402838078197	51	27	0.990683534694908	0.997703003075323
k__Bacteria.p__Firmicutes.c__Clostridia.o__Lachnospirales.f__Lachnospiraceae.g__Lachnospiraceae.UCG.006	Genotype	HET	-0.0224648579773902	0.720025502147626	51	51	0.975517558872982	0.997703003075323
k__Bacteria.p__Firmicutes.c__Clostridia.o__Monoglobales.f__Monoglobaceae.g__Monoglobus	Genotype	MUT	-0.0155187232492425	0.779009735863679	51	29	0.984369513759802	0.997703003075323
k__Bacteria.p__Firmicutes.c__Clostridia.o__Oscillospirales.f__Oscillospiraceae.g__UCG.003	Genotype	HET	0.00448369998833413	1.06563826040859	51	19	0.99669751037635	0.997703003075323
k__Bacteria.p__Firmicutes.c__Clostridia.o__Oscillospirales.f__Ruminococcaceae.g__Subdoligranulum	Genotype	MUT	-0.0222826612100983	0.732142833264145	51	13	0.976097340271291	0.997703003075323
k__Bacteria.p__Firmicutes.c__Clostridia.o__Peptostreptococcales.Tissierellales.f__Anaerovoracaceae.g__Family.XIII.UCG.001	Genotype	HET	0.0176125488205012	0.623068273087912	51	47	0.977837416713081	0.997703003075323
k__Bacteria.p__Proteobacteria.c__Gammaproteobacteria.o__Pseudomonadales.f__Pseudomonadaceae.g__Pseudomonas	Genotype	HET	-0.0396827523389844	1.80096925951471	51	48	0.982709937452044	0.997703003075323
k__Bacteria.p__Proteobacteria.c__Gammaproteobacteria.o__Pseudomonadales.f__Pseudomonadaceae.g__Pseudomonas	Genotype	MUT	0.00728540430582849	1.80342613211275	51	48	0.996829479626087	0.997703003075323
