MouseID,Genotype,Sex,Colon_Length
1457,HET,Female,5.2
1708,HET,Female,7.3
1471,HET,Female,6.8
1472,HET,Female,6.5
1475,HET,Female,6.5
1703,HET,Female,9.6
1709,HET,Female,9.8
1710,HET,Female,7.5
1711,MUT,Female,7.6
1714,MUT,Female,5.6
1721,MUT,Female,6.7
1728,MUT,Female,8.5
1745,MUT,Female,8
1467,WT,Female,6.9
1701,WT,Female,7.5
1704,WT,Female,7
1715,WT,Female,6.7
1722,WT,Female,7.7
1732,WT,Female,7
1736,WT,Female,6.9
1739,WT,Female,7.7
1470,HET,Male,7.6
1774,HET,Male,7.1
1718,HET,Male,7
1463,HET,Male,9.5
1733,HET,Male,8.5
1734,HET,Male,8.4
1742,HET,Male,8.3
1755,HET,Male,8.1
1756,HET,Male,7.5
1759,HET,Male,8.1
1509_1544,HET,Male,8.1
1512,HET,Male,6.5
1514,HET,Male,7.1
1508,HET,Male,6.3
1473,MUT,Male,8.8
1463,MUT,Male,7.6
1465,MUT,Male,8.6
1469,MUT,Male,5.8
1474,MUT,Male,7
1705,MUT,Male,7.5
1707,MUT,Male,9
1724,MUT,Male,9.2
1511,MUT,Male,8.2
1513,MUT,Male,7.2
1516,MUT,Male,8.1
1520,MUT,Male,7.9
1458,WT,Male,6.7
1460,WT,Male,8.4
1468,WT,Male,9
1466,WT,Male,7
1717,WT,Male,9.8
1726,WT,Male,7.4
1738,WT,Male,8.6
1772,WT,Male,9.5
1757,WT,Male,7
1510,WT,Male,7
1517,WT,Male,6.1
1519,WT,Male,6.5