OTU ID	SLCFP142	SLCFP143	SLCFP144	SLCFP148	SLCFP149	SLCFP150	SLCFP154	SLCFP155	SLCFP156	SLCFP160	SLCFP161	SLCFP162	SLCFP166	SLCFP167	SLCFP168	SLCFP172	SLCFP173	SLCFP174	SLCFP178	SLCFP179	SLCFP180	SLCFP004	SLCFP005	SLCFP006	SLCFP010	SLCFP011	SLCFP012	SLCFP016	SLCFP017	SLCFP018	SLCFP022	SLCFP023	SLCFP024	SLCFP028	SLCFP029	SLCFP030	SLCFP034	SLCFP035	SLCFP036	SLCFP040	SLCFP041	SLCFP042	SLCFP046	SLCFP047	SLCFP048	SLCFP052	SLCFP053	SLCFP054	SLCFP058	SLCFP059	SLCFP060	SLCFP064	SLCFP065	SLCFP066	SLCFP070	SLCFP071	SLCFP072	SLCFP076	SLCFP077	SLCFP078	SLCFP082	SLCFP083	SLCFP084	SLCFP088	SLCFP089	SLCFP090	SLCFP094	SLCFP095	SLCFP096	SLCFP100	SLCFP101	SLCFP102	SLCFP106	SLCFP107	SLCFP108	SLCFP112	SLCFP113	SLCFP114	SLCFP118	SLCFP119	SLCFP120	SLCFP124	SLCFP125	SLCFP126	SLCFP130	SLCFP131	SLCFP132	SLCFP136	SLCFP137	SLCFP138	taxonomy
k__Bacteria;p__Firmicutes;c__Bacilli;o__Lactobacillales;f__Lactobacillaceae;g__Ligilactobacillus	44432	41053	50938	5193	14746	20629	70593	73027	59967	2661	20041	30073	19074	13611	0	11393	91241	56637	1685582	8774	21120	8432	8344	9531	13263	6175	3136	3021	4917	4608	6910	2128	2802	7321	5001	2103	2672	8960	9925	76178	113208	38476	4343	8554	4039	20705	12450	2325	66798	20057	14063	13616	16702	7217	25948	34947	10473	123345	58615	42517	3362	3305	1926	20599	9706	9523	13410	57321	4555	18900	18624	10879	15430	47202	34140	1760	522	397	17431	46412	7405	3288	4352	2462	0	20418	9938	14664	10929	8481	
k__Bacteria;p__Bacteroidota;c__Bacteroidia;o__Bacteroidales;f__Muribaculaceae;g__	22319	68979	62511	58029	37006	43019	41971	50279	66539	52364	39222	137051	16264	71046	0	137030	76594	165164	22955	1312	36402	1295	6771	8707	4755	2999	460	2831	30976	36859	4041	14582	30488	5402	17984	25637	25177	20885	15848	7039	11344	14119	23702	22567	51553	23112	27135	41853	3229	3523	10850	9398	19846	29248	22318	27778	31129	3385	9528	43545	892	3733	5466	1456	12903	34622	1915	466	128	2633	5942	24853	1198	13875	10508	14203	12512	11944	10913	45747	24413	8649	27782	17591	0	43347	41718	42209	36319	79416	
k__Bacteria;p__Firmicutes;c__Bacilli;o__Lactobacillales;f__Lactobacillaceae;g__Lactobacillus	5032	15062	11666	16139	52961	674	13682	20700	8363	672	427	3660	42985	63716	0	296	1237	892	1334	254	377	25777	55547	33266	48571	77111	89643	16537	10603	8698	5311	3618	3782	6335	5323	4056	882	6356	5870	182	193	267	388	1531	818	15048	11782	3616	28728	22191	18808	17359	31436	19323	10505	15310	4976	12810	4748	5850	31239	85602	40286	82968	80589	52781	19147	47877	34724	2859	3381	6628	68	704	244	6683	2933	2634	6884	8474	1793	3633	5399	2762	0	8906	4267	219	202	817	
k__Bacteria;p__Firmicutes;c__Bacilli;o__Erysipelotrichales;f__Erysipelotrichaceae;g__Faecalibaculum	16348	42168	32256	4387	24871	32932	1677	2931	1130	739	30186	4786	18551	22612	1	4416	95867	29228	2715	348	26160	403	508	742	609	518	531	190	969	912	28031	21309	21297	30411	37218	13223	2064	27000	28941	80	140	250	85	150	371	347	332	332	132	75	90	4036	14738	4748	622	738	236	84	61	169	56	127	65	87	137	136	252	1374	64	5677	4415	3928	164	925	317	158	96	865	189	288	92	30778	35343	31298	0	215	110	237	136	327	
k__Bacteria;p__Firmicutes;c__Bacilli;o__Erysipelotrichales;f__Erysipelotrichaceae;g__Turicibacter	68692	29171	8717	21839	3117	5945	86363	28132	29855	6539	4982	9089	56826	488	0	4211	21027	8999	4456	262	4633	0	21	13	23	36	13	0	0	20	2416	777	459	2719	2667	2283	1043	1109	1401	16	0	54	1048	844	1116	33	21	0	34	36	27	612	627	473	1073	694	811	14	9	43	11289	525	1077	36	21	27	15	21	8	0	0	264	0	40	75	1890	909	1110	464	230	2232	0	14	11	0	0	14	61	26	96	
k__Bacteria;p__Firmicutes;c__Bacilli;o__Lactobacillales;f__Lactobacillaceae;g__HT002	3555	8500	8354	415	814	1523	4425	5481	3749	191	1222	1945	11067	13682	0	131	802	853	567	284	1307	3821	12150	10073	8611	17491	19546	5985	3195	2360	3229	2215	2871	5101	5923	6113	663	3835	3058	99	55	253	89	296	229	10288	8087	3126	19305	15516	16309	5662	13458	10310	6258	7776	4246	1789	1648	2780	5530	12176	9142	13684	14651	13327	5524	27292	16080	1356	1772	4557	1062	6612	1779	1934	836	926	1878	2237	620	303	538	395	0	2756	2746	9525	9131	12200	
k__Bacteria;p__Firmicutes;c__Clostridia;o__Lachnospirales;f__Lachnospiraceae;g__Lachnospiraceae UCG-006	4939	5776	5637	8505	9355	993	6130	8389	4504	12441	1083	27752	4418	1993	0	1451	320	324	629	13	883	406	624	806	687	381	294	329	7252	7384	414	488	673	427	645	579	5704	405	389	1733	4667	2335	5708	8094	6706	4200	8941	3771	388	213	290	160	444	203	4980	3875	3078	112	118	371	65	159	112	30	378	319	786	107	20	152	125	306	2746	20579	7456	771	297	205	417	900	247	191	620	233	0	7501	6490	6527	9690	7638	
k__Bacteria;p__Desulfobacterota;c__Desulfovibrionia;o__Desulfovibrionales;f__Desulfovibrionaceae;g__Desulfovibrio	3974	9285	8317	4610	26450	5399	3495	10926	3787	3224	4850	28303	10860	18749	0	3644	12385	5500	33218	123	4500	164	511	480	286	152	341	159	2067	1152	471	1235	985	481	1562	1035	603	897	629	224	853	504	592	1030	201	1142	1698	1360	353	187	167	103	428	191	1009	1043	864	1099	794	2103	73	168	213	656	4891	11648	74	29	0	161	303	455	524	6992	1350	1475	509	786	1469	1922	435	554	465	613	0	3290	818	3506	2593	15630	
k__Bacteria;p__Verrucomicrobiota;c__Verrucomicrobiae;o__Verrucomicrobiales;f__Akkermansiaceae;g__Akkermansia	2517	7629	2142	14860	47859	117	3327	4065	2192	6136	81	5527	4165	741	0	38	98	251	164	946	63	7	15	20	18	0	0	13	153	72	45	171	269	38	29	43	177	112	177	13	20	0	121	273	115	691	723	483	167	160	414	24	168	84	2123	1683	475	6	0	12	0	7	0	0	0	12	8	8	0	29	18	31	2	18	13	121	61	50	19	53	17	577	1562	191	0	57	44	16	11	66	
k__Bacteria;p__Firmicutes;c__Clostridia;o__Clostridiales;f__Clostridiaceae;g__Candidatus Arthromitus	78	197	67	17	30	49	23	19	25	15	45	23	35	29	0	18	27	20	75	0	40	50	97	15	168	32	11	3	24	35	13	0	75	207	10	7	46	12	11	754	527	0	21	50	13	130	152	29	188	26	20	471	114	9	160	215	15	30	16	0	2699	344	7	22	22	20	12	15	0	8	5	0	14	18	16	35	0	4	200	50	6	112	45	3	0	681	47	1344	277	40	
k__Bacteria;p__Proteobacteria;c__Gammaproteobacteria;o__Pseudomonadales;f__Pseudomonadaceae;g__Pseudomonas	0	13	6	5	6	8	0	0	10	0	6	6	8	9	0	0	8	5	28	284	0	116	174	141	219	164	152	87	284	239	210	180	188	232	289	223	168	244	246	201	297	162	147	205	178	304	311	193	265	119	109	172	253	179	274	284	208	286	199	226	193	207	126	227	272	383	133	232	66	104	81	127	81	428	229	194	105	103	234	432	202	157	253	139	3	359	224	291	266	429	
k__Bacteria;p__Bacteroidota;c__Bacteroidia;o__Bacteroidales;f__Muribaculaceae;g__Muribaculum	947	3959	3292	3966	769	1304	1446	1437	1507	2705	1200	3538	404	1844	0	5406	1483	4955	169	64	1170	19	278	348	264	192	56	73	991	1380	88	273	672	69	387	688	1222	643	355	216	208	405	1036	1765	1568	418	848	1250	68	0	153	150	616	1243	603	1010	714	40	199	1505	23	106	149	0	207	637	68	24	0	67	529	869	60	364	455	334	360	385	280	683	594	153	479	385	0	1909	1612	1277	1671	3355	
k__Bacteria;p__Actinobacteriota;c__Coriobacteriia;o__Coriobacteriales;f__Atopobiaceae;g__Coriobacteriaceae UCG-002	5444	10827	6991	1539	8297	89	2257	4405	1425	254	50	1893	5591	6310	0	788	6920	3204	6014	0	23	497	806	611	693	403	366	708	1280	1123	951	603	468	1622	2268	881	1433	734	1176	11	26	33	2491	3512	821	675	785	423	72	25	19	1205	1578	630	246	246	98	22	9	45	0	28	13	19	5	26	0	60	0	17	27	169	38	184	64	1394	308	524	920	864	281	204	306	202	0	1941	418	179	91	194	
k__Bacteria;p__Firmicutes;c__Clostridia;o__Lachnospirales;f__Lachnospiraceae;g__	854	2699	1251	20443	6023	6030	2318	2459	1159	11807	5800	5581	2877	2154	0	13073	2378	1198	4535	518	5487	72	99	169	200	178	45	40	1279	1428	574	259	472	524	964	642	783	468	400	384	1323	467	682	1080	313	1655	3340	1309	146	33	119	55	221	45	1349	705	757	263	300	767	23	280	68	191	2002	2411	1444	113	17	46	35	273	693	6186	2232	1534	663	475	732	2162	629	73	166	73	0	1829	1297	753	1480	2012	
k__Bacteria;p__Actinobacteriota;c__Actinobacteria;o__Bifidobacteriales;f__Bifidobacteriaceae;g__Bifidobacterium	4234	6497	7296	603	4610	76	4017	5156	5987	245	98	2932	3954	12533	0	1197	39180	13083	4444	489	65	242	257	200	370	213	186	483	298	132	182	84	0	414	314	87	99	275	209	0	0	0	236	276	61	410	345	126	0	0	0	0	0	0	74	98	31	0	0	0	0	0	0	0	0	0	0	0	0	0	0	5	0	6	0	42	0	15	1610	2085	381	0	0	0	0	460	92	0	0	4	
k__Bacteria;p__Firmicutes;c__Bacilli;o__Staphylococcales;f__Staphylococcaceae;g__Staphylococcus	0	0	17	0	13	8	0	0	18	0	0	13	24	22	0	0	41	26	1530	43	18	177	212	291	260	19	126	61	428	394	269	358	119	601	1031	418	78	805	568	0	7	24	0	0	7	14	12	8	0	0	11	14	12	5	0	0	0	3478	1038	416	0	0	0	0	14	9	0	0	0	0	0	0	0	7	55	0	0	0	0	5	0	5	10	0	0	21	0	0	0	0	
k__Bacteria;p__Proteobacteria;c__Gammaproteobacteria;o__Burkholderiales;f__Sutterellaceae;g__Parasutterella	468	7661	4159	1936	76	662	469	168	1369	1322	587	2582	315	2571	0	4660	368	4909	197	0	537	0	644	486	130	479	235	98	888	768	52	453	686	40	343	907	322	329	83	334	903	626	158	258	336	99	250	549	76	47	128	93	1066	569	35	442	251	0	0	144	0	32	43	0	67	140	146	60	15	39	416	515	36	612	276	173	94	379	141	357	302	108	1223	911	0	1638	689	165	361	1122	
k__Bacteria;p__Firmicutes;c__Clostridia;o__Lachnospirales;f__Lachnospiraceae;g__Lachnoclostridium	477	730	611	5467	5376	1863	640	806	304	4865	1820	5898	1343	485	0	2703	832	456	1003	0	1681	94	175	220	215	49	47	58	1755	1299	226	394	346	394	503	477	1193	433	510	285	698	262	910	1452	469	1230	2344	1038	64	44	50	54	212	59	1476	1065	964	199	216	511	60	107	48	217	3651	3634	619	0	0	91	84	513	1366	10689	2970	2737	1196	653	889	1880	591	269	676	292	0	1147	845	944	1749	2240	
k__Bacteria;p__Firmicutes;c__Clostridia;o__Lachnospirales;f__Lachnospiraceae;g__Lachnospiraceae UCG-001	75	774	132	677	167	80	48	84	61	111	53	79	239	318	0	345	43	27	223	0	59	6	15	22	15	12	0	0	0	5	36	0	0	22	24	10	17	15	31	0	16	0	0	0	0	0	29	0	10	0	0	14	0	0	80	50	55	58	31	54	0	32	6	18	133	148	799	18	0	0	0	6	11	126	68	63	18	7	204	472	159	0	0	0	0	0	7	29	39	36	
k__Bacteria;p__Firmicutes;c__Clostridia;o__Lachnospirales;f__Lachnospiraceae;g__Lachnospiraceae NK4A136 group	190	2067	247	9283	307	18172	510	628	377	4715	16636	404	512	455	0	9921	282	354	767	0	15112	24	0	32	41	88	0	34	183	300	75	25	19	12	52	10	55	63	27	96	178	34	56	62	21	103	158	35	45	0	0	48	140	31	52	71	32	255	158	192	20	57	13	50	153	223	383	15	0	0	0	23	27	391	209	143	41	104	101	200	65	8	0	0	0	86	73	127	155	184	
k__Bacteria;p__Bacteroidota;c__Bacteroidia;o__Bacteroidales;f__Rikenellaceae;g__Alistipes	0	95	13	1743	11	1700	17	10	42	1519	1650	278	59	18	0	1343	33	66	52	0	1464	0	0	0	0	12	0	0	19	75	5	0	0	0	0	0	5	8	0	0	0	0	0	0	13	0	25	4	20	0	0	4	8	0	0	7	6	10	5	14	4	6	0	0	31	34	230	0	0	0	0	0	0	15	16	10	5	0	3	17	0	0	0	6	0	11	12	3	0	0	
k__Bacteria;p__Firmicutes;c__Clostridia;o__Lachnospirales;f__Lachnospiraceae;g__ASF356	35	205	56	2210	12	113	0	0	20	897	91	36	29	22	0	505	11	11	51	0	130	0	0	0	9	6	0	0	16	29	0	0	0	0	8	10	0	0	0	0	0	0	0	0	0	10	11	5	12	0	10	8	21	7	18	17	13	27	20	22	0	30	0	0	0	27	181	8	3	0	4	0	0	0	5	13	0	0	9	16	8	0	8	0	0	14	8	15	16	0	
k__Bacteria;p__Firmicutes;c__Clostridia;o__Clostridia UCG-014;f__;g__	310	699	219	5353	366	32	216	197	67	3578	32	934	172	69	0	835	31	55	268	0	8	16	25	39	40	13	11	0	279	225	47	37	26	89	135	72	88	66	56	439	1039	230	126	130	66	117	372	96	26	0	19	0	11	0	97	27	17	20	0	12	0	0	7	0	79	97	179	70	0	6	0	20	0	63	0	248	138	107	123	323	209	66	81	44	0	259	177	284	448	462	
k__Bacteria;p__Firmicutes;c__Clostridia;o__Lachnospirales;f__Lachnospiraceae;g__Roseburia	0	26	0	1093	0	1628	0	0	0	772	1552	19	17	0	0	635	14	10	119	5	1527	7	0	11	0	13	0	0	49	191	58	0	0	0	0	0	18	0	0	31	93	0	48	64	11	27	90	8	62	12	20	0	0	0	18	8	0	27	22	44	0	34	0	84	171	232	427	12	0	0	9	0	48	333	74	12	0	0	35	141	51	0	0	0	0	0	0	0	5	13	
k__Bacteria;p__Firmicutes;c__Clostridia;o__Lachnospirales;f__Lachnospiraceae;g__Marvinbryantia	71	191	125	728	253	512	209	322	148	944	504	775	274	321	0	808	428	92	70	0	434	24	37	78	73	18	25	38	676	422	50	180	64	176	352	235	156	328	188	108	741	262	149	475	101	56	116	101	0	0	0	31	53	0	0	21	11	0	0	17	0	28	0	20	411	522	196	43	0	0	77	214	201	1784	537	591	303	304	390	1097	403	16	102	46	0	198	123	71	366	501	
k__Bacteria;p__Bacteroidota;c__Bacteroidia;o__Bacteroidales;f__Bacteroidaceae;g__Bacteroides	38	501	324	1835	68	696	46	46	516	1719	618	414	301	68	0	1521	90	1006	407	348	547	0	0	5	0	10	0	0	11	42	9	0	0	3	0	6	0	0	0	0	0	0	0	0	5	0	30	8	17	0	0	0	0	0	0	0	6	0	0	0	0	19	4	0	0	11	62	0	0	0	0	8	0	8	14	0	0	0	0	7	0	0	0	0	0	0	15	0	0	0	
k__Bacteria;p__Firmicutes;c__Clostridia;o__Oscillospirales;f__Oscillospiraceae;g__	0	105	0	745	14	800	14	15	7	607	774	62	16	0	0	676	10	13	61	0	651	0	0	0	0	0	0	0	0	21	12	0	6	0	0	0	0	0	0	38	26	7	26	0	0	10	20	0	0	11	0	0	0	0	6	13	0	6	0	0	0	0	0	20	29	34	35	7	0	0	0	0	0	58	16	10	0	0	18	26	0	14	0	0	0	19	0	10	14	31	
k__Bacteria;p__Firmicutes;c__Clostridia;o__Clostridia vadinBB60 group;f__;g__	11	73	24	4092	24	675	3	10	9	2149	690	282	27	9	0	703	7	22	66	111	639	0	0	5	7	18	0	0	3	3	0	3	0	0	0	0	0	0	3	0	0	0	0	0	0	0	3	0	0	0	0	0	0	0	5	3	0	0	0	0	0	10	0	0	12	12	321	0	0	0	0	0	0	6	0	0	0	0	0	0	0	0	0	0	0	0	0	0	0	0	
k__Bacteria;p__Bacteroidota;c__Bacteroidia;o__Bacteroidales;f__Tannerellaceae;g__Parabacteroides	22	210	229	2294	35	148	31	8	440	605	130	109	247	39	0	264	14	826	214	177	125	0	0	0	0	0	0	0	17	40	19	0	0	0	0	0	0	0	0	0	0	0	0	5	0	0	21	0	0	0	17	0	0	0	0	0	0	0	0	0	0	0	0	0	0	0	24	0	0	0	0	0	0	0	0	0	0	0	0	0	0	0	0	0	0	4	0	0	0	0	
k__Bacteria;p__Firmicutes;c__Clostridia;o__Oscillospirales;f__[Eubacterium] coprostanoligenes group;g__	14	80	22	695	79	112	10	0	22	407	93	47	25	0	0	586	11	43	39	245	94	4	3	5	6	16	0	7	45	51	21	10	2	8	22	21	21	20	15	20	126	14	34	89	0	3	28	32	18	3	7	0	20	0	46	8	21	0	0	4	0	7	0	0	6	7	38	8	0	0	7	21	0	28	12	40	41	56	0	0	0	8	28	24	0	29	10	0	0	0	
k__Bacteria;p__Firmicutes;c__Bacilli;o__Lactobacillales;f__Streptococcaceae;g__Streptococcus	116	121	251	45	196	114	191	223	1771	14	152	687	398	300	0	29	3230	1816	1205	246	75	44	186	227	34	0	103	89	101	63	275	182	119	322	268	71	42	143	166	84	94	112	0	26	20	50	10	0	19	25	8	25	143	38	58	19	35	79	9	34	9	0	0	51	129	67	0	22	11	5	0	96	9	140	1669	28	8	0	51	100	14	0	0	29	0	99	25	27	26	61	
k__Bacteria;p__Firmicutes;c__Clostridia;o__Lachnospirales;f__Lachnospiraceae;g__Lachnospiraceae FCS020 group	12	77	19	1398	36	200	44	84	38	108	232	297	45	23	0	18	0	14	45	0	204	0	0	0	10	0	0	12	43	13	0	0	10	0	5	8	22	0	0	32	26	0	33	60	37	21	51	8	0	0	0	0	11	0	54	0	0	0	0	0	0	0	5	13	91	0	0	0	0	0	0	0	5	72	0	49	0	0	25	77	30	10	27	16	0	16	11	0	47	92	
k__Bacteria;p__Firmicutes;c__Clostridia;o__Peptococcales;f__Peptococcaceae;g__	17	60	12	669	11	133	16	8	14	743	98	66	29	9	0	342	10	19	20	0	100	0	5	0	0	5	0	0	22	44	12	0	0	0	0	0	0	0	4	0	0	0	0	0	0	0	10	0	3	0	0	0	0	0	0	0	0	0	0	0	0	0	0	0	0	0	25	0	0	0	0	0	0	0	0	5	0	0	0	0	0	0	0	0	0	8	0	0	0	3	
k__Bacteria;p__Firmicutes;c__Clostridia;o__Lachnospirales;f__Lachnospiraceae;g__Lachnospiraceae AC2044 group	0	0	16	40	0	0	0	0	22	0	0	0	51	42	0	2349	21	62	49	0	0	0	0	0	0	0	0	0	0	0	0	0	0	0	0	0	0	0	0	0	0	0	0	0	0	0	0	0	0	0	0	0	0	0	0	0	0	0	0	13	21	0	0	0	9	0	64	31	0	0	0	0	0	23	0	0	0	0	20	62	0	0	0	0	0	0	0	0	6	0	
k__Bacteria;p__Firmicutes;c__Clostridia;o__Lachnospirales;f__Lachnospiraceae;g__A2	0	62	10	1004	13	596	13	5	0	726	557	32	0	0	0	108	0	0	11	148	532	16	10	15	23	14	0	31	129	65	12	0	0	0	0	0	0	0	0	0	28	0	7	39	5	11	21	13	14	0	0	0	0	0	215	40	148	0	0	0	0	0	0	0	0	0	34	0	0	0	0	22	40	334	44	90	29	44	190	1155	1505	0	17	18	0	40	21	22	39	62	
k__Bacteria;p__Proteobacteria;c__Gammaproteobacteria;o__Enterobacterales;f__Enterobacteriaceae;g__Escherichia-Shigella	60	99	58	1002	75	161	57	50	60	45	151	77	50	52	0	40	88	68	212	888	133	17	28	23	4	0	42	0	6	12	0	0	0	0	0	0	0	0	0	0	0	0	7	5	0	6	0	0	7	13	10	0	0	0	0	0	0	0	0	0	0	0	0	0	0	0	0	0	0	0	0	6	0	6	3	0	0	0	0	0	0	0	0	0	0	0	0	0	0	7	
k__Bacteria;p__Firmicutes;c__Clostridia;o__Oscillospirales;f__Oscillospiraceae;g__Colidextribacter	0	221	0	1382	6	785	19	0	29	978	695	157	60	0	0	857	25	75	0	0	661	0	0	0	13	6	0	0	0	41	14	0	0	7	0	0	0	11	0	0	25	0	0	0	0	0	33	0	0	0	0	11	0	0	11	13	0	0	0	17	0	0	0	0	13	0	93	14	0	0	0	0	0	68	0	23	0	0	17	42	9	0	0	0	0	0	30	0	0	15	
k__Bacteria;p__Bacteroidota;c__Bacteroidia;o__Bacteroidales;f__Rikenellaceae;g__Rikenellaceae RC9 gut group	10	377	100	2224	34	371	0	20	148	365	362	179	96	16	0	278	41	290	100	0	317	0	0	0	0	0	0	0	0	14	0	0	0	0	0	0	0	0	0	0	0	0	0	0	0	0	0	3	0	0	0	0	0	0	0	0	0	0	0	0	0	0	0	0	0	0	9	0	0	0	0	0	0	0	0	0	0	0	0	0	0	0	0	0	0	0	0	0	0	0	
k__Bacteria;p__Firmicutes;c__Bacilli;o__Lactobacillales;f__Lactobacillaceae;g__	0	0	0	0	0	0	0	0	0	0	0	0	0	0	0	0	0	0	34	0	0	0	0	0	0	0	0	0	0	0	0	0	0	0	0	0	0	0	0	0	0	0	0	0	0	0	0	0	0	0	0	0	0	0	0	0	0	488	367	511	1370	3087	2234	3123	3198	2892	0	0	0	0	0	0	0	0	0	0	0	0	0	0	0	0	0	0	0	0	0	0	0	0	
k__Bacteria;p__Firmicutes;c__Clostridia;o__Clostridiales;f__Clostridiaceae;g__Clostridium sensu stricto 1	15	0	0	10	0	0	17	0	27	0	14	16	0	12	0	0	19	11	62	221	16	0	0	0	0	0	0	0	0	0	0	6	0	3	0	0	351	0	0	0	0	12	1317	1121	564	0	0	0	18	0	22	5	8	7	1576	1521	2558	7	0	0	0	0	0	0	0	0	0	0	0	0	0	0	0	0	0	0	0	0	0	0	0	0	0	0	0	7	0	0	0	0	
k__Bacteria;p__Firmicutes;c__Bacilli;o__Lactobacillales;f__Enterococcaceae;g__Enterococcus	0	0	0	6	0	36	0	8	0	0	47	0	0	0	0	0	31	18	82	0	31	0	38	21	0	0	63	0	0	0	0	0	0	0	0	0	0	0	0	0	0	0	10	49	47	24	0	0	24	25	25	0	0	0	0	0	0	0	0	0	0	0	0	0	0	11	0	0	0	0	0	0	0	0	0	8	0	0	0	0	0	0	0	0	0	0	0	0	0	0	
k__Bacteria;p__Firmicutes;c__Clostridia;o__Oscillospirales;f__Butyricicoccaceae;g__Butyricicoccus	9	129	18	367	11	384	32	64	30	283	356	206	33	12	0	1060	22	20	27	283	292	0	0	0	0	0	0	0	15	23	10	0	0	0	0	0	14	0	6	61	142	50	13	29	10	35	44	16	0	0	0	4	8	0	0	10	0	6	12	51	0	0	0	15	110	107	49	0	0	0	0	0	30	182	50	10	0	0	0	9	0	0	4	0	0	24	19	6	5	0	
k__Bacteria;p__Firmicutes;c__Bacilli;o__Erysipelotrichales;f__Erysipelatoclostridiaceae;g__Erysipelatoclostridium	0	86	24	713	157	6	52	72	32	356	0	163	23	0	0	110	53	68	92	0	0	0	0	0	3	0	0	0	0	4	0	0	0	11	12	13	9	3	7	0	14	7	12	69	5	0	24	21	0	0	0	0	23	0	6	0	5	0	0	0	0	0	0	0	0	0	10	0	0	9	13	28	0	8	0	9	12	6	0	15	0	9	55	11	0	23	7	0	8	26	
k__Bacteria;p__Bacteroidota;c__Bacteroidia;o__Bacteroidales;f__Rikenellaceae;g__Rikenella	0	10	0	605	8	44	3	2	13	927	43	41	9	0	0	578	0	19	7	0	30	0	0	0	0	5	0	0	16	44	0	0	0	0	0	0	0	0	0	0	0	0	0	0	0	0	0	0	0	0	0	0	0	0	0	0	0	0	0	0	0	3	0	0	0	0	13	0	0	0	0	0	0	0	0	0	0	0	0	0	0	0	0	0	0	0	0	0	0	0	
k__Bacteria;p__Firmicutes;c__Clostridia;o__Oscillospirales;f__Oscillospiraceae;g__Oscillibacter	0	67	26	890	23	674	30	37	34	888	613	99	33	17	0	292	33	19	85	0	560	0	0	0	5	8	0	0	8	20	0	0	0	0	0	4	0	0	0	11	18	0	0	9	0	28	75	13	0	5	6	4	16	0	21	14	13	0	0	0	0	0	0	0	11	0	65	0	0	0	0	0	0	31	0	10	0	8	19	52	0	0	0	3	0	0	0	0	9	30	
k__Bacteria;p__Firmicutes;c__Clostridia;o__Lachnospirales;f__Lachnospiraceae;g__Dorea	0	0	0	1113	1073	249	99	69	0	572	235	217	175	0	0	495	147	21	182	0	214	0	0	0	0	0	0	0	0	0	0	0	0	0	0	0	0	0	0	0	0	0	0	0	0	0	0	0	0	0	0	0	0	0	0	0	0	0	0	0	0	0	0	0	0	0	0	0	0	0	0	0	0	0	0	0	0	0	0	0	0	0	0	0	0	0	0	0	0	0	
k__Bacteria;p__Proteobacteria;c__Alphaproteobacteria;o__Sphingomonadales;f__Sphingomonadaceae;g__Sphingobium	0	0	0	0	0	0	0	0	0	0	0	0	0	0	0	0	0	0	0	0	0	39	44	65	57	50	40	27	89	61	67	51	61	69	98	59	43	83	77	63	116	51	46	80	51	96	111	67	72	51	43	32	79	53	84	81	62	91	60	101	59	62	49	92	83	128	60	81	25	31	26	42	27	149	60	61	35	34	84	135	69	37	75	54	0	100	68	104	80	127	
k__Bacteria;p__Firmicutes;c__Clostridia;o__Lachnospirales;f__Lachnospiraceae;g__Anaerostipes	0	32	19	2412	104	44	0	21	0	0	22	114	21	0	0	10	0	8	51	0	33	5	9	11	0	0	5	11	50	27	7	7	4	3	0	0	0	4	6	0	0	0	0	0	4	0	0	0	0	0	0	0	0	0	15	22	12	0	0	0	0	0	0	0	0	0	0	0	0	0	0	13	0	0	0	60	18	25	32	80	66	7	0	0	0	6	0	0	0	0	
k__Bacteria;p__Actinobacteriota;c__Coriobacteriia;o__Coriobacteriales;f__Eggerthellaceae;g__Enterorhabdus	549	786	807	347	1020	383	497	875	445	175	380	1400	994	1219	0	349	1011	651	5640	0	349	11	25	7	0	0	0	11	109	40	37	67	42	42	132	77	157	70	76	32	57	50	182	336	94	192	280	163	12	7	0	23	63	32	49	34	6	125	76	100	12	14	10	70	61	118	0	0	0	25	20	23	38	411	58	139	31	57	96	114	18	26	20	18	0	301	74	218	103	297	
k__Bacteria;p__Firmicutes;c__Clostridia;o__Oscillospirales;f__Ruminococcaceae;g__Incertae Sedis	62	218	63	618	133	156	101	136	59	376	218	458	64	48	0	200	16	43	179	55	149	3	12	15	14	14	0	7	120	59	21	13	21	29	63	45	17	16	26	28	137	54	14	67	7	88	138	132	11	0	0	0	15	0	54	41	32	0	6	36	0	10	0	0	142	181	42	0	0	0	0	13	26	266	28	90	60	64	43	167	59	0	0	0	0	135	69	27	75	215	
k__Bacteria;p__Bacteroidota;c__Bacteroidia;o__Bacteroidales;f__Marinifilaceae;g__Odoribacter	2	12	0	313	3	598	0	0	4	302	614	15	2	2	0	485	0	20	11	0	538	0	0	0	0	0	0	0	0	4	0	0	0	0	0	0	0	0	0	0	0	0	0	0	0	0	0	2	0	0	2	0	0	0	0	0	0	0	0	4	0	0	0	0	0	0	49	0	0	0	0	0	0	0	0	0	0	0	0	0	0	0	0	0	0	0	0	0	0	0	
k__Bacteria;p__Firmicutes;c__Clostridia;o__Oscillospirales;f__Ruminococcaceae;g__	0	38	3	378	6	395	0	6	10	326	375	48	17	0	0	454	4	15	17	0	384	0	0	0	0	0	0	0	0	0	0	0	0	0	0	0	0	0	0	0	0	0	0	0	0	0	17	0	0	0	0	0	0	0	0	0	0	0	0	0	0	0	0	0	0	0	33	0	0	0	0	0	0	0	0	0	0	0	0	0	0	0	0	0	0	0	0	0	0	0	
k__Bacteria;p__Desulfobacterota;c__Desulfovibrionia;o__Desulfovibrionales;f__Desulfovibrionaceae;g__Bilophila	20	166	35	166	15	73	10	12	26	141	78	172	36	4	0	94	9	15	20	0	68	0	0	4	0	4	0	0	48	76	8	15	21	0	10	6	27	15	13	11	12	9	33	0	8	17	23	30	5	0	0	5	0	10	0	3	7	0	0	0	0	0	0	0	0	0	22	0	0	0	0	0	0	0	8	0	4	6	6	11	16	0	0	0	0	29	19	5	11	40	
k__Bacteria;p__Firmicutes;c__Clostridia;o__Oscillospirales;f__Oscillospiraceae;g__Intestinimonas	25	486	48	1070	14	525	0	8	0	663	468	129	10	0	0	832	4	32	0	0	512	0	0	0	0	0	3	0	49	14	0	6	0	0	12	0	0	0	0	0	21	0	0	0	0	0	21	0	0	0	13	0	0	0	0	17	13	0	8	19	0	17	0	0	35	34	76	0	0	0	0	9	13	102	40	30	0	0	6	32	11	0	16	0	0	17	0	16	26	39	
k__Bacteria;p__Firmicutes;c__Bacilli;o__Acholeplasmatales;f__Acholeplasmataceae;g__Anaeroplasma	10	30	15	128	0	186	0	0	0	110	186	0	3	0	0	117	0	0	10	0	134	0	0	0	0	0	0	0	0	0	0	0	0	0	0	0	0	0	0	0	0	0	0	0	0	0	0	0	0	0	2	0	3	0	0	0	0	0	0	0	0	0	0	0	0	0	70	0	0	0	0	0	0	0	0	0	0	0	0	0	0	0	0	0	0	0	0	0	0	0	
k__Bacteria;p__Firmicutes;c__Clostridia;o__Lachnospirales;f__Lachnospiraceae;g__GCA-900066575	18	143	13	1476	71	173	12	12	14	1532	125	123	109	0	0	557	14	13	71	0	183	0	0	0	0	0	0	0	14	10	0	0	0	0	0	0	0	0	0	0	0	0	0	0	0	17	37	12	0	0	0	0	0	0	38	27	11	0	0	0	0	0	0	0	5	0	22	0	0	0	0	4	0	49	0	33	0	0	24	56	6	0	0	0	0	0	0	0	0	27	
k__Bacteria;p__Firmicutes;c__Clostridia;o__Oscillospirales;f__Ruminococcaceae;g__Ruminococcus	0	49	21	351	0	57	16	30	21	11	21	28	36	25	0	142	37	38	61	213	55	0	0	0	0	5	0	0	18	0	0	0	0	0	0	0	0	0	0	0	0	0	0	0	0	0	3	0	0	0	0	0	0	0	4	0	0	0	0	0	0	0	0	2	0	15	12	0	0	0	0	0	0	5	8	0	0	8	0	0	6	0	0	0	0	0	0	0	0	0	
k__Bacteria;p__Cyanobacteria;c__Vampirivibrionia;o__Gastranaerophilales;f__;g__	11	168	17	182	42	225	4	12	10	45	217	67	15	5	0	139	21	21	28	0	195	0	0	0	0	0	0	0	0	0	0	3	0	0	0	7	0	0	0	0	0	0	0	5	0	0	0	0	0	0	5	0	0	0	0	0	0	0	0	0	0	0	0	0	0	0	0	0	0	0	0	0	0	0	2	4	0	0	0	11	0	0	0	0	0	3	0	0	0	0	
k__Bacteria;p__Firmicutes;c__Clostridia;o__Lachnospirales;f__Lachnospiraceae;g__[Eubacterium] xylanophilum group	6	11	13	318	119	2146	54	140	5	103	2135	55	16	0	0	78	0	0	14	207	1894	0	0	0	16	7	0	0	133	53	0	23	0	4	7	0	9	49	33	0	0	0	0	0	0	0	0	0	0	0	0	0	0	0	72	55	60	0	0	0	0	0	0	0	98	148	28	0	0	0	0	36	26	115	15	89	65	66	31	205	161	0	24	0	0	18	0	0	0	17	
k__Bacteria;p__Firmicutes;c__Clostridia;o__Lachnospirales;f__Lachnospiraceae;g__Lachnospiraceae UCG-004	23	59	21	169	0	23	0	0	0	129	20	0	0	0	0	217	0	14	39	231	29	0	0	0	0	0	0	0	0	0	0	0	0	0	0	0	0	0	0	0	21	0	0	0	0	0	11	0	0	0	0	0	0	0	23	21	0	0	0	0	0	0	0	19	24	15	0	0	0	0	0	0	0	0	0	12	0	0	0	17	0	0	0	0	0	16	0	0	0	0	
k__Bacteria;p__Firmicutes;c__Clostridia;o__Oscillospirales;f__Ruminococcaceae;g__Anaerotruncus	0	0	0	227	0	199	0	5	6	188	165	0	0	4	0	16	0	0	0	0	181	0	0	0	0	7	0	0	0	0	0	0	0	0	0	0	0	0	0	0	0	0	0	0	0	0	0	0	0	0	0	0	0	0	0	0	0	0	0	0	0	0	0	0	0	0	0	0	0	0	0	0	0	0	0	0	0	0	0	0	0	0	0	0	0	0	0	0	0	0	
k__Bacteria;p__Firmicutes;c__Bacilli;o__Erysipelotrichales;f__Erysipelotrichaceae;g__	0	25	3	635	48	24	15	25	4	248	27	115	13	13	0	225	14	37	20	0	24	0	0	0	0	0	0	0	33	20	0	0	0	0	0	0	0	0	0	0	13	0	0	8	2	0	0	0	0	0	0	3	0	0	6	4	0	0	0	8	2	5	0	0	4	19	0	0	0	0	4	0	0	0	0	0	0	0	12	37	11	0	4	3	0	0	0	0	0	0	
k__Bacteria;p__Firmicutes;c__Bacilli;o__Lactobacillales;f__Listeriaceae;g__Listeria	0	0	0	0	0	50	0	0	0	0	46	0	0	0	0	0	0	0	0	350	49	32	35	25	30	38	0	12	38	24	78	21	48	34	33	22	12	31	25	25	38	15	15	19	21	44	33	20	35	25	22	26	198	132	25	34	22	50	32	40	40	36	23	46	39	47	25	44	20	15	0	6	0	46	25	22	14	0	33	58	14	18	26	16	0	38	13	24	26	39	
k__Bacteria;p__Firmicutes;c__Clostridia;o__Peptostreptococcales-Tissierellales;f__Peptostreptococcaceae;g__Romboutsia	8	0	0	0	0	16	0	9	0	0	0	0	0	0	0	0	15	9	0	1021	16	0	0	0	0	0	0	0	0	0	0	0	0	0	0	0	0	0	0	0	0	0	0	0	0	0	0	0	0	0	0	0	0	0	0	0	0	0	0	0	0	0	0	0	0	0	0	0	0	0	0	0	0	0	0	0	0	0	0	0	0	0	0	0	0	0	0	0	0	0	
k__Bacteria;p__Firmicutes;c__Clostridia;o__Lachnospirales;f__Lachnospiraceae;g__Acetatifactor	0	29	0	129	11	96	0	0	6	186	92	23	0	0	0	276	0	0	43	0	87	0	0	0	0	0	0	0	0	0	0	0	0	0	0	0	0	0	0	0	0	0	0	0	0	17	21	0	0	0	0	8	0	0	0	0	0	0	0	0	0	0	0	0	9	16	16	0	0	0	0	0	0	31	0	0	0	0	0	14	0	0	0	0	0	20	0	17	15	18	
k__Bacteria;p__Firmicutes;c__Clostridia;o__Oscillospirales;f__Ruminococcaceae;g__[Eubacterium] siraeum group	0	10	15	12	16	194	6	0	35	0	179	56	36	0	0	320	0	65	27	0	171	2	0	0	0	0	0	0	0	0	0	0	0	0	0	0	0	0	0	0	0	0	0	0	0	0	0	0	0	0	0	0	0	0	0	0	0	0	0	0	0	0	0	0	0	0	56	0	0	0	0	0	0	0	0	0	0	0	0	0	0	0	0	0	0	0	0	0	0	0	
k__Bacteria;p__Firmicutes;c__Clostridia;o__Peptostreptococcales-Tissierellales;f__Anaerovoracaceae;g__Family XIII UCG-001	0	16	0	231	0	19	0	0	0	155	59	25	0	0	0	127	0	0	0	0	20	0	0	0	0	0	0	0	15	0	0	3	0	0	0	0	0	0	0	3	0	0	0	0	0	0	7	0	0	0	0	0	0	0	0	0	0	0	0	0	0	4	0	0	0	0	0	0	0	0	0	0	4	34	0	0	0	0	0	0	10	0	4	0	0	0	0	5	8	14	
k__Bacteria;p__Actinobacteriota;c__Coriobacteriia;o__Coriobacteriales;f__Eggerthellaceae;g__	180	356	207	80	241	0	157	332	99	45	0	133	151	162	0	61	182	87	877	0	0	0	8	0	0	0	0	0	12	8	0	9	0	21	48	0	0	10	0	0	0	0	0	0	0	0	0	0	0	0	0	0	0	0	9	14	0	0	0	10	0	0	0	0	0	0	0	0	0	0	0	0	0	0	0	32	9	0	16	23	0	11	23	13	0	18	0	0	0	0	
k__Bacteria;p__Firmicutes;c__Clostridia;o__Christensenellales;f__Christensenellaceae;g__Christensenellaceae R-7 group	0	97	0	118	5	0	0	0	5	169	0	12	0	0	0	95	0	20	0	0	2	0	0	0	0	0	0	0	0	0	0	0	0	0	0	0	0	0	0	0	0	0	0	0	0	0	0	0	0	0	0	0	0	0	0	0	0	0	0	0	0	0	0	0	0	0	0	0	0	0	0	0	0	0	0	3	0	0	0	0	0	0	0	0	0	0	0	0	0	0	
k__Bacteria;p__Firmicutes;c__Clostridia;o__Peptococcales;f__Peptococcaceae;g__Peptococcus	0	7	0	236	4	26	0	2	0	228	31	0	0	0	0	128	0	0	7	0	34	0	0	0	0	0	0	0	0	0	0	0	0	0	0	0	0	0	0	0	0	0	0	0	0	0	0	0	0	0	0	0	0	0	0	0	0	0	0	0	0	0	0	0	0	0	7	0	0	0	0	0	0	0	0	0	0	0	0	0	0	0	0	0	0	0	0	0	0	0	
k__Bacteria;p__Deferribacterota;c__Deferribacteres;o__Deferribacterales;f__Deferribacteraceae;g__Mucispirillum	0	0	0	0	0	202	0	0	0	0	199	0	0	0	0	0	0	0	0	410	131	0	0	0	0	0	0	0	0	0	0	0	0	0	0	0	0	0	0	0	0	0	0	0	0	0	6	0	0	2	0	0	0	0	22	0	0	0	0	0	0	0	0	0	0	0	0	0	0	0	0	0	0	0	0	0	0	0	0	0	0	0	0	0	0	0	0	0	0	7	
k__Bacteria;p__Bacteroidota;c__Bacteroidia;o__Bacteroidales;f__Prevotellaceae;g__Prevotellaceae UCG-001	0	0	0	0	0	2073	0	0	0	0	1922	0	0	0	0	0	0	0	0	489	1703	0	0	0	0	0	0	0	0	0	0	0	0	0	0	0	0	0	0	0	0	0	0	0	0	0	0	0	0	0	0	0	0	0	0	0	0	0	0	0	0	0	0	0	0	0	0	0	0	0	0	0	0	0	0	0	0	0	0	0	0	0	0	0	0	0	0	0	0	0	
k__Bacteria;p__Firmicutes;c__Clostridia;o__Oscillospirales;f__Oscillospiraceae;g__Oscillospira	0	0	0	25	0	0	0	16	0	27	0	0	0	0	0	64	0	0	24	0	0	0	0	0	0	0	0	0	0	0	0	0	0	0	0	0	0	0	0	0	0	0	0	0	0	0	0	0	0	0	0	0	0	0	0	0	0	0	0	0	0	0	0	0	0	0	0	0	0	0	0	0	0	0	0	0	0	0	0	0	0	0	0	0	0	0	0	0	0	0	
k__Bacteria;p__Firmicutes;c__Clostridia;o__Monoglobales;f__Monoglobaceae;g__Monoglobus	53	76	45	105	56	0	0	0	0	84	0	95	148	120	0	0	0	0	208	0	0	0	0	9	0	0	0	0	10	18	0	0	0	0	0	0	0	0	0	11	22	10	0	9	7	6	9	0	0	0	0	0	0	0	0	0	0	0	0	0	0	0	3	0	0	3	12	6	0	0	0	13	9	39	13	25	11	9	15	39	10	3	6	9	0	14	6	0	0	7	
k__Bacteria;p__Firmicutes;c__Clostridia;o__Peptostreptococcales-Tissierellales;f__Anaerovoracaceae;g__[Eubacterium] nodatum group	0	0	0	175	4	31	0	7	0	120	31	16	5	0	0	107	0	0	0	0	23	0	0	0	0	0	0	0	0	0	0	0	0	0	0	0	0	0	0	0	0	0	0	0	0	0	0	0	0	0	0	0	0	0	0	0	0	0	0	0	0	0	0	0	0	0	0	0	0	0	0	0	0	0	0	0	0	0	0	0	0	0	0	0	0	0	0	0	0	0	
k__Bacteria;p__Firmicutes;c__Clostridia;o__Oscillospirales;f__Butyricicoccaceae;g__UCG-009	6	0	7	0	0	18	0	0	0	15	19	0	0	0	0	0	0	0	6	0	15	0	0	0	0	0	0	0	0	0	0	0	0	0	0	0	0	0	0	0	0	0	0	0	0	0	0	0	0	0	0	0	0	0	0	0	0	0	0	0	0	0	0	0	0	0	0	0	0	0	0	0	0	0	0	0	0	0	0	0	0	0	0	0	0	0	0	0	0	0	
k__Bacteria;p__Firmicutes;c__Clostridia;o__Christensenellales;f__Christensenellaceae;g__	0	13	0	101	0	32	8	5	0	62	14	9	6	0	0	53	0	10	7	0	14	0	0	0	0	0	0	0	4	0	0	0	0	3	0	0	0	0	0	0	11	0	0	3	0	3	0	0	0	0	0	0	0	0	0	0	0	0	0	0	0	0	0	0	0	0	0	0	0	0	0	4	0	0	0	0	0	0	0	0	0	0	0	0	0	0	0	0	0	0	
k__Bacteria;p__Firmicutes;c__Clostridia;o__Lachnospirales;f__Lachnospiraceae;g__Blautia	47	49	52	71	156	233	35	83	0	34	173	146	66	30	0	34	98	36	258	280	241	0	0	0	0	0	0	0	0	0	0	9	0	0	0	0	0	0	0	0	0	0	18	8	0	0	0	0	0	0	0	0	0	0	15	0	0	0	0	0	0	0	0	0	0	24	0	0	0	0	0	0	0	10	0	0	0	0	0	0	0	0	0	0	0	0	0	0	0	22	
k__Bacteria;p__Firmicutes;c__Clostridia;o__Oscillospirales;f__Oscillospiraceae;g__UCG-003	0	0	0	85	0	11	0	0	0	0	9	0	0	0	0	270	0	0	0	0	0	0	0	0	0	0	0	0	0	0	0	0	0	0	0	0	0	0	0	0	0	0	0	0	0	0	0	0	0	0	0	0	0	0	0	0	0	0	0	0	0	0	0	0	0	0	0	0	0	0	0	0	0	0	0	0	0	0	0	0	0	0	0	0	0	0	0	0	0	0	
k__Bacteria;p__Firmicutes;c__Clostridia;o__Lachnospirales;f__Lachnospiraceae;g__Tuzzerella	0	0	0	95	0	0	0	0	0	79	0	15	0	0	0	25	0	0	0	0	0	0	0	0	0	0	0	0	0	0	0	0	0	0	0	0	0	0	0	0	0	0	0	0	0	0	0	0	0	0	0	0	0	0	0	0	0	0	0	0	0	0	0	0	0	0	0	0	0	0	0	0	0	0	0	0	0	0	0	0	0	0	0	0	0	0	0	0	0	0	
k__Bacteria;p__Firmicutes;c__Clostridia;o__Lachnospirales;f__Defluviitaleaceae;g__Defluviitaleaceae UCG-011	0	19	0	185	7	0	0	9	0	76	0	20	0	0	0	0	0	0	0	0	0	0	0	0	0	0	0	0	0	0	0	0	0	0	0	0	0	0	0	0	0	0	0	0	0	0	0	0	0	0	0	0	0	0	0	0	0	0	0	0	0	0	0	0	0	0	0	0	0	0	0	0	0	0	0	0	0	0	4	7	0	0	0	3	0	0	0	0	0	14	
k__Bacteria;p__Proteobacteria;c__Alphaproteobacteria;o__Rhodospirillales;f__;g__	0	30	0	21	2	0	0	0	8	3	0	3	0	0	0	17	0	0	8	0	0	0	0	0	0	0	0	0	0	0	0	0	0	0	0	0	0	0	0	0	0	0	0	0	0	0	0	0	0	0	0	0	0	0	0	4	0	0	0	0	0	0	0	0	0	0	0	0	0	0	0	0	0	0	0	0	0	0	0	0	0	0	0	0	0	0	0	0	0	0	
k__Bacteria;p__Firmicutes;c__Clostridia;o__Oscillospirales;f__Oscillospiraceae;g__UCG-005	0	15	0	28	0	74	0	0	0	58	49	6	0	0	0	0	0	7	8	0	26	0	0	0	0	0	0	0	0	0	0	0	0	0	0	0	0	0	0	0	0	0	0	0	0	0	12	0	0	0	0	0	0	0	0	0	0	0	0	0	0	0	0	0	0	0	0	0	0	0	0	0	0	0	0	11	0	0	0	0	0	0	0	0	0	0	0	0	0	0	
k__Bacteria;p__Firmicutes;c__Bacilli;o__RF39;f__;g__	0	32	0	236	5	0	0	2	0	192	2	26	8	3	0	189	0	13	11	0	0	0	0	0	0	0	0	0	0	5	0	0	0	0	0	0	0	0	0	6	0	4	0	0	0	0	0	0	0	0	0	0	0	0	0	0	0	0	0	0	0	0	0	0	0	0	19	0	0	0	0	0	0	0	0	0	0	3	0	6	0	0	0	0	0	0	0	0	0	3	
k__Bacteria;p__Firmicutes;c__Bacilli;o__Erysipelotrichales;f__Erysipelatoclostridiaceae;g__	7	45	15	41	17	9	12	15	5	17	19	17	6	0	0	20	0	10	0	0	9	0	0	0	0	0	0	0	0	13	0	0	0	0	0	0	0	0	2	0	7	0	0	0	0	0	0	0	0	0	0	0	0	0	8	0	0	0	0	0	0	0	0	0	0	0	5	0	0	0	0	0	0	0	0	13	6	10	0	0	0	4	18	6	0	0	0	0	0	0	
k__Bacteria;p__Firmicutes;c__Bacilli;o__Bacillales;f__Bacillaceae;g__Bacillus	75	50	39	64	51	46	77	44	42	35	36	50	56	46	0	40	71	45	187	0	32	0	0	0	0	0	0	0	0	0	0	0	0	0	0	0	0	0	0	0	0	0	0	0	0	0	0	0	0	0	0	0	0	0	0	0	0	0	0	0	0	0	0	0	0	0	0	0	0	0	0	0	0	0	0	0	0	0	0	0	0	0	0	0	0	0	0	0	0	0	
k__Bacteria;p__Firmicutes;c__Clostridia;o__Oscillospirales;f__Oscillospiraceae;g__NK4A214 group	0	9	0	189	0	45	0	0	0	81	33	15	0	0	0	65	0	0	0	0	53	0	0	0	0	0	0	0	0	0	0	0	0	0	0	0	0	0	0	0	0	0	0	0	0	0	0	0	0	0	0	0	0	0	0	0	0	0	0	0	0	0	0	0	0	0	0	0	0	0	0	0	0	0	0	0	0	0	0	0	0	0	0	0	0	0	0	0	0	0	
k__Bacteria;p__Firmicutes;c__Clostridia;o__Lachnospirales;f__Lachnospiraceae;g__Agathobacter	31	0	26	37	26	80	22	28	25	27	58	22	35	37	0	26	37	27	79	0	83	0	0	0	0	0	0	0	0	0	0	0	0	0	0	0	0	0	0	0	0	0	0	0	0	0	0	0	0	0	0	0	0	0	0	0	0	0	0	0	0	0	0	0	0	0	14	0	0	0	0	0	0	0	0	0	0	0	0	0	0	0	0	0	0	0	0	0	0	0	
k__Bacteria;p__Firmicutes;c__Clostridia;o__Peptostreptococcales-Tissierellales;f__Anaerovoracaceae;g__[Eubacterium] brachy group	19	22	27	81	88	28	23	32	7	49	25	56	40	16	0	70	59	6	60	0	25	0	0	0	0	0	0	0	7	19	0	0	0	4	8	5	9	7	0	9	14	6	13	16	0	11	22	16	0	0	0	0	0	0	8	4	6	0	0	0	0	0	0	0	0	12	0	0	0	0	0	0	0	12	4	15	16	11	10	16	9	0	0	0	0	10	0	20	21	31	
k__Bacteria;p__Firmicutes;c__Clostridia;o__Eubacteriales;f__Anaerofustaceae;g__Anaerofustis	9	10	9	19	41	12	22	32	13	16	9	22	21	11	0	11	19	4	80	0	13	0	0	8	0	0	0	0	12	6	0	6	0	10	11	6	7	10	4	6	16	7	6	14	0	11	17	0	0	0	0	0	0	0	13	23	0	5	0	9	0	5	0	3	10	17	4	0	0	0	0	0	0	20	6	8	0	0	10	17	4	3	0	0	0	10	0	8	12	10	
k__Bacteria;p__Actinobacteriota;c__Coriobacteriia;o__Coriobacteriales;f__Coriobacteriales Incertae Sedis;g__	0	0	0	65	123	0	49	104	39	29	0	96	27	0	0	0	0	3	0	0	0	0	0	0	0	0	0	0	0	0	0	0	0	0	0	0	0	0	0	0	0	0	0	0	0	0	0	0	0	0	0	0	0	0	0	0	0	0	0	0	0	0	0	0	23	14	0	0	0	0	0	0	0	0	0	0	0	0	0	0	0	0	0	0	0	0	0	0	0	0	
k__Bacteria;p__Proteobacteria;c__Gammaproteobacteria;o__Pseudomonadales;f__Moraxellaceae;g__Acinetobacter	0	0	0	0	0	4	0	0	0	0	0	0	0	0	0	0	0	0	4	0	0	0	0	0	0	0	0	0	0	0	0	0	0	0	0	0	0	0	0	0	0	0	0	0	0	0	0	0	0	0	0	0	0	0	0	0	0	0	0	0	0	0	0	0	0	0	0	0	0	0	0	0	0	0	0	0	0	0	0	0	0	0	0	0	0	0	0	5	0	0	
k__Bacteria;p__Firmicutes;c__Bacilli;o__Erysipelotrichales;f__Erysipelotrichaceae;g__Dubosiella	0	0	0	0	0	0	0	0	0	0	0	0	0	0	0	0	0	0	0	0	0	9	10	9	8	0	0	7	0	21	17	13	15	16	0	6	0	22	20	0	16	0	0	13	0	12	17	0	13	0	0	0	17	14	0	15	8	0	0	6	11	18	0	0	20	19	0	9	0	0	0	0	0	23	0	10	5	0	0	22	0	20	22	0	0	11	15	8	8	15	
k__Bacteria;p__Firmicutes;c__Clostridia;o__Lachnospirales;f__Lachnospiraceae;g__Fusicatenibacter	0	20	0	19	14	37	15	19	13	0	34	16	12	14	0	0	26	15	62	60	46	0	0	0	0	0	0	0	0	0	0	0	0	0	0	0	0	0	0	0	0	0	0	0	0	0	0	0	0	0	0	0	0	0	0	0	0	0	0	0	0	0	0	0	0	0	0	0	0	0	0	0	0	0	0	0	0	0	0	0	0	0	0	0	0	0	0	0	0	0	
k__Bacteria;p__Firmicutes;c__Clostridia;o__Oscillospirales;f__UCG-010;g__	0	0	0	13	0	13	0	3	0	14	21	0	0	0	0	73	0	0	0	0	13	0	0	0	0	0	0	0	7	0	0	0	3	0	0	0	4	4	0	0	9	0	3	0	0	0	4	12	0	0	0	0	0	0	0	0	0	0	0	0	0	0	0	0	0	0	4	0	0	0	0	0	0	0	0	4	0	0	0	0	0	0	0	0	0	0	0	0	0	7	
k__Bacteria;p__Firmicutes;c__Clostridia;o__Peptostreptococcales-Tissierellales;f__Anaerovoracaceae;g__Family XIII AD3011 group	0	5	0	66	0	11	0	0	0	25	0	0	0	0	0	44	0	0	0	0	0	0	0	0	0	0	0	0	0	0	0	0	0	0	0	0	0	0	0	0	0	0	0	0	0	0	0	0	0	0	0	0	0	0	0	0	0	0	0	0	0	0	0	0	0	0	0	0	0	0	0	0	0	0	0	0	0	0	0	0	0	0	0	0	0	0	0	0	0	0	
k__Bacteria;p__Proteobacteria;c__Alphaproteobacteria;o__Rickettsiales;f__Mitochondria;g__	24	41	13	0	0	0	10	5	327	0	0	713	31	135	0	0	100	60	17	0	5	0	0	0	0	0	0	0	0	0	0	0	0	0	0	0	0	8	0	0	0	12	0	0	0	0	0	0	0	0	0	0	5	0	0	0	0	0	0	0	0	14	0	0	11	0	0	0	0	0	0	0	0	0	68	0	0	0	0	5	0	0	0	0	0	0	0	0	0	0	
k__Bacteria;p__Firmicutes;c__Clostridia;o__Oscillospirales;f__Ruminococcaceae;g__Harryflintia	0	0	0	22	0	5	0	0	0	22	3	5	0	0	0	22	0	0	0	0	0	0	0	0	0	0	0	0	0	0	0	0	0	0	0	0	0	0	0	0	0	0	0	0	0	0	0	0	0	0	0	0	0	0	0	0	0	0	0	0	0	0	0	0	0	0	0	0	0	0	0	0	0	0	0	0	0	0	0	0	0	0	0	0	0	0	0	0	0	0	
k__Bacteria;p__Actinobacteriota;c__Actinobacteria;o__Corynebacteriales;f__Corynebacteriaceae;g__Corynebacterium	0	0	0	0	0	0	0	0	5	0	0	5	6	9	0	0	31	8	1297	42	0	0	0	0	0	0	0	0	0	0	0	0	0	0	0	0	0	0	0	0	0	0	0	0	0	0	0	0	0	0	0	0	0	0	0	0	0	0	0	0	0	0	0	0	0	0	0	0	0	0	0	0	0	0	0	0	0	0	0	0	0	0	0	0	0	0	0	0	0	0	
k__Bacteria;p__Firmicutes;c__Clostridia;o__Oscillospirales;f__Ruminococcaceae;g__Faecalibacterium	19	11	0	29	0	105	0	0	0	0	30	30	0	31	0	17	0	14	88	342	71	0	0	0	0	0	0	0	0	0	0	0	0	0	0	0	0	0	0	0	0	0	0	0	0	0	0	0	0	0	0	0	0	0	0	0	0	0	0	0	0	0	0	0	0	0	0	0	0	0	0	0	0	0	0	0	0	0	0	0	0	0	0	0	0	0	0	0	0	0	
k__Bacteria;p__Proteobacteria;c__Gammaproteobacteria;o__Burkholderiales;f__Comamonadaceae;g__Delftia	0	0	0	0	0	0	0	0	0	0	0	0	0	0	0	0	0	0	0	198	0	0	0	0	0	0	0	0	3	5	3	0	0	0	0	0	0	7	0	0	0	0	0	0	0	0	0	0	0	0	0	0	0	0	0	0	0	0	0	5	0	0	0	0	4	0	0	0	0	0	0	5	0	0	0	0	3	0	0	0	0	0	0	4	0	0	0	0	6	7	
k__Bacteria;p__Cyanobacteria;c__Cyanobacteriia;o__Chloroplast;f__;g__	0	13	10	0	0	0	4	0	256	0	0	741	8	112	0	0	20	58	0	0	0	0	0	0	0	0	0	0	0	0	6	0	0	0	0	0	5	0	0	0	0	4	0	0	0	0	0	0	0	0	0	0	0	0	0	0	0	0	0	0	0	0	0	0	8	7	0	0	0	0	0	0	0	0	62	0	0	0	0	0	0	0	0	0	0	84	0	0	0	0	
k__Bacteria;p__Bacteroidota;c__Bacteroidia;o__Bacteroidales;f__Prevotellaceae;g__Prevotella_9	0	12	15	16	9	54	0	0	0	0	39	0	0	0	0	17	26	19	35	229	22	0	0	0	0	0	0	0	0	0	0	0	0	0	0	0	0	0	0	0	0	0	0	0	0	0	0	0	0	0	0	0	0	0	0	0	0	0	0	0	0	0	0	0	0	0	0	0	0	0	0	0	0	0	0	0	0	0	0	0	0	0	0	0	0	0	0	0	0	0	
k__Bacteria;p__Proteobacteria;c__Gammaproteobacteria;o__Enterobacterales;f__Enterobacteriaceae;g__Klebsiella	0	0	0	0	0	38	0	0	0	0	59	0	0	0	0	0	0	0	0	0	55	0	0	0	0	0	0	0	0	0	0	0	0	0	0	0	0	0	0	0	0	0	0	0	0	20	0	0	5	0	0	0	0	0	0	0	0	0	0	0	0	0	0	0	0	0	0	0	0	0	0	0	0	0	0	0	0	0	0	0	0	0	0	0	0	0	0	0	0	0	
k__Bacteria;p__Firmicutes;c__Clostridia;o__Lachnospirales;f__Lachnospiraceae;g__Lachnospiraceae UCG-010	0	0	0	38	0	0	0	0	0	10	0	4	0	0	0	0	0	0	0	0	0	0	0	0	0	0	0	0	0	0	0	0	0	0	0	0	0	0	0	0	0	0	0	0	0	0	0	0	0	0	0	0	0	0	0	0	0	0	0	0	0	0	0	0	0	0	0	0	0	0	0	0	0	0	0	0	0	0	0	0	0	0	0	0	0	0	0	0	0	0	
k__Bacteria;p__Firmicutes;c__Clostridia;o__Oscillospirales;f__Ruminococcaceae;g__Subdoligranulum	0	0	0	0	0	19	8	0	0	0	27	0	13	0	0	0	0	0	30	0	26	0	0	0	0	0	0	0	0	0	0	0	0	0	0	0	0	0	0	0	0	0	0	0	0	0	0	0	0	0	0	0	0	0	0	0	0	0	0	0	0	0	0	0	0	5	0	0	0	0	0	0	0	0	0	0	0	0	0	0	0	0	0	0	0	0	0	0	0	0	
k__Bacteria;p__Proteobacteria;c__Gammaproteobacteria;o__Burkholderiales;f__Burkholderiaceae;g__Ralstonia	0	0	0	0	0	0	0	0	0	0	0	11	0	0	0	0	0	0	0	0	0	0	0	0	0	0	0	0	0	0	0	0	0	0	0	0	0	0	0	0	0	0	0	0	0	0	0	0	0	0	0	0	0	0	0	0	0	0	0	0	0	0	0	0	0	0	0	0	0	0	0	0	0	0	0	0	0	0	0	0	0	0	0	0	0	0	0	0	0	0	
k__Bacteria;p__Proteobacteria;c__Gammaproteobacteria;o__Enterobacterales;f__Pasteurellaceae;g__Haemophilus	0	0	0	0	0	0	0	0	0	0	0	0	0	0	0	0	0	0	0	416	0	0	0	0	0	0	0	0	0	0	0	0	0	0	0	0	0	0	0	0	0	0	0	0	0	0	0	0	0	0	0	0	0	0	0	0	0	0	0	0	0	0	0	0	0	0	0	0	0	0	0	0	0	0	0	0	0	0	0	0	0	0	0	0	0	0	0	0	0	0	
k__Bacteria;p__Firmicutes;c__Clostridia;o__Lachnospirales;f__Lachnospiraceae;g__Lachnospira	0	0	0	0	0	33	0	0	0	0	20	0	0	0	0	0	0	0	0	283	0	0	0	0	0	0	0	0	0	0	0	0	0	0	0	0	0	0	0	0	0	0	0	0	0	0	0	0	0	0	0	0	0	0	0	0	0	0	0	0	0	0	0	0	0	0	0	0	0	0	0	0	0	0	0	0	0	0	0	0	0	0	0	0	0	0	0	0	0	0	
k__Bacteria;p__Proteobacteria;c__Gammaproteobacteria;o__Enterobacterales;f__Enterobacteriaceae;g__Citrobacter	0	0	0	8	0	0	0	0	0	0	0	0	0	0	0	8	0	0	38	0	0	0	0	0	0	0	0	0	0	0	0	0	0	0	0	0	0	0	0	0	0	0	0	0	0	0	0	0	0	0	0	0	0	0	0	0	0	0	0	0	0	0	0	0	0	0	0	0	0	0	0	0	0	0	0	0	0	0	0	0	0	0	0	0	0	0	0	0	0	0	
k__Bacteria;p__Firmicutes;c__Negativicutes;o__Acidaminococcales;f__Acidaminococcaceae;g__Phascolarctobacterium	0	0	0	0	0	11	0	0	0	0	8	0	0	0	0	0	0	0	5	0	15	0	0	0	0	0	0	0	0	0	0	0	0	0	0	0	0	0	0	0	0	0	0	0	0	0	0	0	0	0	0	0	0	0	0	0	0	0	0	0	0	0	0	0	0	0	0	0	0	0	0	0	0	0	0	0	0	0	0	0	0	0	0	0	0	0	0	0	0	0	
k__Bacteria;p__Firmicutes;c__Negativicutes;o__Veillonellales-Selenomonadales;f__Veillonellaceae;g__Veillonella	0	0	0	0	0	9	0	0	0	0	0	0	0	0	0	0	0	0	0	451	13	0	0	0	0	0	0	0	0	0	0	0	0	0	0	0	0	0	0	0	0	0	0	0	0	0	0	0	0	0	0	0	0	0	0	0	0	0	0	0	0	0	0	0	0	0	0	0	0	0	0	0	0	0	0	0	0	0	0	0	0	0	0	0	0	0	0	0	0	0	
k__Bacteria;p__Firmicutes;c__Clostridia;o__Lachnospirales;f__Lachnospiraceae;g__Lachnospiraceae ND3007 group	0	0	0	0	0	21	0	0	0	0	20	0	7	0	0	6	11	0	16	0	15	0	0	0	0	0	0	0	0	0	0	0	0	0	0	0	0	0	0	0	0	0	0	0	0	0	0	0	0	0	0	0	0	0	0	0	0	0	0	0	0	0	0	0	0	0	0	0	0	0	0	0	0	0	0	0	0	0	0	0	0	0	0	0	0	0	0	0	0	0	
k__Bacteria;p__Firmicutes;c__Clostridia;o__Lachnospirales;f__Lachnospiraceae;g__[Ruminococcus] gnavus group	0	0	0	0	0	0	0	0	0	0	0	0	0	0	0	0	0	0	0	0	0	0	0	0	0	0	0	0	0	0	0	0	0	0	0	0	0	0	0	0	0	0	0	0	0	0	8	0	0	0	0	0	0	0	0	0	0	0	0	0	0	0	0	0	0	0	0	0	0	0	0	0	0	0	0	0	0	0	0	0	0	0	0	0	0	0	0	0	0	0	
k__Bacteria;p__Proteobacteria;c__Gammaproteobacteria;o__Enterobacterales;f__Pasteurellaceae;g__Muribacter	0	2	0	0	0	0	0	0	40	0	0	0	0	0	0	0	0	7	0	0	0	0	0	0	0	0	0	0	0	0	0	0	0	0	3	0	0	0	0	0	0	0	0	0	0	0	0	0	0	0	0	0	0	0	0	0	0	0	0	0	0	0	0	0	0	0	0	0	0	0	0	0	0	0	0	0	0	0	0	0	0	0	0	0	0	0	0	0	0	0	
k__Bacteria;p__Firmicutes;c__Clostridia;o__Lachnospirales;f__Lachnospiraceae;g__[Eubacterium] ventriosum group	0	0	0	16	0	0	0	0	0	0	0	0	0	0	0	0	0	0	0	0	0	0	0	0	0	0	0	0	0	0	0	0	0	0	0	0	0	0	0	0	0	0	0	0	0	0	0	0	0	0	0	0	0	0	0	0	0	0	0	0	0	0	0	0	0	0	0	0	0	0	0	0	0	0	0	0	0	0	0	0	0	0	0	0	0	0	0	0	0	0	
k__Bacteria;p__Proteobacteria;c__Gammaproteobacteria;o__Burkholderiales;f__Neisseriaceae;g__Neisseria	0	0	0	0	0	0	0	0	0	0	0	0	0	0	0	0	0	0	0	288	0	0	0	0	0	0	0	0	0	0	0	0	0	0	0	0	0	0	0	0	0	0	0	0	0	0	0	0	0	0	0	0	0	0	0	0	0	0	0	0	0	0	0	0	0	0	0	0	0	0	0	0	0	0	0	0	0	0	0	0	0	0	0	0	0	0	0	0	0	0	
k__Bacteria;p__Firmicutes;c__Bacilli;o__Lactobacillales;f__Streptococcaceae;g__Lactococcus	0	0	0	0	0	35	0	0	0	0	28	0	0	0	0	0	0	6	0	0	38	0	0	0	0	0	0	0	0	0	0	0	0	0	0	0	0	0	0	0	0	0	0	0	0	0	0	0	0	0	0	0	0	0	0	0	0	0	0	0	0	0	0	0	0	0	0	0	0	0	0	0	0	0	0	0	0	0	0	0	0	0	0	0	0	0	0	0	0	30	
k__Bacteria;p__Firmicutes;c__Clostridia;o__Lachnospirales;f__Lachnospiraceae;g__Lachnospiraceae UCG-008	0	0	0	0	0	0	0	0	0	5	0	0	0	0	0	0	0	0	0	0	0	0	0	0	0	0	0	0	0	0	0	0	0	0	0	0	0	0	0	0	0	0	0	0	0	0	0	0	0	0	0	0	0	0	0	0	0	0	0	0	0	0	0	0	0	0	0	0	0	0	0	0	0	0	0	0	0	0	0	0	0	0	0	0	0	0	0	0	0	0	
k__Bacteria;p__Firmicutes;c__Clostridia;o__Oscillospirales;f__Oscillospiraceae;g__Flavonifractor	0	0	0	9	0	0	0	0	0	0	11	0	0	0	0	0	0	0	0	0	14	0	0	0	0	0	0	0	0	0	0	0	0	0	0	0	0	0	0	0	0	0	0	0	0	0	0	0	0	0	0	0	0	0	0	0	0	0	0	0	0	0	0	0	0	0	0	0	0	0	0	0	0	0	0	0	0	0	0	0	0	0	0	0	0	0	0	0	0	0	
k__Bacteria;p__Bacteroidota;c__Bacteroidia;o__Bacteroidales;f__Prevotellaceae;g__Prevotella_7	0	0	0	0	0	0	0	0	0	0	0	0	0	0	0	0	0	0	0	259	0	0	0	0	0	0	0	0	0	0	0	0	0	0	0	0	0	0	0	0	0	0	0	0	0	0	0	0	0	0	0	0	0	0	0	0	0	0	0	0	0	0	0	0	0	0	0	0	0	0	0	0	0	0	0	0	0	0	0	0	0	0	0	0	0	0	0	0	0	0	
k__Bacteria;p__Firmicutes;c__Negativicutes;o__Veillonellales-Selenomonadales;f__Veillonellaceae;g__Dialister	0	0	0	0	0	0	0	0	0	0	0	0	0	0	0	0	0	0	0	0	0	0	0	0	0	0	0	0	0	0	0	0	0	0	0	0	0	0	0	0	0	0	0	0	0	0	0	0	0	0	0	0	0	0	0	0	0	0	0	0	0	0	0	4	0	0	0	0	0	0	0	0	0	0	0	0	0	0	0	0	0	0	0	0	0	0	0	0	0	0	
k__Bacteria;p__Firmicutes;c__Clostridia;o__Lachnospirales;f__Lachnospiraceae;g__[Ruminococcus] torques group	0	0	0	0	9	65	0	0	0	0	50	0	0	0	0	0	17	0	15	0	58	0	0	0	0	0	0	0	0	0	0	0	0	0	0	0	0	0	0	0	0	0	0	0	0	0	0	0	0	0	0	0	0	0	0	0	0	0	0	0	0	0	0	0	0	0	0	0	0	0	0	0	0	0	0	0	0	0	0	0	0	0	0	0	0	0	0	0	0	0	
k__Bacteria;p__Firmicutes;c__Bacilli;o__Lactobacillales;f__;g__	0	0	0	0	0	0	45	50	0	0	0	0	0	0	0	0	51	0	41	0	0	0	0	0	0	0	0	0	0	0	0	0	0	0	0	0	0	0	0	0	0	0	0	0	0	0	0	0	0	0	0	0	0	0	0	0	0	0	0	0	0	0	0	0	0	0	0	0	0	0	0	0	0	0	0	0	0	0	0	0	0	0	0	0	0	0	0	0	0	0	
k__Bacteria;p__Firmicutes;c__Clostridia;o__Lachnospirales;f__Lachnospiraceae;g__[Eubacterium] hallii group	0	0	0	0	0	0	0	10	0	0	0	0	0	0	0	0	0	11	28	0	0	0	0	0	0	0	0	0	0	0	0	0	0	0	0	0	0	0	0	0	0	0	0	0	0	0	0	0	0	0	0	0	0	0	0	0	0	0	0	0	0	0	0	0	0	0	0	0	0	0	0	0	0	0	0	0	0	0	0	0	0	0	0	0	0	0	0	0	0	0	
k__Archaea;p__Euryarchaeota;c__Methanobacteria;o__Methanobacteriales;f__Methanobacteriaceae;g__Methanobrevibacter	0	0	0	0	0	0	0	0	0	0	0	0	0	0	0	0	0	0	0	227	0	0	0	0	0	0	0	0	0	0	0	0	0	0	0	0	0	0	0	0	0	0	0	0	0	0	0	0	0	0	0	0	0	0	0	0	0	0	0	0	0	0	0	0	0	0	0	0	0	0	0	0	0	0	0	0	0	0	0	0	0	0	0	0	0	0	0	0	0	0	
k__Bacteria;p__Actinobacteriota;c__Coriobacteriia;o__Coriobacteriales;f__Eggerthellaceae;g__Parvibacter	0	11	13	0	10	9	11	9	0	0	13	22	0	0	0	0	0	9	54	0	0	0	0	0	0	0	0	0	0	0	0	0	0	0	0	0	0	0	0	0	0	0	0	0	0	0	0	0	0	0	0	0	0	0	0	0	0	0	0	0	0	0	0	0	0	0	0	0	0	0	0	0	0	0	0	0	0	0	0	0	0	0	0	0	0	0	0	0	0	0	
k__Bacteria;p__Firmicutes;c__Clostridia;o__Peptostreptococcales-Tissierellales;f__Anaerovoracaceae;g__Anaerovorax	0	0	0	21	0	0	0	0	0	8	0	0	0	0	0	0	0	0	0	0	0	0	0	0	0	0	0	0	0	0	0	0	0	0	0	0	0	0	0	0	0	0	0	0	0	0	0	0	0	0	0	0	0	0	0	0	0	0	0	0	0	0	0	0	0	0	0	0	0	0	0	0	0	0	0	0	0	0	0	0	0	0	0	0	0	0	0	0	0	0	
k__Bacteria;p__Firmicutes;c__Negativicutes;o__Acidaminococcales;f__Acidaminococcaceae;g__Acidaminococcus	0	0	0	0	0	15	0	0	0	0	10	0	0	0	0	0	0	0	0	0	0	0	0	0	0	0	0	0	0	0	0	0	0	0	0	0	0	0	0	0	0	0	0	0	0	0	0	0	0	0	0	0	0	0	0	0	0	0	0	0	0	0	0	0	0	0	0	0	0	0	0	0	0	0	0	0	0	0	0	0	0	0	0	0	0	0	0	0	0	0	
k__Bacteria;p__Bacteroidota;c__Bacteroidia;o__Bacteroidales;f__Prevotellaceae;g__Prevotella	0	0	0	0	0	0	0	0	0	0	0	0	0	0	0	0	0	0	0	202	0	0	0	0	0	0	0	0	0	0	0	0	0	0	0	0	0	0	0	0	0	0	0	0	0	0	0	0	0	0	0	0	0	0	0	0	0	0	0	0	0	0	0	0	0	0	0	0	0	0	0	0	0	0	0	0	0	0	0	0	0	0	0	0	0	0	0	0	0	0	
k__Bacteria;p__Actinobacteriota;c__Coriobacteriia;o__Coriobacteriales;f__Eggerthellaceae;g__Gordonibacter	16	25	22	0	0	0	0	0	0	0	0	0	0	0	0	0	0	0	0	0	0	0	0	0	0	0	0	0	0	0	0	0	0	0	0	0	0	0	0	0	0	0	0	0	0	0	0	0	0	0	0	0	0	0	0	0	0	0	0	0	0	0	0	0	0	0	0	0	0	0	0	0	0	0	0	11	0	0	0	9	0	0	0	0	0	0	0	0	0	0	
k__Bacteria;p__Firmicutes;c__Clostridia;o__Peptostreptococcales-Tissierellales;f__Peptostreptococcaceae;g__Terrisporobacter	0	0	0	0	0	0	0	0	0	0	0	0	11	0	0	0	0	0	0	0	0	0	0	0	0	0	0	0	0	0	0	0	0	0	0	0	0	0	0	0	0	0	0	0	0	0	0	0	0	0	0	0	0	0	0	0	0	0	0	0	0	0	0	0	0	0	0	0	0	0	0	0	0	0	0	0	0	0	0	0	0	0	0	0	0	0	0	0	0	0	
k__Bacteria;p__Proteobacteria;c__Gammaproteobacteria;o__Burkholderiales;f__Burkholderiaceae;g__Lautropia	0	0	0	0	0	0	0	0	0	0	0	0	0	0	0	0	0	0	0	193	0	0	0	0	0	0	0	0	0	0	0	0	0	0	0	0	0	0	0	0	0	0	0	0	0	0	0	0	0	0	0	0	0	0	0	0	0	0	0	0	0	0	0	0	0	0	0	0	0	0	0	0	0	0	0	0	0	0	0	0	0	0	0	0	0	0	0	0	0	0	
k__Bacteria;p__Firmicutes;c__Clostridia;o__Lachnospirales;f__Lachnospiraceae;g__Coprococcus	0	0	0	0	0	25	0	0	0	0	38	0	0	0	0	0	0	0	0	0	38	0	0	0	0	0	0	0	0	0	0	0	0	0	0	0	0	0	0	0	0	0	0	0	0	0	0	0	0	0	0	0	0	0	0	0	0	0	0	0	0	0	0	0	0	0	0	0	0	0	0	0	0	0	0	0	0	0	0	0	0	0	0	0	0	0	0	0	0	0	
k__Bacteria;p__Firmicutes;c__Bacilli;o__Erysipelotrichales;f__Erysipelotrichaceae;g__Holdemanella	0	0	0	0	0	28	0	0	0	0	32	0	0	0	0	0	0	0	0	0	23	0	0	0	0	0	0	0	0	0	0	0	0	0	0	0	0	0	0	0	0	0	0	0	0	0	0	0	0	0	0	0	0	0	0	0	0	0	0	0	0	0	0	0	0	0	0	0	0	0	0	0	0	0	0	0	0	0	0	0	0	0	0	0	0	0	0	0	0	0	
k__Bacteria;p__Firmicutes;c__Bacilli;o__Lactobacillales;f__Lactobacillaceae;g__Weissella	0	11	2	0	0	0	0	0	12	0	0	0	0	3	0	0	14	83	17	0	0	0	0	0	0	0	0	0	0	0	0	0	0	0	0	0	0	10	0	0	0	0	0	0	0	0	0	0	0	0	0	0	0	0	0	0	0	0	0	0	0	0	0	0	0	0	0	0	0	0	0	0	0	0	18	0	0	0	0	0	0	0	0	0	0	0	0	0	0	0	
k__Bacteria;p__Firmicutes;c__Clostridia;o__Peptostreptococcales-Tissierellales;f__Peptostreptococcaceae;g__Intestinibacter	0	0	0	0	0	0	0	0	0	0	18	0	0	0	0	0	0	0	0	0	14	0	0	0	0	0	0	0	0	0	0	0	0	0	0	0	0	0	0	0	0	0	0	0	0	0	0	0	0	0	0	0	0	0	0	0	0	0	0	0	0	0	0	11	0	0	0	0	0	0	0	0	0	0	0	0	0	0	0	0	0	0	0	0	0	0	0	0	0	0	
k__Bacteria;p__Bacteroidota;c__Bacteroidia;o__Bacteroidales;f__Prevotellaceae;g__Alloprevotella	0	0	0	0	0	0	0	0	0	0	0	0	0	0	0	0	0	0	0	231	0	0	0	0	0	0	0	0	0	0	0	0	0	0	0	0	0	0	0	0	0	0	0	0	0	0	0	0	0	0	0	0	0	0	0	0	0	0	0	0	0	0	0	0	0	0	0	0	0	0	0	0	0	0	0	0	0	0	0	0	0	0	0	0	0	0	0	0	0	0	
k__Bacteria;p__Actinobacteriota;c__Actinobacteria;o__Actinomycetales;f__Actinomycetaceae;g__Actinomyces	0	0	0	0	0	0	0	0	0	0	0	0	0	0	0	0	0	0	0	126	0	0	0	0	0	0	0	0	0	0	0	0	0	0	0	0	0	0	0	0	0	0	0	0	0	0	0	0	0	0	0	0	0	0	0	0	0	0	0	0	0	0	0	0	0	0	0	0	0	0	0	0	0	0	0	0	0	0	0	0	0	0	0	0	0	0	0	0	0	0	
k__Bacteria;p__Firmicutes;c__Clostridia;o__Lachnospirales;f__Lachnospiraceae;g__[Eubacterium] eligens group	0	0	0	0	0	19	0	0	0	0	0	0	0	0	0	0	0	0	0	0	29	0	0	0	0	0	0	0	0	0	0	0	0	0	0	0	0	0	0	0	0	0	0	0	0	0	0	0	0	0	0	0	0	0	0	0	0	0	0	0	0	0	0	0	0	0	0	0	0	0	0	0	0	0	0	0	0	0	0	0	0	0	0	0	0	0	0	0	0	0	
k__Bacteria;p__Proteobacteria;c__;o__;f__;g__	0	0	0	0	0	33	0	0	0	0	34	0	0	0	0	0	0	0	0	0	15	0	0	0	0	0	0	0	0	0	0	0	0	0	0	0	0	0	0	0	0	0	0	0	0	0	0	0	0	0	0	0	0	0	0	0	0	0	0	0	0	0	0	0	0	0	0	0	0	0	0	0	0	0	0	0	0	0	0	0	0	0	0	0	0	0	0	0	0	0	
k__Bacteria;p__Firmicutes;c__Negativicutes;o__Veillonellales-Selenomonadales;f__Selenomonadaceae;g__Megamonas	3	0	7	0	0	0	0	0	0	0	0	0	0	5	0	0	0	0	15	0	0	0	0	0	0	0	0	0	0	0	0	0	0	0	0	0	0	0	0	0	0	0	0	0	0	0	0	0	0	0	0	0	0	0	0	0	0	0	0	0	0	0	0	0	0	0	0	0	0	0	0	0	0	0	0	0	0	0	0	0	0	0	0	0	0	0	0	0	0	0	
k__Bacteria;p__Firmicutes;c__Bacilli;o__Bacillales;f__Planococcaceae;g__Lysinibacillus	0	0	0	0	0	0	0	10	44	0	0	0	0	0	0	0	0	0	0	0	0	0	0	0	0	0	0	0	0	0	0	0	0	0	0	0	0	0	0	0	0	0	0	0	0	0	0	0	0	0	0	0	0	0	0	0	0	0	0	0	0	0	0	0	0	0	0	0	0	0	0	0	0	0	0	0	0	0	0	0	0	0	0	0	0	0	0	0	0	0	
k__Bacteria;p__Firmicutes;c__Bacilli;o__Lactobacillales;f__Vagococcaceae;g__Vagococcus	0	0	0	0	0	0	0	24	31	0	0	0	0	0	0	0	0	0	0	0	0	0	0	0	0	0	0	0	0	0	0	0	0	0	0	0	0	0	0	0	0	0	0	0	0	0	0	0	0	0	0	0	0	0	0	0	0	0	0	0	0	0	0	0	0	0	0	0	0	0	0	0	0	0	0	0	0	0	0	0	0	0	0	0	0	0	0	0	0	0	
k__Bacteria;p__Firmicutes;c__Bacilli;o__Bacillales;f__Planococcaceae;g__Kurthia	0	0	0	0	0	0	0	11	17	0	0	0	0	0	0	0	0	0	34	0	0	0	0	0	0	0	0	0	0	0	0	0	0	0	0	0	0	0	0	0	0	0	0	0	0	0	0	0	0	0	0	0	0	0	0	0	0	0	0	0	0	0	0	0	0	0	0	0	0	0	0	0	0	0	0	0	0	0	0	0	0	0	0	0	0	0	0	0	0	0	
k__Bacteria;p__Firmicutes;c__Clostridia;o__Oscillospirales;f__Ruminococcaceae;g__Paludicola	0	0	0	0	0	20	0	0	0	0	0	0	0	0	0	0	0	0	0	0	19	0	0	0	0	0	0	0	0	0	0	0	0	0	0	0	0	0	0	0	0	0	0	0	0	0	0	0	0	0	0	0	0	0	0	0	0	0	0	2	0	0	0	0	0	0	0	0	0	0	0	0	0	0	0	0	0	0	0	0	0	0	0	0	0	0	0	0	0	0	
k__Bacteria;p__Firmicutes;c__Clostridia;o__Peptostreptococcales-Tissierellales;f__Peptostreptococcaceae;g__Peptoclostridium	0	0	0	0	0	0	0	0	0	0	0	0	0	0	0	0	9	3	0	0	0	0	0	0	0	0	0	0	0	0	0	0	0	0	0	0	0	0	0	0	0	0	0	0	0	0	0	0	0	0	0	0	0	0	0	0	0	0	0	0	0	0	0	0	0	0	0	0	0	0	0	0	0	0	0	0	0	0	0	0	0	0	0	0	0	0	0	0	0	0	
k__Bacteria;p__Proteobacteria;c__Gammaproteobacteria;o__Burkholderiales;f__Oxalobacteraceae;g__Herbaspirillum	0	0	0	0	0	0	0	0	0	0	0	9	0	0	0	0	0	0	0	40	0	0	0	0	0	0	0	0	0	0	0	0	0	0	0	0	0	0	0	0	0	0	0	0	0	0	0	0	0	0	0	0	0	0	0	0	0	0	0	0	0	0	0	0	0	0	0	0	0	0	0	0	0	0	0	0	0	0	0	0	0	0	0	0	0	0	0	0	0	0	
k__Bacteria;p__Firmicutes;c__Clostridia;o__Oscillospirales;f__Ruminococcaceae;g__CAG-352	0	0	0	0	0	16	0	0	0	0	0	0	0	0	0	0	0	0	0	0	16	0	0	0	0	0	0	0	0	0	0	0	0	0	0	0	0	0	0	0	0	0	0	0	0	0	0	0	0	0	0	0	0	0	0	0	0	0	0	0	0	0	0	0	0	0	0	0	0	0	0	0	0	0	0	0	0	0	0	0	0	0	0	0	0	0	0	0	0	0	
k__Bacteria;p__Bacteroidota;c__Bacteroidia;o__Bacteroidales;f__Prevotellaceae;g__Paraprevotella	0	0	0	0	0	9	0	0	0	0	22	0	0	0	0	0	0	0	0	0	15	0	0	0	0	0	0	0	0	0	0	0	0	0	0	0	0	0	0	0	0	0	0	0	0	0	0	0	0	0	0	0	0	0	0	0	0	0	0	0	0	0	0	0	0	0	0	0	0	0	0	0	0	0	0	0	0	0	0	0	0	0	0	0	0	0	0	0	0	0	
k__Bacteria;p__Firmicutes;c__Clostridia;o__Clostridiales;f__Clostridiaceae;g__Clostridium sensu stricto 13	0	0	0	0	0	20	0	0	0	0	8	0	0	0	0	0	0	0	0	0	0	0	0	0	0	0	0	0	0	0	0	0	0	0	0	0	0	0	0	0	0	0	0	0	0	0	0	0	0	0	6	0	0	0	0	0	0	0	0	0	0	0	0	0	0	0	0	0	0	0	0	0	0	0	0	0	0	0	0	0	0	0	0	0	0	0	0	0	0	0	
k__Bacteria;p__Bacteroidota;c__Bacteroidia;o__Bacteroidales;f__Barnesiellaceae;g__Barnesiella	0	0	0	0	0	9	0	0	0	0	9	0	0	0	0	0	0	0	0	0	13	0	0	0	0	0	0	0	0	0	0	0	0	0	0	0	0	0	0	0	0	0	0	0	0	0	0	0	0	0	0	0	0	0	0	0	0	0	0	0	0	0	0	0	0	0	0	0	0	0	0	0	0	0	0	0	0	0	0	0	0	0	0	0	0	0	0	0	0	0	
k__Bacteria;p__Firmicutes;c__Clostridia;o__Christensenellales;f__Christensenellaceae;g__Catabacter	0	0	0	0	0	16	0	0	0	0	13	0	0	0	0	0	0	0	0	0	10	0	0	0	0	0	0	0	0	0	0	0	0	0	0	0	0	0	0	0	0	0	0	0	0	0	0	0	0	0	0	0	0	0	0	0	0	0	0	0	0	0	0	0	0	0	0	0	0	0	0	0	0	0	0	0	0	0	0	0	0	0	0	0	0	0	0	0	0	0	
k__Bacteria;p__Fusobacteriota;c__Fusobacteriia;o__Fusobacteriales;f__Fusobacteriaceae;g__Fusobacterium	0	0	0	0	0	6	0	0	0	0	13	0	0	0	0	0	0	0	0	0	9	0	0	0	0	0	0	0	0	0	0	0	0	0	0	0	0	0	0	0	0	0	0	0	0	0	0	0	0	0	0	0	0	0	0	0	0	0	0	0	0	0	0	0	0	0	0	0	0	0	0	0	0	0	0	0	0	0	0	0	0	0	0	0	0	0	0	0	0	0	
k__Bacteria;p__Firmicutes;c__Clostridia;o__Lachnospirales;f__Lachnospiraceae;g__Lachnospiraceae NK3A20 group	0	0	0	0	0	16	0	0	0	0	11	0	0	0	0	0	0	0	0	0	9	0	0	0	0	0	0	0	0	0	0	0	0	0	0	0	0	0	0	0	0	0	0	0	0	0	0	0	0	0	0	0	0	0	0	0	0	0	0	0	0	0	0	0	0	0	0	0	0	0	0	0	0	0	0	0	0	0	0	0	0	0	0	0	0	0	0	0	0	0	
k__Bacteria;p__Firmicutes;c__Clostridia;o__Oscillospirales;f__Ruminococcaceae;g__Negativibacillus	0	0	0	0	0	0	0	0	0	0	13	0	0	0	0	0	0	0	0	0	13	0	0	0	0	0	0	0	0	0	0	0	0	0	0	0	0	0	0	0	0	0	0	0	0	0	0	0	0	0	0	0	0	0	0	0	0	0	0	0	0	0	0	0	0	0	0	0	0	0	0	0	0	0	0	0	0	0	0	0	0	0	0	0	0	0	0	0	0	0	
k__Bacteria;p__Actinobacteriota;c__Actinobacteria;o__Micrococcales;f__Microbacteriaceae;g__Leucobacter	0	0	0	0	0	0	0	0	0	0	0	0	0	0	0	0	0	0	31	0	0	0	0	0	0	0	0	0	0	0	0	0	0	0	0	0	0	0	0	0	0	0	0	0	0	0	0	0	0	0	0	0	0	0	0	0	0	0	0	0	0	0	0	0	0	0	0	0	0	0	0	0	0	0	0	0	0	0	0	0	0	0	0	0	0	0	0	0	0	0	
k__Bacteria;p__Patescibacteria;c__Saccharimonadia;o__Saccharimonadales;f__Saccharimonadaceae;g__Candidatus Saccharimonas	0	0	0	0	0	0	0	0	0	0	0	5	0	0	0	0	0	0	14	0	0	0	0	0	0	0	0	0	0	0	0	0	0	0	0	0	0	0	0	0	0	0	0	0	0	0	0	0	0	0	0	0	0	0	0	0	0	0	0	0	0	0	0	0	0	0	0	0	0	0	0	0	0	0	0	0	0	0	0	0	0	0	0	0	0	0	0	0	0	0	
k__Bacteria;p__Firmicutes;c__Clostridia;o__Lachnospirales;f__Lachnospiraceae;g__Robinsoniella	0	0	0	0	0	0	0	0	0	0	10	0	0	0	0	0	0	0	0	0	9	0	0	0	0	0	0	0	0	0	0	0	0	0	0	0	0	0	0	0	0	0	0	0	0	0	0	0	0	0	0	0	0	0	0	0	0	0	0	0	0	0	0	0	0	0	0	0	0	0	0	0	0	0	0	0	0	0	0	0	0	0	0	0	0	0	0	0	0	0	
k__Bacteria;p__Bacteroidota;c__Bacteroidia;o__Bacteroidales;f__Marinifilaceae;g__Butyricimonas	0	0	0	0	0	7	0	0	0	0	0	0	0	0	0	0	0	0	0	0	0	0	0	0	0	0	0	0	0	0	0	0	0	0	0	0	0	0	0	0	0	0	0	0	0	0	0	0	0	0	0	0	0	0	0	0	0	0	0	0	0	0	0	0	0	0	0	0	0	0	0	0	0	0	0	0	0	0	0	0	0	0	0	0	0	0	0	0	0	0	
k__Bacteria;p__Proteobacteria;c__Gammaproteobacteria;o__Burkholderiales;f__Sutterellaceae;g__Sutterella	0	0	0	0	0	10	0	0	0	0	11	0	0	0	0	0	0	0	0	0	0	0	0	0	0	0	0	0	0	0	0	0	0	0	0	0	0	0	0	0	0	0	0	0	0	0	0	0	0	0	0	0	0	0	0	0	0	0	0	0	0	0	0	0	0	0	0	0	0	0	0	0	0	0	0	0	0	0	0	0	0	0	0	0	0	0	0	0	0	0	
k__Bacteria;p__Proteobacteria;c__Gammaproteobacteria;o__Burkholderiales;f__Comamonadaceae;g__Aquabacterium	0	0	0	0	0	0	0	0	0	0	0	0	0	0	0	0	0	0	3	0	0	0	0	0	0	0	0	0	0	0	0	0	0	0	0	0	0	0	0	0	0	0	0	0	0	0	0	0	0	0	0	0	0	0	0	0	0	0	0	0	0	0	0	0	0	0	0	0	0	0	0	0	0	0	0	0	0	0	0	0	0	0	0	0	0	0	0	0	0	0	
k__Bacteria;p__Firmicutes;c__Clostridia;o__Oscillospirales;f__Oscillospiraceae;g__UCG-002	0	0	0	0	0	0	0	0	0	0	18	0	0	0	0	0	0	0	0	0	0	0	0	0	0	0	0	0	0	0	0	0	0	0	0	0	0	0	0	0	0	0	0	0	0	0	0	0	0	0	0	0	0	0	0	0	0	0	0	0	0	0	0	0	0	0	0	0	0	0	0	0	0	0	0	0	0	0	0	0	0	0	0	0	0	0	0	0	0	0	
k__Bacteria;p__Firmicutes;c__Clostridia;o__;f__;g__	0	0	0	0	0	0	0	0	0	0	4	0	0	0	0	2	0	0	0	0	8	0	0	0	0	0	0	0	0	0	0	0	0	0	0	0	0	0	0	0	0	0	0	0	0	0	0	0	0	0	0	0	0	0	0	0	0	0	0	0	0	0	0	0	0	0	0	0	0	0	0	0	0	0	0	0	0	0	0	0	0	0	0	0	0	0	0	0	0	0	
k__Bacteria;p__Actinobacteriota;c__Actinobacteria;o__Corynebacteriales;f__;g__	0	0	0	0	0	0	0	0	0	0	0	0	0	0	0	0	0	2	0	0	0	0	0	0	0	0	0	0	0	0	0	0	0	0	0	0	0	0	0	0	0	0	0	0	0	0	0	0	0	0	0	0	0	0	0	0	0	0	0	0	0	0	0	0	0	0	0	0	0	0	0	0	0	0	0	0	0	0	0	0	0	0	0	0	0	0	0	0	0	0	
k__Bacteria;p__Firmicutes;c__Bacilli;o__Paenibacillales;f__Paenibacillaceae;g__Paenibacillus	0	0	0	0	0	8	0	0	0	0	0	0	0	0	0	0	0	0	0	0	4	0	0	0	0	0	0	0	0	0	0	0	0	0	0	0	0	0	0	0	0	0	0	0	0	0	0	0	0	0	0	0	0	0	0	0	0	0	0	0	0	0	0	0	0	0	0	0	0	0	0	0	0	0	0	0	0	0	0	0	0	0	0	0	0	0	0	0	0	0	
k__Bacteria;p__Firmicutes;c__Clostridia;o__Lachnospirales;f__Lachnospiraceae;g__Eisenbergiella	0	0	0	0	0	0	0	0	0	0	12	0	0	0	0	0	0	0	0	0	0	0	0	0	0	0	0	0	0	0	0	0	0	0	0	0	0	0	0	0	0	0	0	0	0	0	0	0	0	0	0	0	0	0	0	0	0	0	0	0	0	0	0	0	0	0	0	0	0	0	0	0	0	0	0	0	0	0	0	0	0	0	0	0	0	0	0	0	0	0	
k__Bacteria;p__Firmicutes;c__Bacilli;o__Lactobacillales;f__Aerococcaceae;g__Aerococcus	0	0	0	0	0	0	0	0	0	0	0	0	0	0	0	0	0	0	12	0	0	0	0	0	0	0	0	0	0	0	0	0	0	0	0	0	0	0	0	0	0	0	0	0	0	0	0	0	0	0	0	0	0	0	0	0	0	0	0	0	0	0	0	0	0	0	0	0	0	0	0	0	0	0	0	0	0	0	0	0	0	0	0	0	0	0	0	0	0	0	
k__Bacteria;p__Firmicutes;c__Bacilli;o__Izemoplasmatales;f__;g__	0	0	0	0	0	0	0	0	0	0	3	0	0	0	0	0	0	0	0	0	0	0	0	0	0	0	0	0	0	0	0	0	0	0	0	0	0	0	0	0	0	0	0	0	0	0	0	0	0	0	0	0	0	0	0	0	0	0	0	0	0	0	0	0	0	0	0	0	0	0	0	0	0	0	0	0	0	0	0	0	0	0	0	0	0	0	0	0	0	0	
k__Bacteria;p__Proteobacteria;c__Alphaproteobacteria;o__Rhizobiales;f__Devosiaceae;g__Devosia	0	0	0	0	0	0	0	0	10	0	0	0	0	3	0	0	0	0	0	0	0	0	0	0	0	0	0	0	0	0	0	0	0	0	0	0	0	0	0	0	0	0	0	0	0	0	0	0	0	0	0	0	0	0	0	0	0	0	0	0	0	0	0	0	0	0	0	0	0	0	0	0	0	0	0	0	0	0	0	0	0	0	0	0	0	0	0	0	0	0	
k__Bacteria;p__Bacteroidota;c__Bacteroidia;o__Bacteroidales;f__;g__	0	0	0	0	0	0	0	0	0	0	10	0	0	0	0	0	0	0	0	0	0	0	0	0	0	0	0	0	0	0	0	0	0	0	0	0	0	0	0	0	0	0	0	0	0	0	0	0	0	0	0	0	0	0	0	0	0	0	0	0	0	0	0	0	0	0	0	0	0	0	0	0	0	0	0	0	0	0	0	0	0	0	0	0	0	0	0	0	0	0	
k__Bacteria;p__Firmicutes;c__Clostridia;o__Clostridiales;f__Clostridiaceae;g__Clostridium sensu stricto 7	0	0	0	0	0	0	0	0	9	0	0	0	0	0	0	0	0	0	0	0	0	0	0	0	0	0	0	0	0	0	0	0	0	0	0	0	0	0	0	0	0	0	0	0	0	0	0	0	0	0	0	0	0	0	0	0	0	0	0	0	0	0	0	0	0	0	0	0	0	0	0	0	0	0	0	0	0	0	0	0	0	0	0	0	0	0	0	0	0	0	
k__Bacteria;p__Bacteroidota;c__Bacteroidia;o__Flavobacteriales;f__;g__	0	0	0	0	0	0	0	0	0	0	4	0	0	0	0	0	0	0	0	0	4	0	0	0	0	0	0	0	0	0	0	0	0	0	0	0	0	0	0	0	0	0	0	0	0	0	0	0	0	0	0	0	0	0	0	0	0	0	0	0	0	0	0	0	0	0	0	0	0	0	0	0	0	0	0	0	0	0	0	0	0	0	0	0	0	0	0	0	0	0	
k__Bacteria;p__Firmicutes;c__Bacilli;o__Erysipelotrichales;f__Erysipelotrichaceae;g__Catenisphaera	0	0	0	0	0	0	0	0	0	0	0	0	0	0	0	0	0	0	0	0	2	0	0	0	0	0	0	0	0	0	0	0	0	0	0	0	0	0	0	0	0	0	0	0	0	0	0	0	0	0	0	0	0	0	0	0	0	0	0	0	0	0	0	0	0	0	0	0	0	0	0	0	0	0	0	0	0	0	0	0	0	0	0	0	0	0	0	0	0	0	
k__Bacteria;p__;c__;o__;f__;g__	0	7	0	0	0	0	0	0	6	2	0	0	0	0	0	0	0	0	0	0	3	0	0	0	0	0	0	0	0	0	0	0	0	0	0	0	0	0	0	0	0	0	0	0	0	0	0	0	0	0	0	0	0	0	0	0	0	0	0	0	0	0	0	0	0	0	0	0	0	0	0	0	0	0	0	0	0	0	0	0	0	0	0	0	0	0	0	0	0	0	
k__Bacteria;p__Proteobacteria;c__Gammaproteobacteria;o__Burkholderiales;f__Oxalobacteraceae;g__Oxalobacter	0	0	0	0	0	3	0	0	0	0	4	0	0	0	0	0	0	0	0	0	0	0	0	0	0	0	0	0	0	0	0	0	0	0	0	0	0	0	0	0	0	0	0	0	0	0	0	0	0	0	0	0	0	0	0	0	0	0	0	0	0	0	0	0	0	0	0	0	0	0	0	0	0	0	0	0	0	0	0	0	0	0	0	0	0	0	0	0	0	0	
k__Bacteria;p__Actinobacteriota;c__Actinobacteria;o__Micrococcales;f__Dermabacteraceae;g__Brachybacterium	0	0	0	0	0	0	0	0	7	0	0	0	0	0	0	0	0	0	0	0	0	0	0	0	0	0	0	0	0	0	0	0	0	0	0	0	0	0	0	0	0	0	0	0	0	0	0	0	0	0	0	0	0	0	0	0	0	0	0	0	0	0	0	0	0	0	0	0	0	0	0	0	0	0	0	0	0	0	0	0	0	0	0	0	0	0	0	0	0	0	
k__Bacteria;p__Firmicutes;c__Clostridia;o__Peptostreptococcales-Tissierellales;f__Peptostreptococcaceae;g__Peptostreptococcus	0	0	0	0	0	0	0	0	6	0	0	0	0	0	0	0	0	0	0	0	0	0	0	0	0	0	0	0	0	0	0	0	0	0	0	0	0	0	0	0	0	0	0	0	0	0	0	0	0	0	0	0	0	0	0	0	0	0	0	0	0	0	0	0	0	0	0	0	0	0	0	0	0	0	0	0	0	0	0	0	0	0	0	0	0	0	0	0	0	0	
k__Bacteria;p__Actinobacteriota;c__Thermoleophilia;o__Solirubrobacterales;f__Solirubrobacteraceae;g__Patulibacter	0	0	0	0	0	0	0	0	5	0	0	0	0	0	0	0	0	0	0	0	0	0	0	0	0	0	0	0	0	0	0	0	0	0	0	0	0	0	0	0	0	0	0	0	0	0	0	0	0	0	0	0	0	0	0	0	0	0	0	0	0	0	0	0	0	0	0	0	0	0	0	0	0	0	0	0	0	0	0	0	0	0	0	0	0	0	0	0	0	0	
k__Bacteria;p__Actinobacteriota;c__Actinobacteria;o__Propionibacteriales;f__Nocardioidaceae;g__Nocardioides	0	0	0	0	0	0	0	0	4	0	0	0	0	0	0	0	0	0	0	0	0	0	0	0	0	0	0	0	0	0	0	0	0	0	0	0	0	0	0	0	0	0	0	0	0	0	0	0	0	0	0	0	0	0	0	0	0	0	0	0	0	0	0	0	0	0	0	0	0	0	0	0	0	0	0	0	0	0	0	0	0	0	0	0	0	0	0	0	0	0	
k__Bacteria;p__Actinobacteriota;c__Actinobacteria;o__Micrococcales;f__Micrococcaceae;g__Kocuria	0	0	0	0	0	0	0	0	0	0	0	0	0	0	0	0	0	4	0	0	0	0	0	0	0	0	0	0	0	0	0	0	0	0	0	0	0	0	0	0	0	0	0	0	0	0	0	0	0	0	0	0	0	0	0	0	0	0	0	0	0	0	0	0	0	0	0	0	0	0	0	0	0	0	0	0	0	0	0	0	0	0	0	0	0	0	0	0	0	0	
k__Bacteria;p__Proteobacteria;c__Gammaproteobacteria;o__Burkholderiales;f__Comamonadaceae;g__Comamonas	0	3	0	0	0	0	0	0	0	0	0	0	0	0	0	0	0	0	0	0	0	0	0	0	0	0	0	0	0	0	0	0	0	0	0	0	0	0	0	0	0	0	0	0	0	0	0	0	0	0	0	0	0	0	0	0	0	0	0	0	0	0	0	0	0	0	0	0	0	0	0	0	0	0	0	0	0	0	0	0	0	0	0	0	0	0	0	0	0	0	
k__Bacteria;p__Actinobacteriota;c__Actinobacteria;o__Pseudonocardiales;f__Pseudonocardiaceae;g__Saccharopolyspora	0	0	0	0	0	0	0	0	3	0	0	0	0	0	0	0	0	0	0	0	0	0	0	0	0	0	0	0	0	0	0	0	0	0	0	0	0	0	0	0	0	0	0	0	0	0	0	0	0	0	0	0	0	0	0	0	0	0	0	0	0	0	0	0	0	0	0	0	0	0	0	0	0	0	0	0	0	0	0	0	0	0	0	0	0	0	0	0	0	0	
k__Bacteria;p__Proteobacteria;c__Gammaproteobacteria;o__Xanthomonadales;f__Xanthomonadaceae;g__Stenotrophomonas	0	0	0	0	0	0	0	0	3	0	0	0	0	0	0	0	0	0	0	0	0	0	0	0	0	0	0	0	0	0	0	0	0	0	0	0	0	0	0	0	0	0	0	0	0	0	0	0	0	0	0	0	0	0	0	0	0	0	0	0	0	0	0	0	0	0	0	0	0	0	0	0	0	0	0	0	0	0	0	0	0	0	0	0	0	0	0	0	0	0	
k__Bacteria;p__Firmicutes;c__Clostridia;o__Oscillospirales;f__;g__	0	0	0	0	0	0	0	0	0	0	3	0	0	0	0	0	0	0	0	0	0	0	0	0	0	0	0	0	0	0	0	0	0	0	0	0	0	0	0	0	0	0	0	0	0	0	0	0	0	0	0	0	0	0	0	0	0	0	0	0	0	0	0	0	0	0	0	0	0	0	0	0	0	0	0	0	0	0	0	0	0	0	0	0	0	0	0	0	0	0	
k__Bacteria;p__Firmicutes;c__Clostridia;o__Lachnospirales;f__Lachnospiraceae;g__UC5-1-2E3	0	0	2	0	0	0	0	0	0	0	0	0	0	0	0	0	0	0	0	0	0	0	0	0	0	0	0	0	0	0	0	0	0	0	0	0	0	0	0	0	0	0	0	0	0	0	0	0	0	0	0	0	0	0	0	0	0	0	0	0	0	0	0	0	0	0	0	0	0	0	0	0	0	0	0	0	0	0	0	0	0	0	0	0	0	0	0	0	0	0	
k__Bacteria;p__Firmicutes;c__Clostridia;o__Peptostreptococcales-Tissierellales;f__Family XI;g__Gallicola	0	0	0	0	0	0	2	0	0	0	0	0	0	0	0	0	0	0	0	0	0	0	0	0	0	0	0	0	0	0	0	0	0	0	0	0	0	0	0	0	0	0	0	0	0	0	0	0	0	0	0	0	0	0	0	0	0	0	0	0	0	0	0	0	0	0	0	0	0	0	0	0	0	0	0	0	0	0	0	0	0	0	0	0	0	0	0	0	0	0	
k__Bacteria;p__Firmicutes;c__Bacilli;o__Bacillales;f__Bacillaceae;g__Pseudogracilibacillus	0	0	0	0	0	0	0	2	0	0	0	0	0	0	0	0	0	0	0	0	0	0	0	0	0	0	0	0	0	0	0	0	0	0	0	0	0	0	0	0	0	0	0	0	0	0	0	0	0	0	0	0	0	0	0	0	0	0	0	0	0	0	0	0	0	0	0	0	0	0	0	0	0	0	0	0	0	0	0	0	0	0	0	0	0	0	0	0	0	0	
k__Bacteria;p__Firmicutes;c__Clostridia;o__Peptostreptococcales-Tissierellales;f__Family XI;g__W5053	0	0	0	0	0	0	0	0	2	0	0	0	0	0	0	0	0	0	0	0	0	0	0	0	0	0	0	0	0	0	0	0	0	0	0	0	0	0	0	0	0	0	0	0	0	0	0	0	0	0	0	0	0	0	0	0	0	0	0	0	0	0	0	0	0	0	0	0	0	0	0	0	0	0	0	0	0	0	0	0	0	0	0	0	0	0	0	0	0	0	
k__Bacteria;p__Actinobacteriota;c__Actinobacteria;o__Pseudonocardiales;f__Pseudonocardiaceae;g__	0	0	0	0	0	0	0	0	0	0	0	0	2	0	0	0	0	0	0	0	0	0	0	0	0	0	0	0	0	0	0	0	0	0	0	0	0	0	0	0	0	0	0	0	0	0	0	0	0	0	0	0	0	0	0	0	0	0	0	0	0	0	0	0	0	0	0	0	0	0	0	0	0	0	0	0	0	0	0	0	0	0	0	0	0	0	0	0	0	0	
k__Bacteria;p__Proteobacteria;c__Alphaproteobacteria;o__Rhizobiales;f__Xanthobacteraceae;g__Xanthobacter	0	0	0	0	0	0	0	0	0	0	0	0	0	0	0	0	2	0	0	0	0	0	0	0	0	0	0	0	0	0	0	0	0	0	0	0	0	0	0	0	0	0	0	0	0	0	0	0	0	0	0	0	0	0	0	0	0	0	0	0	0	0	0	0	0	0	0	0	0	0	0	0	0	0	0	0	0	0	0	0	0	0	0	0	0	0	0	0	0	0	
k__Bacteria;p__Actinobacteriota;c__Actinobacteria;o__Micrococcales;f__Micrococcaceae;g__Rothia	0	0	0	0	0	0	0	0	0	0	0	0	0	0	0	0	0	0	0	0	0	0	0	0	0	0	2	0	0	0	0	0	0	0	0	0	0	0	0	0	0	0	0	0	0	0	0	0	0	0	0	0	0	0	0	0	0	0	0	0	0	0	0	0	0	0	0	0	0	0	0	0	0	0	0	0	0	0	0	0	0	0	0	0	0	0	0	0	0	0	
